place_id,name,type,street,city,gmina_aglomeracja,rating,reviews,phone,website,photo,lat,lon,flag,queries,batch_first_seen,organizuje_urodziny,kategoria_glowna,podkategoria,pogoda,zrodlo_wydarzen,strefa,odleglosc_km,sekcja,dyscyplina,opis
ChIJO7oZNg9FFkcRX7rOZJPVyOo,Ale Frajda Sala Zabaw,Children's amusement center,Osiedle Teatralne 10,Kraków,Kraków,4.7,492,+48 519 527 194,https://www.alefrajda.pl/,https://lh3.googleusercontent.com/grass-cs/ACvplmPdDrYv95hhlG5QJf_M1CYA7EkWKdLvSR3b2LAXsw600blrxiRvF3TSWaNK3r_Kxs2xL-m0efCXQGBOiymSuxz2PY9tfjIqMf1woVTky4i_SkWPaEhhS_FVMbQgbxQL7F_MEMdlng=w800-h500-k-no,50.0783004,20.0303941,,"sala zabaw dla dzieci, Kraków, muzeum, K...; małpi gaj, Kraków; sala zabaw, Kraków",1,,Pod dachem,Sala zabaw,w środku,,Kraków i okolice,6.9,z-marszu,,
ChIJuaK_fzZbFkcRmclD8ytAsuE,Pixel Planet Kraków,Children's amusement center,Rynek Główny 30,Kraków,Kraków,4.9,4119,+48 731 891 994,https://pixelplanet.pl/%3Futm_source%3Dgooglebusinessprofile%26utm_medium%3Dorganic%26utm_campaign%3Dtest,https://lh3.googleusercontent.com/grass-cs/ACvplmNmidSbyUYJyhgpUggaw1owGc75wTXHoZLj8Xdqk4aMWT102usOy_qa4K7A8GtpDH6VxPGbqjf75aNmgI7QAGo4mFbQzUSjSEmSlv0a_MgVRXwkSvIWfpHh-bq2hO2YS0PWjfSx=w800-h500-k-no,50.06196,19.935768,,"plac zabaw, Kraków; plac zabaw kryty, Kraków; sala zabaw, Kraków",1,,Pod dachem,Sala zabaw,w środku,,Kraków i okolice,0.1,z-marszu,,
ChIJlz8-KfxbFkcRxSAJwYCd5P0,Kawiarnia z bawialnią Husiu LODY,Children's amusement center,"Osiedle Park Grzegórzki, Pułkownika Francesco Nullo 28/lu2",Kraków,Kraków,4.9,175,+48 660 522 683,https://www.instagram.com/bawialnia.husiu.kawiarnia/,https://lh3.googleusercontent.com/grass-cs/ACvplmMiMAiCwZSYn5ktYRwZc2em9V6XXvhV0Q1ybrY_HxA1BM7pkg3__svCCrmVtVVqAt-Y6qx8TIEc-PD4HbDaOD70x8Ykl_BexqsGKjX9d_ffHfGJzGPuwvPJ07OR42qIwYKW-89lwuDCL8A=w800-h500-k-no,50.06436129999999,19.9667238,,"małpi gaj, Kraków; kawiarnia z kącikiem zabaw, Kraków; sala zabaw, Kraków",1,,Pod dachem,Sala zabaw,w środku,,Kraków i okolice,2.1,z-marszu,,
ChIJVZ8vNgBbFkcRMbJv2re4KnE,Kawiarnia - bawialnia HOPS,Children's amusement center,Jerozolimska 2B/LU1,Kraków,Kraków,4.9,113,+48 572 458 685,https://bawialniahops.oos.pl/,https://lh3.googleusercontent.com/grass-cs/ACvplmP-pjh8W8iU5F9N-2TY52F7QAARu8QPcQVdrs774Sm2gC7BpuJKALQcmGoDWvJa3n2F5E5GmkFls9J7sSQUHyuwEf6pF0MGVH6tBJevVrd6klLyuDG23-m7Nmyd2IZeE9o402gE=w800-h500-k-no,50.0358783,19.9672487,,"kawiarnia tematyczna, Kraków; plac zabaw kryty, Kraków; gordonki, Kraków; sala zabaw, Kraków",1,,Pod dachem,Sala zabaw,w środku,,Kraków i okolice,3.6,z-marszu,,
ChIJW6Scgc9bFkcRf15hQVwyzfU,La Familia Bawialnia i Kawiarnia,Coffee shop,Aleja Pokoju 33/U2,Kraków,Kraków,4.9,108,+48 606 288 678,,https://lh3.googleusercontent.com/grass-cs/ACvplmPyeYj4w4sUBf5YWvcAwzelgRRQGXbC5WwOZ5DU4BJevGsfcD7DbojKsL-m-8kS6nbQCptxH2aKbFsqp_6dez8dyDWUYFAG6992rQZSYJDpx9OVckhW4eaJkYeQMhfTRnme27LH8MVWgGhq=w800-h500-k-no,50.0587977,19.9758061,,"małpi gaj, Kraków; kawiarnia z kącikiem zabaw, Kraków; sala zabaw, Kraków",1,,Pod dachem,Sala zabaw,w środku,,Kraków i okolice,2.8,z-marszu,,
ChIJtcREOJpbFkcRQtwHTxtW7Ps,Pestki niebawialnia,Children's amusement center,Generała Józefa Sowińskiego 2/5,Kraków,Kraków,5,35,+48 501 587 473,https://pestkikrakow.com/,https://lh3.googleusercontent.com/grass-cs/ACvplmNy0mEpuPVS89ApVKb85_YpZSFxHovZR_LETo9VFq4_56R5OCt6kkuyLs9IlEpJ5noC-STaYmXpjPldIP6LMPgM0OYyZhtmWQaJHzfIxgay33U2fJFP1c0AJRb33ZYv3s_34gTKYA=w800-h500-k-no,50.0708286,19.9644337,,"kawiarnia z placem zabaw, Kraków; plac zabaw kryty, Kraków; sala zabaw, Kraków; plac zabaw, Kraków; zajęcia mama i dziecko, Kraków",1,,Pod dachem,Sala zabaw,w środku,,Kraków i okolice,2.2,z-marszu,,
ChIJ-SquBzpFFkcRh8PcLmIjKHA,Crazy Owl – sala zabaw,Children's amusement center,Marii Dąbrowskiej 17/65,Kraków,Kraków,4.7,872,+48 576 374 119,https://crazysowka.online/,https://lh3.googleusercontent.com/grass-cs/ACvplmOxFlR1JeZAiXpP-hd9xHtRPugqAMMRE8sXdRiTTbYGsvcbE0pFD_j82sKHrz-LCuFjLxvep_YGHQUEBc7aNWFkZigzj-nLI728_Gt-fBjlwAs7bYDv-_ty5I-TXHewtZB6yxY=w800-h500-k-no,50.0792101,20.0160785,,"sala zabaw dla dzieci, Kraków, muzeum, K...; małpi gaj, Kraków; sala zabaw, Kraków",1,,Pod dachem,Sala zabaw,w środku,,Kraków i okolice,6.0,z-marszu,,
ChIJw9l7b1ZaFkcRy2FT-P5Fptk,Akukuu – Centrum Zabaw,Children's amusement center,"Bratysławska 4, Budynek Kaufland",Kraków,Kraków,4.4,1099,+48 661 776 420,https://akukuu.pl/,https://lh3.googleusercontent.com/grass-cs/ACvplmM4K2HCsd5buNLW0oVEyo0YY1dRZJoQ3-aZzW5e6C1Ri0gpWnFujJVzhANIKM6hdVbTPP_n-jPEKMZgVRz12n2RmvT8LpqNcln6tWqYdSjZ98JSz-QP8bZRXmxi9mtwS5amh7yV=w800-h500-k-no,50.0843378,19.9355646,,"basen dla dzieci, Kraków; kawiarnia z kącikiem zabaw, Kraków; sala zabaw, Kraków; sala zabaw dla dzieci, Kraków, muzeum, K...; plac zabaw, Kraków; małpi gaj, Kraków; zajęcia mama i dziecko, Kraków",1,,Pod dachem,Sala zabaw,w środku,,Kraków i okolice,2.5,z-marszu,,
ChIJO5PTClBbFkcRDRrq7gjza1E,Małe Miasto Wielka Wyobraźnia,Children's amusement center,Wileńska 4,Kraków,Kraków,4.9,197,+48 600 562 402,http://www.mmww.com.pl/,https://lh3.googleusercontent.com/grass-cs/ACvplmMhrMoqjc44RspO0G3NVcBxKGZ_ihPb8jsWwGFXmbGP827_Ln8cehhwcdt_Qeo3JuzVMYCXaRdeiBevPOoPm9CYnvI_q-NaOfB8UyTSjpc3NPGbh3fr4e12ctSJsxngfDjpzxRW=w800-h500-k-no,50.0829533,19.9534689,,"gordonki, Kraków; sala zabaw, Kraków; sala zabaw dla dzieci, Kraków, muzeum, K...; plac zabaw, Kraków; małpi gaj, Kraków",1,,Pod dachem,Sala zabaw,w środku,,Kraków i okolice,2.6,z-marszu,,
ChIJjYGOwmlbFkcRGN_5EYh2y6I,Miasteczko Dzieci,Children's amusement center,Osiedle Złotego Wieku 19-20,Kraków,Kraków,4.8,445,+48 606 134 488,https://miasteczko-dzieci.pl/,https://lh3.googleusercontent.com/grass-cs/ACvplmNvhD6BRaYuIney4JZDQWR2rO6LE2Dl8hMMxQYg5rz3iQKJR9wQiMf50KNaOHKfdBHB0pb6bWk03itTmJZo9xd6r4sV-2H3PsFuTv9424r_wpNHxOW6z-o5FgbavoNBMTT6OnDIOg=w800-h500-k-no,50.0945311,20.0025308,,"basen dla dzieci, Kraków; kawiarnia z kącikiem zabaw, Kraków; sala zabaw, Kraków; sala zabaw dla dzieci, Kraków, muzeum, K...; małpi gaj, Kraków",1,,Pod dachem,Sala zabaw,w środku,,Kraków i okolice,5.9,z-marszu,,
ChIJLR2XJstbFkcR3VXiQuAtUdg,Bejbiczino kawiarnio - bawialnia,Children's amusement center,Wrocławska 53A/53B U 9,Kraków,Kraków,4.6,94,+48 576 755 690,https://www.bejbiczino.com.pl/,https://lh3.googleusercontent.com/grass-cs/ACvplmNyC-iMHHY94rThd_y8lvAbcZFoDyPX8uhs10zFoXXzKm8BK7OfpbH3f2CyGERWcusFhqPcF-TDTmSwFH3FlvAI36owVV1brYJVFPD8lA7m9VNAP2S4mrtq6zQKQXPtHeYozo9z7g=w800-h500-k-no,50.0796793,19.9240698,,"zajęcia mama i dziecko, Kraków; kawiarnia z kącikiem zabaw, Kraków; sala zabaw, Kraków",1,,Pod dachem,Sala zabaw,w środku,,Kraków i okolice,2.2,z-marszu,,
ChIJPSUhUjZbFkcRS0X3h9LCXtM,Smart Kids Planet - Krakowskie Centrum Mądrej Zabawy,Children's amusement center,Podgórska 34,Kraków,Kraków,4.8,1252,+48 12 307 20 10,https://www.smartkidsplanet.pl/,https://lh3.googleusercontent.com/grass-cs/ACvplmMjP0yY4KsT6KHPzKddJXriRBAZ923gaDiNekyvuxmrjQBOCa4sJoJsBSjUj0RemnNmHED84RRWs9-g8f0AW8PtAeO_UdKkjFWcTTuOwszXejJAPSZZ1RnqfAxsGWvHiRFYCxjpS0dQnnyM=w800-h500-k-no,50.0526242,19.9562812,,"kawiarnia z kącikiem zabaw, Kraków; sala zabaw, Kraków; sala zabaw dla dzieci, Kraków, muzeum, K...; małpi gaj, Kraków; zajęcia mama i dziecko, Kraków",1,,Pod dachem,Sala zabaw,w środku,,Kraków i okolice,1.7,z-marszu,,
ChIJJWotUX1bFkcRH2Lba5D4quQ,Sala Zabaw Ampa Park Bronowice,Children's amusement center,Stawowa 119,Kraków,Kraków,4.9,1155,+48 506 693 649,https://www.ampapark.pl/bronowice,https://lh3.googleusercontent.com/grass-cs/ACvplmOaYs6iCHAZpSO-1Cjt0QkOst9u5GwHDdSEUp4TMKktwrKDcQIVVQB9F1nYJ-JxiDT99aLuV_Rp1QnUtbz2HmFg5_qQMEecx7YjBmbABlwYVb6ekW1BQvugE58lg8HYnQUM0RyVfA=w800-h500-k-no,50.0941216,19.8908012,,"małpi gaj, Kraków; sala zabaw, Kraków",1,,Pod dachem,Sala zabaw,w środku,,Kraków i okolice,4.9,z-marszu,,
ChIJpQR3SCVbFkcRzL4TPSzWoHU,Klub Fikołki,Children's club,Stawowa 61,Kraków,Kraków,4.6,135,+48 500 200 200,https://fikolki.pl/galeria-bronowice-krakow/,https://lh3.googleusercontent.com/grass-cs/ACvplmNTQ2E9QKtiAtDSmBC3LlFRlCoRJtXVFxY7mNa1TgRb36NCDcRPuzJYKh-gUV_qNMCZtX4JhJ6Gw1ZbLs4iwS34e9WqXP4SNFmsvfHkAWJEdKnwwEVtjEoA0QzsaNUWTwMDg7lL2qeX8vmz=w800-h500-k-no,50.0924033,19.8979696,,"klub malucha, Kraków; sala zabaw, Kraków",1,,Pod dachem,Sala zabaw,w środku,,Kraków i okolice,4.4,z-marszu,,
ChIJIeywJ-1FFkcR3bjlxm4Nn7E,Jeszcze 2 minutki,Children's amusement center,Seweryna Goszczyńskiego 3/LU2,Kraków,Kraków,4.9,217,+48 721 730 135,https://jeszcze2minutki.pl/,https://lh3.googleusercontent.com/grass-cs/ACvplmMjOy7QW-TBgkERwN71_tzSN5NddIYfq11pwBT0m6slYYDR2xX1Ok2mhMVW3RYPUtaHJ9XrBLHy2kUOgDzJ9WPNCHwSdO5KCTieGZq9YKWs_Mv8TKPblYVmvCmx6j61U1tTeM2M=w800-h500-k-no,50.0396201,19.9851153,,"kawiarnia z kącikiem zabaw, Kraków; sala zabaw, Kraków",1,,Pod dachem,Sala zabaw,w środku,,Kraków i okolice,4.2,z-marszu,,
ChIJGdYVcMpbFkcRM4sR26r-O3c,"Bullerbyn - bawialnia z ogrodem 11ar, kawiarnia, sala zabaw, zajęcia i warsztaty dla dzieci, organizacja urodzin",Children's amusement center,Zagrody 19,Kraków,Kraków,4.9,66,+48 532 686 696,http://www.bullerbyn-krakow.pl/,https://lh3.googleusercontent.com/grass-cs/ACvplmMxvPnN1QVnVmJ-w5LCXe2-dnx9OLQHegrZpoTgz_IGq71kMrFL2iJG5Xme0QbiBnwB7xpdZMcbU8OetpwDCNetDzh7ohLIj5ODkf6CU4ubyJsEe6AIdRhPD8w8C_Hbfi19MNyXLmdOA7i3=w800-h500-k-no,50.0492438,19.9239479,,"zajęcia umuzykalniające dla dzieci, Krak...; małpi gaj, Kraków; kawiarnia z kącikiem zabaw, Kraków; sala zabaw, Kraków",1,tak,Pod dachem,Sala zabaw,w środku,,Kraków i okolice,1.7,z-marszu,,
ChIJ6y2gwNVdFkcRxY63f0Hfh_4,Bawiarenka,Children's amusement center,Szuwarowa 1,Kraków,Kraków,4.8,96,,,https://lh3.googleusercontent.com/grass-cs/ACvplmNxjyQHI1jzD7t9d6eyp2kSwoY9cmVANhzKeJeNnvLnr2ufD2H_HIHTA8LZsa_TMODoYHxA0xsDZUziAV3gHw8UNnzMhVW8L9r1sMOYSCsPbfSXnL4tYJnW5JX-52E6Dp0bA__L=w800-h500-k-no,50.0186179,19.9055201,,"gordonki, Kraków; małpi gaj, Kraków; kawiarnia z kącikiem zabaw, Kraków; sala zabaw, Kraków",1,,Pod dachem,Sala zabaw,w środku,,Kraków i okolice,5.3,z-marszu,,
ChIJIwomHNdaFkcRDpD18ByLgvo,Anikino Kraina Zabaw Dziecięcych,Children's amusement center,Nieduża 4,Kraków,Kraków,4.5,968,+48 601 959 351,http://www.anikino.pl/,https://lh3.googleusercontent.com/grass-cs/ACvplmPsl32K6egcArTrkksseG5rvzjlTKY9gkuc7u74McGoaLaYdYSYE8adMDYfZ9oqhzIUnMeS7Rw2rclTyXpTxMtWGQbkIuxZ_IySKnLa2DjNaj7pao4uH8DiPtwbM9-of2ylL0dgxkiA4Cs=w800-h500-k-no,50.07330959999999,19.982981,,"basen dla dzieci, Kraków; kraina zabawy, Kraków; sala zabaw, Kraków",1,,Pod dachem,Sala zabaw,w środku,,Kraków i okolice,3.5,z-marszu,,
ChIJx8S9fgJdFkcRJMEmR7w8490,Smok Fałęcki - Sala zabaw i Park trampolin,Children's amusement center,Półłanki 29g,Kraków,Kraków,4.8,340,+48 572 008 803,https://www.smokfalecki.pl/,https://lh3.googleusercontent.com/grass-cs/ACvplmO0ukr060R_QJrwL_o3lkY9IzJPsjNGwMSBrfAww8VsgIu7XJ-bFHil0zU7gDhzPAQEGPnN-f-vxxosLxV_SHw8ckLlBinw3DY8hSvqA4Q2zaBlUl7nxy5IG3ulhsZJbij7_tnhow=w800-h500-k-no,50.0297576,20.0395879,,"sala zabaw dla dzieci, Kraków, muzeum, K...; małpi gaj, Kraków; sala zabaw, Kraków",1,,Pod dachem,Sala zabaw,w środku,,Kraków i okolice,8.1,z-marszu,,
ChIJeV03suVbFkcRM2w29-8gRhg,Bawialnia Kawiarnia KROPKA,Children's amusement center,Wrocławska 53M/LU3,Kraków,Kraków,4.8,101,+48 600 644 269,https://bawialnia.kropka-krakow.pl/,https://lh3.googleusercontent.com/grass-cs/ACvplmO4hx7LfW_y1utYTI_2hOwYX-xmghJBij6NevOhcc6rJepIaELAZUTSHCqdkvQ_nzhy43wU00iDHYnc6dAg_VkvouYUa13U0EryCqxgNyVxfrfqAcq6DRJFfBXcxseokeNI1CiLNnvcwhU=w800-h500-k-no,50.0813223,19.9217761,,"gordonki, Kraków; małpi gaj, Kraków; kawiarnia z kącikiem zabaw, Kraków; sala zabaw, Kraków",1,,Pod dachem,Sala zabaw,w środku,,Kraków i okolice,2.4,z-marszu,,
ChIJ-0rFzsxFFkcRYPv9eEm-MbE,"Sala Zabaw Ampa Park Centralna 600m² atrakcji, trampoliny, tyrolka, boisko, urodziny dla dzieci",Children's amusement center,Centralna 41a,Kraków,Kraków,4.7,1118,+48 535 000 044,https://www.ampapark.pl/,https://lh3.googleusercontent.com/gps-cs-s/AHRPTWnogT8tv6YFoCQxpUuYkXjzEuJb_8jrujUJN4jDMtdXVVdPG7RX7hpHp_nF-xHqhJm7GxTfIW6hEJg8WIqEdBr6ML6sFqhFgNnHjB1bbld405jj3qzyxg4AOY_UCOYM63uXiIze=w800-h500-k-no,50.0677159,20.0146604,,"kawiarnia z placem zabaw, Kraków; basen dla dzieci, Kraków; sala zabaw, Kraków; sala zabaw dla dzieci, Kraków, muzeum, K...; plac zabaw, Kraków; małpi gaj, Kraków",1,tak,Pod dachem,Sala zabaw,w środku,,Kraków i okolice,5.6,z-marszu,,
ChIJx8mTZzhaFkcRNLrBrbe-ziA,Kinder Planet - Sala zabaw wyłącznie na urodziny dla dzieci,Children's amusement center,Jordanowska 15,Kraków,Kraków,4.6,172,+48 609 429 111,https://kinderplanet.com.pl/,https://lh3.googleusercontent.com/gps-cs-s/AHRPTWnsPurnv47D5wuM_o6w5JtmTRirOqbbaN1z3nRr0ZDtJ7mhk0y5tjj7CF3tRBbOzHp0nFID-YfE4fMW3BJgndflQPj49rlbwn5yQ5GhOPGXlEJrG0Ujn4kEZ-4FFmtXMkiFIUyd3w=w800-h500-k-no,50.09504219999999,19.9123473,,"sala zabaw dla dzieci, Kraków, muzeum, K...; małpi gaj, Kraków; sala zabaw, Kraków",1,tak,Pod dachem,Sala zabaw,w środku,,Kraków i okolice,4.1,z-marszu,,
ChIJ11QFCkFbFkcR7LZEDDAVW5U,Akukuu Centrum Zabaw Wola,Children's amusement center,Koło Strzelnicy 5,Kraków,Kraków,4.7,141,+48 665 253 525,http://www.akukuu.pl/,https://lh3.googleusercontent.com/gps-cs-s/AHRPTWnCaZOjQNmEaA3C0rZbPVpnp-LUnPbsMVS7diigIIKtSX6n_435J6bf8YrSxZzuKorsKVkFJ1NRInL0KJ2enQT_sk3RF-D-CQz_OhD-pphknnCiL8OOQgCN8rdJqt6CivjXDWjeltXI76c=w800-h500-k-no,50.0629925,19.8812356,,"sala zabaw dla dzieci, Kraków, muzeum, K...; małpi gaj, Kraków; sala zabaw, Kraków",1,,Pod dachem,Sala zabaw,w środku,,Kraków i okolice,4.0,z-marszu,,
ChIJz8F7GtpbFkcRoY4hSoegYMI,Klub Fikołki,Children's amusement center,Podgórska 34,Kraków,Kraków,4.2,211,+48 500 200 200,http://www.fikolki.pl/,https://lh3.googleusercontent.com/gps-cs-s/AHRPTWk7mCYCc3Xi4WL9hUEnncNgdGQC7iWZcNhv8I3mWfWmldybLT6LIq3vY1CccLHRejzUQuXaV1iZZs7BpcWlgWTLDDC1yo5TIH6HCF_mLLD8Q5DtQw1UR5xfCjIdJ7ggJhm6vtKJ=w800-h500-k-no,50.0535588,19.954899,,"kawiarnia z placem zabaw, Kraków; zajęcia dla niemowląt, Kraków; klub sportowy dla dzieci, Kraków; sala zabaw, Kraków; sala zabaw dla dzieci, Kraków, muzeum, K...; plac zabaw, Kraków; małpi gaj, Kraków",1,,Pod dachem,Sala zabaw,w środku,,Kraków i okolice,1.5,z-marszu,,
ChIJBU4tLCtaFkcRT0YZawLmqEo,MiniŚwiat - Bronowice,Children's amusement center,"ul, Władysława Żeleńskiego 3",Kraków,Kraków,4.9,363,+48 575 898 137,http://miniswiat.pl/,https://lh3.googleusercontent.com/gps-cs-s/AHRPTWlAk7NTWrT2kbUu9HRnyiGNohPWbLEW-u3-vgah7mzIRYwOjnwZTknFROwxOev0j3Kw6astiw-ZwvLREdL1cBbtpGvKZez30QPfWoWYJfxnsTYck_MCGBE8XnIVd1FN_ROxo_ySjQ=w800-h500-k-no,50.0880081,19.8815882,,"małpi gaj, Kraków; kawiarnia z kącikiem zabaw, Kraków; sala zabaw, Kraków",1,,Pod dachem,Sala zabaw,w środku,,Kraków i okolice,4.9,z-marszu,,
ChIJoXD2PgpdFkcRFk4alzs5my4,Zakątek Zabawy Rekreacja i Edukacja,Children's amusement center,Zawiła 65e,Kraków,Kraków,4.7,132,+48 666 684 660,https://zakatekzabawy.pl/,https://lh3.googleusercontent.com/gps-cs-s/AHRPTWm4l0NHpvPP5mQWwZNHKOW3VcHpDhool9-dFHQX99xXu57wzoxci-VogcAN_ye1cCkTRpshNLvwllfyLNLIX9yRHnUGhdlPtZTKTjzRJxOUJRlxwzyBHCasrY0MQ09Iadtoj0jOGjEN2iU=w800-h500-k-no,50.0092909,19.8992691,,"sala zabaw dla dzieci, Kraków, muzeum, K...; małpi gaj, Kraków; zajęcia mama i dziecko, Kraków; sala zabaw, Kraków",1,,Pod dachem,Sala zabaw,w środku,,Kraków i okolice,6.4,z-marszu,,
ChIJX9UJjyNbFkcREu7dGPMorII,Kawa i zabawa - Kreatywny świat dziecka,Children's amusement center,Rusznikarska 14A,Kraków,Kraków,4.8,130,+48 504 538 620,http://www.kawaizabawa.pl/,https://lh3.googleusercontent.com/gps-cs-s/AHRPTWnriMOgFEH1uhDgD99vL3sc5tgqeWncjoQeFAmaeTMZ2dEI-yXOYYvoYCjb0nRlV07FjqhWfBtMM7j-gDd3aMdEXZKdcKsFWCGrSd3vTIAHNIk41UfluGCN8pvHgU38I0m-EihW=w800-h500-k-no,50.0868797,19.9257664,,"kawiarnia tematyczna, Kraków; kawiarnia z placem zabaw, Kraków, kawiar...; sala zabaw, Kraków; sala zabaw dla dzieci, Kraków, muzeum, K...; plac zabaw, Kraków; małpi gaj, Kraków; zajęcia mama i dziecko, Kraków",1,,Pod dachem,Sala zabaw,w środku,,Kraków i okolice,2.9,z-marszu,,
ChIJCZp5RqxFFkcRmuVlKwF_IrQ,TuTa - Bawialnia i Kawiarnia,Children's amusement center,Lipska 6,Kraków,Kraków,4.7,256,+48 604 983 591,https://tuta.org.pl/,https://lh3.googleusercontent.com/gps-cs-s/AHRPTWkHZePOOsB59bfXRaK0q1xkbp2rBjqShVMDfjU6N4JcVJoJNXGmTD-cSDVfADN0zaeMr4sjSWRX4S6Srwkq1qwW_s3oA9TMNdhltQQywYEst3R9E-9hkcfVIXSnrwxwKHVYlAEW=w800-h500-k-no,50.040276,19.9861538,,"kawiarnia z placem zabaw, Kraków, kawiar...; sala zabaw, Kraków; kawiarnia tematyczna, Kraków; małpi gaj, Kraków; zajęcia mama i dziecko, Kraków",1,,Pod dachem,Sala zabaw,w środku,,Kraków i okolice,4.2,z-marszu,,
ChIJI4UwQmRbFkcREQXST0gKOG0,"PATAJEK - Sala zabaw, urodziny dla dzieci, imprezy dla dzieci",Children's amusement center,Osiedle Bohaterów Września 39,Kraków,Kraków,4.9,119,+48 790 722 711,https://patajek.pl/,https://lh3.googleusercontent.com/gps-cs-s/AHRPTWmAF6ldBOLlr-mDbispXZU2PXtMXdA2TqkhcgLKnkdPfmoCcbO7u4myo-EYKBoKl5EM8xdXf969y6axioNroANwswzw0YisuP4BdrSoXzxsptGV5eDPLwkJyG4pM4sbHYbPYJtygzWUI8A=w800-h500-k-no,50.0989782,20.0099839,,"małpi gaj, Kraków; kawiarnia z kącikiem zabaw, Kraków; sala zabaw, Kraków",1,tak,Pod dachem,Sala zabaw,w środku,,Kraków i okolice,6.6,z-marszu,,
ChIJXQjD73FdFkcR2NuMVs9uP6w,Klub Fikołki,Children's amusement center,Henryka Kamieńskiego 11,Kraków,Kraków,4.2,605,+48 500 200 200,http://www.fikolki.pl/,https://lh3.googleusercontent.com/gps-cs-s/AHRPTWkGMwO5gEk7aby1fbCL3m4WMwDqa7J_sTze3amVWlkSOd8XF17QDIH94Hd1KMvfgzSrrOU0T3UxihK7ufCW6lp22c6cWkxMzaWkcdEM8EsIE5wkpsnPplLR3lWpWK2Rxx27gvKFDg=w800-h500-k-no,50.0270406,19.9510589,,"kawiarnia dla dzieci, Kraków; małpi gaj, Kraków; zajęcia dla niemowląt, Kraków; sala zabaw, Kraków",1,,Pod dachem,Sala zabaw,w środku,,Kraków i okolice,4.0,z-marszu,,
ChIJ5TfGiRpbFkcRhIA06UhSHaE,Sala Zabaw Kulkowo,Children's amusement center,ul. Pawia 5,Kraków,Kraków,4,152,+48 502 382 825,http://www.kulkowo.com/,https://lh3.googleusercontent.com/gps-cs-s/AHRPTWn2qnRiaJMLJ54OnabOmdQmUQmUuImCooQHd-I3WuwnLuMU6jyhaS1yw1k9KsMQq-kZDhfXJL1iCYtmXa_tF7PBjn0rTUVuK7VwhHIXEaZrL6RxfEzaT721cNkuCcx_mlNyZb9kfE9GKWqi=w800-h500-k-no,50.0667542,19.9455671,,"basen dla dzieci, Kraków; kawiarnia dla dzieci, Kraków; sala zabaw, Kraków; sala zabaw dla dzieci, Kraków, muzeum, K...; plac zabaw, Kraków; małpi gaj, Kraków",1,,Pod dachem,Sala zabaw,w środku,,Kraków i okolice,0.8,z-marszu,,
ChIJ0U468bxbFkcR166i131FV9g,Pixel XL,Amusement center,Lubicz 17a,Kraków,Kraków,4.9,1219,+48 22 307 26 72,https://pixel-xl.com/krakow,https://lh3.googleusercontent.com/gps-cs-s/AHRPTWlNXQCtHykR7hr_hPD_W92hJqr7FCPE6KQQ3fSRCg6368fuLS-_lMBsJcbVRPy0pZNXv42_Knw06hWJPy6R2UEcdo8tzKsvsIWcJ9snGEDGSf43bei6ETdOY5DRUkfIRre6BnEVBw2qx5s3=w800-h500-k-no,50.0642423,19.9490455,,"plac zabaw, Kraków; laser tag, Kraków; sala zabaw, Kraków",1,,Pod dachem,Sala zabaw,w środku,,Kraków i okolice,0.9,z-marszu,,
ChIJA0MAx6lbFkcRZ24AeuS0REw,Bawialnia M. w stylu Montessori,Family day care service,Kościelna 3,Kraków,Kraków,4.9,39,+48 579 906 908,https://www.instagram.com/bawialniam/,https://lh3.googleusercontent.com/gps-cs-s/AHRPTWlMbnIJXJUZfPina5jTcxL2UU6C8rpJquTzsXa1OxBwXQujdYm32RcXQm4VFjyS6AInMcWh3TauXjzKIeZx0mJz0bBLOUD9jqDIYz4ANDrny76i_6FxHMd5zfcLXzXbaQaAq1Rg=w800-h500-k-no,50.0722039,19.9280063,,"małpi gaj, Kraków; zajęcia mama i dziecko, Kraków; sala zabaw, Kraków",1,,Pod dachem,Sala zabaw,w środku,,Kraków i okolice,1.3,z-marszu,,
ChIJVydkGZtFFkcRoX9cxe-kS-E,MiniŚwiat Bieżanów,Children's amusement center,"ul, Księdza Jerzego Popiełuszki 7",Kraków,Kraków,4.9,225,+48 663 851 058,http://www.miniswiat.pl/,https://lh3.googleusercontent.com/gps-cs-s/AHRPTWnJyIX1gl3hPjrF9ZthdWKfGg2O3c1JPBT_JAQsdpz_fkdAX2K8-auQPDatB-xnzai1WVypqbdURDNy4PCJst2mhmfttDlgRa2HWv1nz-SBdP5PIHtTC8EugXiHpo8dE2fGLF9xBQ=w800-h500-k-no,50.0175905,20.0353283,,"sala zabaw, Kraków",1,,Pod dachem,Sala zabaw,w środku,,Kraków i okolice,8.5,z-marszu,,
ChIJB_lDSVhFFkcRwznXRGFeEGI,"Sala Zabaw Ampa Park Wieliczka 1000m² atrakcji, trampoliny, airbag, pontony, urodziny dla dzieci",Children's amusement center,Józefa Jedynaka 4,Wieliczka,Wieliczka,4.8,998,+48 535 270 045,https://www.ampapark.pl/,https://lh3.googleusercontent.com/gps-cs-s/AHRPTWkI3AyBMMBVVdfg9D154MQl179ST3BI6sCobA75LAlQf-ukelB7f_suQXekjphhyX67woz3UWGK1toAF1sdBnKZTnxb9P5SimaDorT7C-muCCzuGAlCkZQeQ-QDapYyKcVTLNoh=w800-h500-k-no,49.9861935,20.0433439,,"małpi gaj, Kraków; sala zabaw, Kraków",1,tak,Pod dachem,Sala zabaw,w środku,,Kraków i okolice,11.3,z-marszu,,
ChIJk9KgsxJbFkcRiG2iLS5kEtI,Plac zabaw – Kanonicza 13A,Playground,Kanonicza 13A,Kraków,Kraków,4.6,466,,https://zzm.krakow.pl/,https://lh3.googleusercontent.com/gps-cs-s/AHRPTWkahSx6y8nTyUgujZa0S0rVbQYHkN9MKKCG0PMnVZEX3wZOxPrUzKpTOI3diDzLlriwlbx39z3ZNos6AyrN43_9ZDS0vUv77_nGNZx835p-ORz5q-HztPw-3OA47DuINQWqNm8DBQyXaxo=w800-h500-k-no,50.0567941,19.93591,,"plac zabaw, Kraków; plac zabaw kryty, Kraków; sala zabaw, Kraków",1,,Plener,Plac zabaw,na dworze,,Kraków i okolice,0.6,z-marszu,,
ChIJ391tOEdbFkcREnbSmFb0tmE,Sala Zabaw Kraków KIDS ROOM,Tourist attraction,Floriańska 6,Kraków,Kraków,2.6,7,+48 888 776 555,https://houseofattractions.club/sala-zabaw-kids-room/,https://streetviewpixels-pa.googleapis.com/v1/thumbnail?panoid=xqL8RIjtZxr7Z8m6qkU7YQ&cb_client=search.gws-prod.gps&w=800&h=500&yaw=303.3633&pitch=0&thumbfov=100,50.0625691,19.9390758,,"sala zabaw dla dzieci, Kraków, muzeum, K...; sala zabaw, Kraków",1,,Pod dachem,Sala zabaw,w środku,,Kraków i okolice,0.2,z-marszu,,
ChIJp0x1rkBbFkcR4xFCutRVog8,Plac zabaw – Rzeźnicza 28,Playground,Rzeźnicza 28,Kraków,Kraków,4.7,508,,,https://lh3.googleusercontent.com/gps-cs-s/AHRPTWkH6JQTzZfEDq92NNEhoZRCXrre-HQI2AoApRHDVL99Z0m7iRshPqMZoaHLwiNDoDfJDmshoHsxJXN4FFnmarR8vD7SsvO05r5J8sJsBESCpibL5yZ6pLgO0inodN7YD27csJTA=w800-h500-k-no,50.0525448,19.9551546,,"plac zabaw, Kraków; sala zabaw, Kraków",1,,Plener,Plac zabaw,na dworze,,Kraków i okolice,1.6,z-marszu,,
ChIJl_Rm-5RcFkcRBgSjSGReG6k,MOJE MARZENIA kraina sztuki i zabawy,Children's amusement center,Zdunów 18c,Kraków,Kraków,5,1,,,https://streetviewpixels-pa.googleapis.com/v1/thumbnail?panoid=8f02nc3gXTr64vVbKAVqAg&cb_client=search.gws-prod.gps&w=800&h=500&yaw=58.74091&pitch=0&thumbfov=100,50.0190563,19.9183464,,"gordonki, Kraków; sala zabaw, Kraków",1,,Pod dachem,Sala zabaw,w środku,,Kraków i okolice,4.9,z-marszu,,
ChIJ6Z4-OrxFFkcRkt-i9m_cW_c,Strefa Malucha Mali Ninja Kraków Sikorki,Children's amusement center,Sikorki 23,Kraków,Kraków,4.3,24,+48 533 399 245,https://krakow.goair.com.pl/strefa-malucha/,https://lh3.googleusercontent.com/gps-cs-s/AHRPTWmwdMcNUVp-_UNdXuAYYTY1ViSVeJ2v5QqtDDWeJMDfUca5tiNcdT3F3vkujNCklP645zeccWS714XLJ04T5Z4khCeY1-69dTWWYM78UaoLApmnVfO_sjCgyZZTn1A-o4Z8OPjr=w800-h500-k-no,50.0598666,20.0172022,,"basen dla dzieci, Kraków; małpi gaj, Kraków; sala zabaw, Kraków",1,,Pod dachem,Sala zabaw,w środku,,Kraków i okolice,5.7,z-marszu,,
ChIJWaqN-w9bFkcRG3nZHBHTeR8,Plac zabaw – Karola Szymanowskiego 4,Playground,Karola Szymanowskiego 4,Kraków,Kraków,4.7,686,,,https://lh3.googleusercontent.com/gps-cs-s/AHRPTWnip8fcr-A5oHJOATpCd8xYKBJE5hxaO_QR80UzcUpAUfNy9WRbeg_k7Mtus3PzDisAyLDuzUVwoaQFEgmhORkMplev3cGHBZya1v9OX-B-0hexP3xGJ8dfAB_2FWmc5u23FoqnCw=w800-h500-k-no,50.0680303,19.9237232,,"plac zabaw, Kraków; małpi gaj, Kraków; sala zabaw, Kraków",1,,Plener,Plac zabaw,na dworze,,Kraków i okolice,1.2,z-marszu,,
ChIJEY4LnDNbFkcRctkQoNhW71U,Plac zabaw – Ofiar Dąbia,Playground,Ofiar Dąbia,Kraków,Kraków,4.7,682,,,https://lh3.googleusercontent.com/gps-cs-s/AHRPTWlFcaM4WTurzqM-AKxuTMl3QKIm9y8km0BEOTlkYfN75bgSdRadcqB7AdlM7h-sLuEAbQRG_PEuJSzyCsaXMvyUf8LSU7islMJ4sfmfTzQV3ZWu9UJyU3HK4WX7cxPo_pCNHU8s_A=w800-h500-k-no,50.0554137,19.9774911,,"plac zabaw, Kraków; plac zabaw kryty, Kraków; sala zabaw, Kraków",1,,Plener,Plac zabaw,na dworze,,Kraków i okolice,3.0,z-marszu,,
ChIJU2GFZdpaFkcR8DlVyL8fbQA,Centrum Sportowo-Edukacyjne SkakAnka,Recreation center,Fiołkowa 15,Kraków,Kraków,4.7,389,+48 12 410 51 42,https://skakanka.eu/,https://lh3.googleusercontent.com/gps-cs-s/AHRPTWnju10x4aZuOjEfOgObzSc0dgJzmvnR43NCE6RfKy08-aL0g-4fVJoDXcjGzhtdJQT8WfxKhRZ6vsdd-4Ut17tjYx9KRrBJBcwxACBO8i4IdaldFN-jYnvLWG8is66EwGxCi3oj=w800-h500-k-no,50.0772947,19.9807455,,"zajęcia dla niemowląt, Kraków; plac zabaw kryty, Kraków; kawiarnia dla dzieci, Kraków; sala zabaw, Kraków; szkoła gimnastyki dla dzieci, Kraków",1,,Pod dachem,Sala zabaw,w środku,,Kraków i okolice,3.6,z-marszu,,
ChIJTx8uvoJbFkcRLkBdxFzSq48,Zagroda alpak – Wioski Świata,Theme park,Tyniecka 39,Kraków,Kraków,4.5,415,+48 501 082 109,http://wioskiswiata.org/,https://lh3.googleusercontent.com/gps-cs-s/AHRPTWkSrP0hMkMcM-_arfpjXOCQvYEg1KdmKti9NeYu4ZJCt1tYVqho5BUSuu9kdFe3Xvn6R9MBmTxxwYZZl2q2Y5NmvU0yPsb659NE6JRcBaThyaN2m4v7oGFf7q8_SQoKEuG3DB7a=w800-h500-k-no,50.0484899,19.912296,,"gospodarstwo edukacyjne, Kraków; plac zabaw kryty, Kraków; sala zabaw, Kraków",1,,Plener,Gospodarstwo edukacyjne,na dworze,,Kraków i okolice,2.3,z-marszu,,
ChIJySCcNRNbFkcR3fVHZQWDUeI,Plac zabaw – Świętej Gertrudy 16,Playground,Świętej Gertrudy 16,Kraków,Kraków,4.4,709,,,https://lh3.googleusercontent.com/gps-cs-s/AHRPTWl0rWgrkrX2OnlBfyFweqZ0TPK5Q-AAgIssHl4y6qmqoEr3CFGaz71-sGChv8AlBtWu370VDMb4SWvokRSS5QS3uXHu4oJqKQM-veHUaLkTn9Aoa2_IGGj4FjL-cjNClzW5SnT6=w800-h500-k-no,50.0560974,19.939936,,"plac zabaw, Kraków; małpi gaj, Kraków; sala zabaw, Kraków",1,,Plener,Plac zabaw,na dworze,,Kraków i okolice,0.6,z-marszu,,
ChIJR-KjZ2tbFkcRv4-02eQnOEo,Sala zabaw w Serenadzie,Playground,Aleja Generała Tadeusza Bora-Komorowskiego 41,Kraków,Kraków,4,9,,,https://lh3.googleusercontent.com/gps-cs-s/AHRPTWlYnw0xzgGa4OyqITyeUK9VKoE94VkT9clljgWHUOSfVGl5A7cHO6O35-m9yfANkcwaeybq-5EyN-edh_xuTSgHjf2czd-ORD6s8RIaENFsub2IWP7zWo_cA6a-kuOMI0no98xZNiFB5Yf7=w800-h500-k-no,50.0885465,19.9859803,,"plac zabaw, Kraków; sala zabaw, Kraków",1,,Plener,Plac zabaw,na dworze,,Kraków i okolice,4.6,z-marszu,,
ChIJifcrtiZFFkcRuH1jqkOmsgU,GoJump,Theme park,Sikorki 23,Kraków,Kraków,4.7,14907,+48 794 991 190,https://www.krakow.sikorki.gojump.pl/,https://lh3.googleusercontent.com/gps-cs-s/AHRPTWmd9tZvCHaSCtp3bFulsS0KGeMWmmyl3enk7yfEzCIpjLu_DjuV1V53vclcSGAHvO5Kat423sQVVfWkL3S30LIc8NpzP9aOEe62FxjG9QP1Wm6bEc1nNEuDQcRTBxw7cfwNsQF9=w800-h500-k-no,50.0597703,20.0169292,,"park trampolin, Kraków; sala zabaw, Kraków",1,,Pod dachem,Sala zabaw,w środku,,Kraków i okolice,5.7,z-marszu,,
ChIJuwj-6DRfFkcR0TbbYK6RMYw,"GAWRA Bawialnia - Gofry, Lody, Sala zabaw, Kawiarnia",Children's amusement center,Budzyń 50,Budzyń,Budzyń,4.9,64,+48 884 669 144,https://www.facebook.com/profile.php%3Fid%3D100090327954966,https://lh3.googleusercontent.com/gps-cs-s/AHRPTWnfFHYEqrxTP1shKuz4etVhGxzHpMLK2xee4he0qIousMu4CISpZr_0Tl26LoiPrWyk-4p_B84AGxJi0wJgTZtEPakl8du5DLck2a4Hi8mAkg9VmLLx0T5sdAIS-V2qjdwpLF9b8w=w800-h500-k-no,50.0449292,19.792129,,"gordonki, Kraków; sala zabaw, Kraków",1,,Pod dachem,Sala zabaw,w środku,,Kraków i okolice,10.5,z-marszu,,
ChIJJTVk5jlbFkcRJ4Xiq9T8XM0,Wawel Escape Room,Children's amusement center,Grodzka 31,Kraków,Kraków,4.8,5838,+48 508 146 549,https://escaperoomwawel.pl/%3Futm_source%3Dgooglebusinessprofile%26utm_medium%3Dorganic%26utm_campaign%3Dtest,https://lh3.googleusercontent.com/gps-cs-s/AHRPTWlpi_HBJ6ScPiontllIoxJracL4O1Zf9tzu4xwPqTX21J3ihVauYZMCTjqaW1Yu0yF9d7s2C_u2qHt3frn7BskmPU9IRbijFcYg8x_0HMk4axOP-2dSajI2h2_6v9RoT9TaW9-yCUMdFYw=w800-h500-k-no,50.05846,19.9377411,,"escape room dla dzieci, Kraków; sala zabaw, Kraków",1,,Pod dachem,Escape room,w środku,,Kraków i okolice,0.4,z-marszu,,
ChIJHadOJUtbFkcRQHn-qlaY2Ds,Wodny plac zabaw,Playground,al. 3 Maja 11,Kraków,Kraków,4.6,235,,https://m.facebook.com/parkjordanawodnyplaczabaw/%3Flocale2%3Dpl_PL,https://lh3.googleusercontent.com/gps-cs-s/AHRPTWn0VFU3koVsx760tDEmuhet62MTvXukoKtqR0bbvAwxuf9NCA6zyRGl03qVt-Jt0TFUEHK9Wvc9R4dxQKoLRCVMcFb_k0SFdlLGmhnCxBOz5W33bRLtRGdCGWADDhsW5MWPsgUm=w800-h500-k-no,50.0622596,19.9133511,,"basen dla dzieci, Kraków; plac zabaw, Kraków; plac zabaw kryty, Kraków; sala zabaw, Kraków",1,,Plener,Zbiornik wodny,na dworze,,Kraków i okolice,1.7,z-marszu,,
ChIJV6dHhW5FFkcRklZWh1UrMSE,GOair Powietrzne Miasto Kraków,Amusement center,Sikorki 23,Kraków,Kraków,4.6,1108,+48 794 991 190,https://krakow.goair.pl/,https://lh3.googleusercontent.com/gps-cs-s/AHRPTWkmBLkXflb3kYfzvySoZd6AU2oTH8GdUAq2H5wkt__8A-HU1tYwzHshNpuq9nI2f66OxH0Ytz9D7_JjwBQgDKzWKDGCOlNwMb4pQxIM8erc2JZciP579v4M18qX8yXqEhx0QDGm=w800-h500-k-no,50.0599219,20.0165965,,"basen dla dzieci, Kraków; park trampolin, Kraków; park, Kraków; sala zabaw, Kraków",1,,Pod dachem,Sala zabaw,w środku,,Kraków i okolice,5.7,z-marszu,,
ChIJLY2QJQ9bFkcRzQ1xbfME6o4,Princess Spa&Fun,Children's amusement center,Pod Fortem 2d,Kraków,Kraków,,,+48 668 838 738,https://www.facebook.com/share/1Dd9CJxWPc/%3Fmibextid%3DwwXIfr,https://lh3.googleusercontent.com/gps-cs-s/AHRPTWkQh6Ut6r5Cpzql-notti07Y4tmhbyks9BllE_CAG4MRdQ6ogwJ4xs1em9uWd21Nfjz0DqKfPnobXEWUFqbUFCRCWKL7K4wniCkQtuIwfHCF5qsxilPpWapQM5F-0NTWSL9vmZP-RF77Z96=w800-h500-k-no,50.0826909,19.9240269,,"sala zabaw, Kraków",1,,Pod dachem,Sala zabaw,w środku,,Kraków i okolice,2.5,z-marszu,,
ChIJG93-JjVFFkcRnIPJM6rYk2o,Samolotowy plac zabaw,Playground,Osiedle Dywizjonu 303 14,Kraków,Kraków,4.5,118,,,https://lh3.googleusercontent.com/gps-cs-s/AHRPTWmToHA2coeOvcB5zeRCKaolDsQJq6wDeDQ22bXGGpbQ8Ecs6jKAIwnA_9CKvsm46O3OaqwClLhPpai1nAUSwCKq5vPuvDxN3TxEd7DCSBWMi3aI8LWH1SjjOOcP5hipZIac9Hs=w800-h500-k-no,50.0844542,20.0047353,,"plac zabaw, Kraków; małpi gaj, Kraków; sala zabaw, Kraków",1,,Plener,Plac zabaw,na dworze,,Kraków i okolice,5.4,z-marszu,,
ChIJ6_8kP5pcFkcRVyF-_RMFBfE,Plac zabaw – Zygmunta Miłkowskiego,Playground,Zygmunta Miłkowskiego,Kraków,Kraków,4.4,80,,,https://lh3.googleusercontent.com/gps-cs-s/AHRPTWnRktxR6dB4nUdsKhydo01mK5qnt4K0af177mOjTxwTwgk3dkUat61AlWHYUScSBsrgWMxee7vvGHwIJKTN1cKMpgpPfvDmX8R-QXBslRLg1iMjwguj3MXF4a49f04jFWpMqOujrw=w800-h500-k-no,50.02890619999999,19.9202996,,"plac zabaw, Kraków; sala zabaw, Kraków",1,,Plener,Plac zabaw,na dworze,,Kraków i okolice,3.8,z-marszu,,
ChIJSU20Fp9cFkcR98gi0_NC6ck,GOjump MEGApark Mateczny - Park Atrakcji,Theme park,Rzemieślnicza 20G,Kraków,Kraków,4.8,12838,+48 577 332 335,https://krakow.mateczny.gojump.pl/,https://lh3.googleusercontent.com/grass-cs/ACvplmMIwb3_NqTSBE4vAVpSRyze7aTH1YZZdLy-6VoXiZhbFy2x1BoWsQwgf4byAXoXD652KdkKxvyEjDWrs6FFH458DixTOzS8gpN0lTC-sMKxZJNs7EGLVgxPIriGKqRTq_edgQNf=w800-h500-k-no,50.0326847,19.9308692,,"basen dla dzieci, Kraków; park trampolin, Kraków; park, Kraków",2,,Pod dachem,Sala zabaw,w środku,,Kraków i okolice,3.3,z-marszu,,
ChIJqYsae1dZFkcRrUKCqzQk-5Q,XPARK Centrum Rozrywki i Park Trampolin Kraków,Amusement center,Handlowców 12,Modlniczka,Modlniczka,4.7,291,+48 605 313 313,https://xpark.pl/,https://lh3.googleusercontent.com/grass-cs/ACvplmNop8hocXreTwkwN7arGkq_brAbPwy-c1S37MWkclvqCdVJXLjkLrqMZ8jqjsSDHCZtK5S5_nEzZav0jXEJ5TTSL-DrqXltSO2ggMXdTrmrE0AJKZfPoxs9pmOypp32rhv8yHDkStGLwhXS=w800-h500-k-no,50.1055995,19.841351,,"park trampolin, Kraków",2,,Pod dachem,Sala zabaw,w środku,,Kraków i okolice,8.4,z-marszu,,
ChIJnxrw-dZEFkcRDpFEgp4-fyA,Kraina dzieci,Children's amusement center,,Kraków,Kraków,2.8,25,+48 12 299 27 65,,https://lh3.googleusercontent.com/gps-cs-s/AHRPTWl3Ac__QM8uiC2i-wegxJ4Qf90ALty8rf0LMyrQxeETPHw09GXrRJyALDxiRhhREBz9G9kOix9klp3t1pcnrQ9vTO6jNInujn2hVsZKRJa0k9m6gjsHCAs0magLQBvXyJdh_Yg3Iw=w800-h500-k-no,50.0636532,19.9992716,,"kraina zabawy, Kraków",2,,Pod dachem,Sala zabaw,w środku,,Kraków i okolice,4.4,z-marszu,,
ChIJ6ZMdTH5FFkcRJjTbaWjfb_Y,Dreamland,Children's amusement center,Przewóz 16,Kraków,Kraków,4.6,96,+48 795 395 159,,https://lh3.googleusercontent.com/gps-cs-s/AHRPTWnw7mHjT_z_EMCKlqc_uaYbHU7zJ7tGRNIobmPnFSvH8BCkaAhhvrOZWfA1QZro6x0IaLnR7R0WTnaA3lWZRMnW09MYuEuuyeTXE0G8fCDAqXrQFsGCQfFdzJhOa4zwZ6JSo_7X=w800-h500-k-no,50.0435988,19.9885891,,"kraina zabawy, Kraków",2,,Pod dachem,Sala zabaw,w środku,,Kraków i okolice,4.2,z-marszu,,
ChIJ12ud-uNdFkcR54WbXZnWts0,GOkidz! Park Rozrywki,Indoor playground,Rzemieślnicza 20G,Kraków,Kraków,4.8,7131,+48 786 123 322,http://www.gokidz.pl/,https://lh3.googleusercontent.com/grass-cs/ACvplmORKV9l-ObRtAZlZqtAcIg9lUgwcdaEagz885wBQPIyMfzuedvPK3TxyD41ZZaI8o0A4_WpRD5w5eV0vMzaKhxtMsuB0R5vqrISTtW3e0Px2n6ZlfWGAklchuldtnC46omLgPBe=w800-h500-k-no,50.0320376,19.9304183,,"basen dla dzieci, Kraków; plac zabaw, Kraków; małpi gaj, Kraków; kawiarnia z kącikiem zabaw, Kraków",2,,Pod dachem,Sala zabaw,w środku,,Kraków i okolice,3.3,z-marszu,,
ChIJ4a1bGLBFFkcRev4Kmk9tKB4,Chatka Skrzatka,Children's amusement center,Przewóz 16,Kraków,Kraków,4.9,173,+48 795 395 159,https://chatkaskrzatka.net.pl/,https://lh3.googleusercontent.com/grass-cs/ACvplmNi7D7kuyXKmVzdcSA4yzTb0voggKChZg3n8v7H1gh6oQlwkzuxIbiDaqpwW9I590BDLLGl5eupkttoknpjjZstWVvxarGBzJ1FSV_Wu5yKALC0xJX9S4vSIUeDYoJiNTAfp7Hu=w800-h500-k-no,50.0434845,19.9885404,,"sala zabaw dla dzieci, Kraków, muzeum, K...; małpi gaj, Kraków; kawiarnia z kącikiem zabaw, Kraków",2,,Pod dachem,Sala zabaw,w środku,,Kraków i okolice,4.2,z-marszu,,
ChIJmbJi0sRcFkcRw3JbBRjZwk4,Centrum Zabaw Fair Play,Children's amusement center,Zakopiańska 62,Kraków,Kraków,3.1,40,,,https://lh3.googleusercontent.com/grass-cs/ACvplmNrEE368Pn54zngRArSPiPMuEh3uSJmrwc2fY9LR3S2gjizBUMX6WPTOZBkeMnYCSMqU8Z0wVOh7Se6xlZBomMaRcFSpKXiwKxsVkO4X1AWNiMt9yvZElktEgQKkrI9qRKdDNE=w800-h500-k-no,50.01397739999999,19.9321686,,"małpi gaj, Kraków",2,,Pod dachem,Sala zabaw,w środku,,Kraków i okolice,5.3,z-marszu,,
ChIJcQthLgBbFkcRY46LezcxIyo,"AleKlocki - Edukacyjna Sala Zabaw, Klocki LEGO, Urodziny, Robotyka",Children's amusement center,Jasnogórska 9,Kraków,Kraków,4.7,408,+48 690 222 232,http://www.aleklocki.com/,https://lh3.googleusercontent.com/grass-cs/ACvplmP7zhzpNo6yosTdDuQOhXiZ_CQFcCYieND3Wjm8UeZsw5JwwCW-exSrtUxE2EEV_PEM7GGGyAEktmnNvk273aCQH0vICrI9jtXgS7IssoKUR0UOt9NoZPSTeS6k-ii8K8Tzithn=w800-h500-k-no,50.0901094,19.8918395,,"sala zabaw dla dzieci, Kraków, muzeum, K...; małpi gaj, Kraków",2,tak,Pod dachem,Klocki LEGO,w środku,,Kraków i okolice,4.5,z-marszu,,
ChIJS56ad79EFkcRH8I1n_5b9SY,Plac zabaw – Lipska 61,Playground,Lipska 61,Kraków,Kraków,4.7,48,,,https://lh3.googleusercontent.com/grass-cs/ACvplmNGI19mEFx4e6kGLM5nwo59QlAFjxAO64k1eyI-WVasCXvw5Ip3mP7QWDTgcQVxSbxy9iYUYpyQNPkEGVD_Pn1ZkyvK71Ik0xFq1aXXB9gXysaxHwm96UIUcM_lk7LcBgdsPFqr=w800-h500-k-no,50.044082,20.0017101,,"plac zabaw, Kraków; małpi gaj, Kraków",2,,Plener,Plac zabaw,na dworze,,Kraków i okolice,5.0,z-marszu,,
ChIJTW_wLUNDFkcR4VL4GSnwI3A,Plac zabaw – Okólna,Playground,Okólna,Kraków,Kraków,3.9,191,,,https://lh3.googleusercontent.com/grass-cs/ACvplmOSS7ssBYhaDvjz3VVMusW2W2HufIrgDEyi0JkI7RX7qozxbjR5j99lmUlX1o7zHxAItkfuDzmpq62e68X67tQv-NsOTSWApVl6hu1H6YqnD8MqMVCu7_vijxzTFXx4zqBwKf3I=w800-h500-k-no,50.0162627,19.9803853,,"plac zabaw, Kraków; małpi gaj, Kraków",2,,Plener,Plac zabaw,na dworze,,Kraków i okolice,5.9,z-marszu,,
ChIJmZh3LItbFkcRc4KCg65lWEI,Plac zabaw – Opolska 49/97,Playground,Opolska 49/97,Kraków,Kraków,4.6,21,,,https://lh3.googleusercontent.com/grass-cs/ACvplmO8RHVZ0NSLltVjGnQ_IWIvP-0gWKgxNso910UT0sBU9IKx0Pct4ihRmbrJM2NbnZUPJSier6T9XJO6SUB833bLKyJhdEkw-7nqD9USzCb1oLGV3A1uCVc-spSOlXyI0AYJzDDOAA=w800-h500-k-no,50.0901357,19.9254284,,"plac zabaw, Kraków; małpi gaj, Kraków",2,,Plener,Plac zabaw,na dworze,,Kraków i okolice,3.3,z-marszu,,
ChIJYWABt_5BFkcRibNm9WerW0s,AMAZONIA PARK WIELICZKA,Children's amusement center,Mała Wieś 204,Mała Wieś,Mała Wieś,4.7,135,+48 577 030 565,https://www.amazoniapark.pl/,https://lh3.googleusercontent.com/grass-cs/ACvplmOusOuza7w6qK0xemi5dq_qRYSTeSQrchM3hOZF15BHIMSCvc1Zyg0WM5KCUXhsS3c4eQ1zJsCKXQ-Tyjlt4jpXt13uK5_nNMK-8y0sljaadjlCbqAC-H2mz5gaLk86k6ctQGAHAPU6yxUI=w800-h500-k-no,49.9982952,20.1054067,,"małpi gaj, Kraków",2,,Pod dachem,Sala zabaw,w środku,,Kraków i okolice,13.9,z-marszu,,
ChIJkbciobxFFkcRTmESzwrnY64,Plac zabaw – Biskupa Piotra Tomickiego,Playground,Biskupa Piotra Tomickiego,Kraków,Kraków,4.2,5,,,https://lh3.googleusercontent.com/grass-cs/ACvplmOH2-gkqEnw0ODxrAXEMSovUIVNeKIZwtjP8XAgq0MeRZMirXc8GqlPRO0kebHDcj3_vKdsne1mYZo9kNmVLqPh87zIF088tfbjPeTz7uppaqZXZhNILbWQ2Hh7jqon59wiMPNd=w800-h500-k-no,50.0647061,20.0239583,,"plac zabaw, Kraków; małpi gaj, Kraków",2,,Plener,Plac zabaw,na dworze,,Kraków i okolice,6.2,z-marszu,,
ChIJbYBsMABPFkcRlVx3v6bjkF8,Lubolandia,Children's amusement center,Gościnna 30,Luborzyca,Luborzyca,4.9,59,+48 503 394 584,http://www.lubolandia.pl/,https://lh3.googleusercontent.com/grass-cs/ACvplmNEaF4rYP0bK8XiGIKchz6wX6nviaq0Gm7ekxCSNk1JyeITDIHi_J97MOx4Wmg2Ir1EeQUUTX6j4Ommq0LHTSs50WLNnQX75wFKiFPf7tlf9VzURu6eizGD5VnApSdoukgnu5Uj=w800-h500-k-no,50.1337049,20.110534,,"małpi gaj, Kraków",2,,Pod dachem,Sala zabaw,w środku,,Kraków i okolice,14.7,z-marszu,,
ChIJAxGfjfJbFkcRlivP17i3HaU,Plac zabaw w Parku Lotników Polskich,Playground,Aleja Jana Pawła II,Kraków,Kraków,4.6,133,,,https://lh3.googleusercontent.com/grass-cs/ACvplmNYf_fqroa3lRC3Bex1YrL4gYsi3khwh5dNtQmjIRyc-nmu7hgQsp_iWK7zjAt43iH7knUe7UfdSf9E-_cKQVRPxwWgoWkZp-mOrXEYzqVMYsXygll57cyZgyIQ8WfJu8Z_KTHg=w800-h500-k-no,50.071441,19.9906097,,"plac zabaw, Kraków; małpi gaj, Kraków",2,,Plener,Plac zabaw,na dworze,,Kraków i okolice,4.0,z-marszu,,
ChIJRVESNrRbFkcR6DrWyMChi3s,Park Wola Kasztanowa,Theme park,aleja Kasztanowa 1,Kraków,Kraków,4.4,285,+48 660 808 111,https://parkwola.com/,https://lh3.googleusercontent.com/grass-cs/ACvplmPX5OeoO_OxVJakfPbF2NyF_XUHplJIEvdHwM2p861GPcrCJglZWRoTzR-wneRpMHrfUsFKWGqHKAYuGyozR45k4ggKlVIn8g9Jip7NxIpE-4adECUQVl3pJ3kbvStGHwC8jLPx=w800-h500-k-no,50.06438869999999,19.8696708,,"małpi gaj, Kraków; park, Kraków",2,,Plener,Wesołe miasteczko,na dworze,,Kraków i okolice,4.8,z-marszu,,
ChIJFTLAwIBnFkcRhy8Bud94f-0,Kraina zabaw SIMBA,Children's amusement center,Krakowska 4A,Mogilany,Mogilany,4.6,258,+48 664 544 443,http://www.simbamogilany.pl/,https://lh3.googleusercontent.com/grass-cs/ACvplmMDh1yvy4U0iwtyzS0jBRInJcw-Q6R9XfYcARQvOfvd8Cx4FYqRhQwUYDoX3FiUlxQHrErMkg_mr7XF30mzwdVxKGgeJapK3RXMkhMv__4-5xUG0u0r0RBLZXgSBSKpYvi_WqI7=w800-h500-k-no,49.9445995,19.8870562,,"małpi gaj, Kraków",2,,Pod dachem,Sala zabaw,w środku,,Kraków i okolice,13.5,z-marszu,,
ChIJMYnZNulaFkcRN9JjD9YasII,Plac zabaw – Dobrego Pasterza 68A,Playground,Dobrego Pasterza 68A,Kraków,Kraków,4.8,160,,,https://lh3.googleusercontent.com/grass-cs/ACvplmMYt8r_vFr3kEUKRmzxz5pOoTyUfpt8FuKRV64SV5y_7NhfEFRDVptPt6CKiyd09jP2-H-ofetKaNb5eIH4ABU68bUQprYVR7y-hWYF54VKfrBBv8l9jy9sS2Ob3LBkirtFpjjy=w800-h500-k-no,50.0870521,19.9657022,,"plac zabaw, Kraków; małpi gaj, Kraków",2,,Plener,Plac zabaw,na dworze,,Kraków i okolice,3.5,z-marszu,,
ChIJJ_84RL1ZFkcR-opBmcQEsOs,Bawialnia Niezły Młyn,Children's amusement center,Jurajska 5,Modlnica,Modlnica,4.9,47,+48 531 533 022,https://www.bawialnianiezlymlyn.eu/,https://lh3.googleusercontent.com/grass-cs/ACvplmNm_heMsET6wiNwx64rOPw6ugm1wVU21NNlapZGzm56M9q8jtGtc8SH_JnbwoATyDUqN031uKqAMlH37kyh1BAFaL9YdA9oYnmOUKvy4z4G2mo8m3F34Q4e_mxBASi3H5RxfVHI9NltXsg=w800-h500-k-no,50.1292977,19.8714853,,"małpi gaj, Kraków",2,,Pod dachem,Sala zabaw,w środku,,Kraków i okolice,8.9,z-marszu,,
ChIJf7bjjVpDFkcR35A-b6gB5WY,Plac zabaw w Parku Jerzmanowskich,Playground,Żabia 1,Kraków,Kraków,4.6,126,,,https://lh3.googleusercontent.com/grass-cs/ACvplmPqePC5fl-AMtFc0n50AH0iLXAvjODypy94opdtzVYpXyfGKOdMSddMjNzqVd-qIguHqbwD9nqF9E8dYsks5Z2VrltSR8li_8AklZ-kMmXOgMTxxE83MVz9guSAb-mSc_M7iFm6CQ=w800-h500-k-no,50.0178595,19.9950984,,"plac zabaw, Kraków; małpi gaj, Kraków",2,,Plener,Plac zabaw,na dworze,,Kraków i okolice,6.4,z-marszu,,
ChIJvY_QofNHFkcRAbXg_FBst2U,Sala Zabaw Na Fali Niepołomice,Children's amusement center,Bocheńska 8,Niepołomice,Niepołomice,5,108,+48 453 250 612,https://salanafali.pl/,https://lh3.googleusercontent.com/grass-cs/ACvplmPmUf-12mpzHfcGbMOiBk0LpFRRutyxDFH5z6WH71i4QgvZxw9LlQGOQYp0DHU5C7mZiphcchsLKpsgpcGjftvYDGGVaTYrzFRVrUALNUTth6D3fuQSTUkNFJezOinbJ0Odp-7vNcBxhi59=w800-h500-k-no,50.0310877,20.2191142,,"małpi gaj, Kraków",2,,Pod dachem,Sala zabaw,w środku,,Kraków i okolice,20.4,z-marszu,,
ChIJb5xVBa1nFkcRA_5bjcbnk2U,AleFigle sala zabaw i kawiarnia,Children's amusement center,"Centrum Zakupowe Jan, Radziszowska 7",Skawina,Skawina,5,190,+48 660 273 157,http://www.alefigleskawina.pl/,https://lh3.googleusercontent.com/grass-cs/ACvplmNJIATzLJM8W-JUwm2Prf8vcM6-Yo6G1SNo7SQVvl4-vJfxfoaXsYAns6xexwCIlKbEzkM0vm2ocCHokWCv8hxm7xKIyp51dpaeEz3IIldpX0NadI1UQUgODI2ft8lCpPdb6uzB2uGjCnCT=w800-h500-k-no,49.9628072,19.8179143,,"małpi gaj, Kraków",2,,Pod dachem,Sala zabaw,w środku,,Kraków i okolice,13.9,z-marszu,,
ChIJh2eS5lBaFkcRSdYvinQGPQc,Plac zabaw - Smoczy Plac,Playground,Krowoderskich Zuchów 11,Kraków,Kraków,4.6,94,,,https://lh3.googleusercontent.com/grass-cs/ACvplmMptUcKrfm5Ud56bNhG7zHCTe-yyyAyZbYei45syDzBeWwUxe1TbYTIss7vIDqq06yx9U82OIl65XftrHu39ftIWVgaj4-A74GtuTBRmqr_Im8SlhNFNH3W3DpQOCJPkXAP1e2ioA=w800-h500-k-no,50.0873952,19.9304947,,"plac zabaw, Kraków; małpi gaj, Kraków",2,,Plener,Plac zabaw,na dworze,,Kraków i okolice,2.9,z-marszu,,
ChIJJbN_UvddFkcRUklbDMcjHPc,Fiku Miku Cafe,Children's amusement center,Adama Mickiewicza 19e,Skawina,Skawina,4.3,193,+48 572 440 064,https://fiku-miku-cafe.pl/,https://lh3.googleusercontent.com/grass-cs/ACvplmOAuPG_z3GBa467yrUspuOJLAsirMvBKkErwmNTltXpap4jkwuLkDUmyBODxmi0tOOqsBCrVbOMEz3j3oS1zvFOxqhE7YejdC2f2pTL_CTptQRG8-AsjlrXxP2lfzC8fqVw771qhc711Pfa=w800-h500-k-no,49.9757706,19.818016,,"małpi gaj, Kraków",2,,Pod dachem,Sala zabaw,w środku,,Kraków i okolice,12.8,z-marszu,,
ChIJByZzb85dFkcRra20dE4iBeU,Park zabaw,Playground,,Kraków,Kraków,4,2,,,https://lh3.googleusercontent.com/grass-cs/ACvplmNO7Bqp3A8To-MQXt5ixlwXNGahEsjC_wEzYOiD8obD8j40c0joKdfo4Y_NkQ0kYWGRsfF1Mrce7FIumuqGVjeaJdoA-eSwu3lrmBy4QIPPXxVwrzjHnDw_9FgZtxOZFhcQWyVsDw=w800-h500-k-no,50.0159181,19.9247118,,"małpi gaj, Kraków",2,,Plener,Plac zabaw,na dworze,,Kraków i okolice,5.2,z-marszu,,
ChIJsYDciwZdFkcRzGASmLIl9kU,Plac zabaw – Szkolna 53,Playground,Szkolna 53,Gaj,Gaj,4.5,2,,,https://lh3.googleusercontent.com/grass-cs/ACvplmNBDDMD9fgt1Jw9JiHd-c_Q12nAIpmF3XSWZgeugewJ4KirSgMNCyGNPQg7MT-o_HywGHPCXHyRc3AA6thWaljPOX4EL0ne9io76VUhgwVBoey-K27ZMqKZyD6uRlM7AW-1BnwP=w800-h500-k-no,49.9601257,19.9014038,,"małpi gaj, Kraków",2,,Plener,Plac zabaw,na dworze,,Kraków i okolice,11.6,z-marszu,,
ChIJOcHSVnlBFkcRpsO4CiaeILg,Park Pinokio & Restauracja,Theme park,Mikołaja Wierzynka 9,Wieliczka,Wieliczka,4.1,155,+48 668 031 352,https://www.parkpinokio.pl/,https://lh3.googleusercontent.com/grass-cs/ACvplmMggB43-BMdiBm_9krkHE2D4hIqaF14yMtnUBkYOK_l6TPyC8NK2VrfamxXirbLeWX6RCl0JW0F0klNLRa8bwrNJscUwm2w6MN2j-JOhXVEzlDReN9QEZ9niQtlWnSC94wLy4Bu=w800-h500-k-no,49.98244039999999,20.0755066,,"małpi gaj, Kraków",2,,Plener,Wesołe miasteczko,na dworze,,Kraków i okolice,13.2,z-marszu,,
ChIJH0uXO-laFkcRBJ7zJ0YC2PA,Park Zaczarowanej Dorożki w Krakowie,Hiking area,Dominikanów 30,Kraków,Kraków,4.7,2767,,,https://lh3.googleusercontent.com/grass-cs/ACvplmP2ades87uACpmSYH_ORQhIsouFGSQ2xkIDzO28ghVGcglso8PSLeiQJKbcQq9-65DHk4IXrMopNbVj6EZ62Ls120NCBL5ked0-1GHbuWf2pQjgU8oAvD5skG_KIyrlh8OBmlK3_Q=w800-h500-k-no,50.086793,19.966203,,"plac zabaw, Kraków; małpi gaj, Kraków",2,,Plener,Park,na dworze,,Kraków i okolice,3.5,z-marszu,,
ChIJqZ6UqLxeFkcR3u7YQzkCuQk,Plac zabaw – Orla 14B,Playground,Orla 14B,Kraków,Kraków,4.6,53,,,https://lh3.googleusercontent.com/grass-cs/ACvplmNXQ8D4SxyZ0jc-rnHhiVcICcgQW3fuh-3JmhS2kvA0cuL1LGoj0cnzLk-01fxAjTD7ensUW4qx-1N7lHM3D11STUgbNYSB5EhVx51HwVuxPgM772De091KqbMzJL6XSrALwsk8=w800-h500-k-no,50.0388855,19.8238115,,"małpi gaj, Kraków",2,,Plener,Plac zabaw,na dworze,,Kraków i okolice,8.5,z-marszu,,
ChIJR1oRL41FFkcRK4Vce_52_Nw,Plac zabaw Zaskroniec,Playground,,Kraków,Kraków,4.3,13,,,https://lh3.googleusercontent.com/grass-cs/ACvplmOPZa4cBxIPlg69GV-ieOCaDzD7efQC9EfQViYRNj0bxZNaK7aHkvc80nq8r3eH3dUwUrDIJ8xY0yI326X0Yoiy-OW_0PbuEpDIL2flS76OO-3-KbGdQK-2zHPiXvyOai0FVOat=w800-h500-k-no,50.0660846,20.0430583,,"plac zabaw, Kraków; małpi gaj, Kraków",2,,Plener,Plac zabaw,na dworze,,Kraków i okolice,7.6,z-marszu,,
ChIJT2NcrYljFkcRfoyCDBNLYjs,LaLandia FUN PARK,Children's amusement center,"Galeria York, Barwałd Górny 310",Barwałd Górny,Barwałd Górny,4.6,210,+48 33 823 04 47,https://www.facebook.com/LalandiaFun/,https://lh3.googleusercontent.com/grass-cs/ACvplmMUzGd78TCuUqDZjKZiENZxC881OxBEKFvvdDEsdja4yHUtb2BT9qzehL52wpPobVLEebWAzewt-Eq8pm7-hv81XYLhLNLiRuv65oStHd1P3-Bh8IIFvWczyUDlq6jq9YMltrBLUg=w800-h500-k-no,49.8700525,19.6404552,,"małpi gaj, Kraków",2,,Pod dachem,Sala zabaw,w środku,,Pod Krakowem,30.1,z-marszu,,
ChIJdV0xg7lEFkcRRYhCPUGMoxg,Avatar,Rock climbing,Sikorki 21A,Kraków,Kraków,4.7,1636,+48 733 434 332,http://www.myavatar.pl/,https://lh3.googleusercontent.com/grass-cs/ACvplmP_ghCl2pG3pRaVrvLoqBphr0Aanmjhkhud166incMuoAS9uUoMfkAQ1rKHmWYZYztHiLt-cqPrjV8FBl_sDFLKnSQdfAbZ3GeIzFZet0SAkErJbABE3BCyKZOe-5q0QbEZw_ohgQ=w800-h500-k-no,50.061538,20.0170731,,"małpi gaj, Kraków",2,,Pod dachem,Zajęcia sportowe,w środku,,Kraków i okolice,5.7,treningi,Wspinaczka,
ChIJO6bT7AFLFkcRxcaoEIBbd90,Bawialnia KOSMOSIR Rodzinne Centrum Sportu Proszowice,Children's amusement center,Parkowa 10,Proszowice,Proszowice,4.9,88,+48 508 648 640,,https://lh3.googleusercontent.com/grass-cs/ACvplmPFc52eZrjNh8THlLcDC7tjvvs3FSBGpm7IWSmFQ-yGDh2J-yV_daIPl98HDY6A0-lpOijSJlP8tnJ6wI81ylOQ1wvnGs4HGPNVrWECmDevTfauYGHuAxxKhfSvG6XhCDDF7Tl9=w800-h500-k-no,50.1961965,20.2876114,,"małpi gaj, Kraków",2,,Pod dachem,Sala zabaw,w środku,,Pod Krakowem,29.2,z-marszu,,
ChIJXeQf-91bFkcRXEt2TTUxDV0,Trampoliny Żabiniec,Playground,,Kraków,Kraków,4.7,3,,,https://lh3.googleusercontent.com/grass-cs/ACvplmPbrp0ycVigJ51-q45JHbAyd9l5hjNrAtmLFT2OOYOR5dv-ISQwXLW6Y-_x-4ysbt6qOCh6fNYEeoA571U34Su3gmgA4D4C7K4PJJr_L9QtUeEcOZtWwcak3jahzW-knqGlXHBkpA=w800-h500-k-no,50.0836078,19.9431343,,"małpi gaj, Kraków",2,,Plener,Plac zabaw,na dworze,,Kraków i okolice,2.5,z-marszu,,
ChIJQ--n27lrFkcRUzgRCaaQc4k,Lentylka w mieście,Children's amusement center,Mostowa 16a,Dobczyce,Dobczyce,4.7,43,+48 534 653 247,https://lentylka.pl/,https://lh3.googleusercontent.com/grass-cs/ACvplmOwJjiXZVGkeA4SZwAodWnh1Q5MWXGXZ16UbXEVl85vYDW_gB3iu8XhJ2J1YjAb-zGx6xmrKzJ1XzHAXqFjPz5lT2xEiQPdP4QiwXABOOaDwhWb9JUVbkPgDfCiax2T4POC_so=w800-h500-k-no,49.884918,20.081829,,"małpi gaj, Kraków",2,,Pod dachem,Sala zabaw,w środku,,Pod Krakowem,22.2,z-marszu,,
ChIJG5fQ7npDFkcRvAuBeuScqTU,Plac zabaw – Macedońska,Playground,Macedońska,Kraków,Kraków,4.3,45,,,https://lh3.googleusercontent.com/grass-cs/ACvplmNK0j5EKCe48tmVHfP99Ju4W5mYB5b5nNXtjcM6CPxZLqAvcMtgiluBDeecG8-iLmUZQVlSmMjVZxNUKISyfwzJRCM9UegZC-eg4w1PS6TI8hZSulyLRP9ReIqddndfXT1giCyyeQ=w800-h500-k-no,50.0217664,19.9684111,,"plac zabaw, Kraków; małpi gaj, Kraków",2,,Plener,Plac zabaw,na dworze,,Kraków i okolice,5.0,z-marszu,,
ChIJ0VxAtHRZFkcR722E6Dg2JJA,Hologram Zoo,Theme park,Handlowców 12,Modlniczka,Modlniczka,4.7,57,+48 609 612 613,https://hologramzoo.pl/,https://lh3.googleusercontent.com/grass-cs/ACvplmPrlCfRlRzUQUyMh9JdNI4-rLR2nn8QUHlONrmt6kWyIhPWQGbZVHPR1-nBJ69jpUobnYBaYJzfaVng2evYmMwkPy34qBm85cP2T0o4gwTRnqLn79JxJDQDoUkjBNf0RaOOsRWJaVOoeh4=w800-h500-k-no,50.1055995,19.841351,,"fabryka trampolin, Kraków",2,,Pod dachem,Sala zabaw,w środku,,Kraków i okolice,8.4,z-marszu,,
ChIJy13eGRNbFkcRpdnV7Zwr5xw,NextRealm. Centrum atrakcji,Theme park,Floriańska 5,Kraków,Kraków,4.7,1457,+48 792 252 177,https://nextrealm.pl/,https://lh3.googleusercontent.com/grass-cs/ACvplmPgHQ2_uL8RY2ddhCyfqW5qe_fq1h19lBqMc8_JfbMDWtqOLZkntlbZNN1Hcd7yiuojVAc2PMYPEK3zWRlNKBj8qcg1p-Sl7xTt2T34NOaexKZnoG6_4Nq2wA3MAP2GoPhVYMos=w800-h500-k-no,50.06230499999999,19.9395189,,"laser tag, Kraków; fabryka trampolin, Kraków; park, Kraków",2,,Pod dachem,Sala zabaw,w środku,,Kraków i okolice,0.2,z-marszu,,
ChIJ2csRxzRbFkcRy0AbXK8bJyA,House of Attractions,Amusement center,Grodzka 2,Kraków,Kraków,4.7,10641,+48 884 665 632,https://houseofattractions.club/%3Futm_source%3Dgooglebusinessprofile%26utm_medium%3Dorganic%26utm_campaign%3Dtest,https://lh3.googleusercontent.com/grass-cs/ACvplmNkXmfMzq72SgQXKTrXEGtUxdP5qAgQdvH1Xzrvu70SkDNWd5x6lMJVeH-jPk5KAOPrQOFpyxKxO_BsO7jfHowAvCOG1p1qa9v3a2oiM2RtOc7_rdb3vr6Moc7v-1yTPtl0LaZg=w800-h500-k-no,50.060058,19.93802,,"sala zabaw dla dzieci, Kraków, muzeum, K...; laser tag, Kraków; fabryka trampolin, Kraków; park, Kraków",2,,Pod dachem,Sala zabaw,w środku,,Kraków i okolice,0.2,z-marszu,,
ChIJ7c-xCCdFFkcRD8pOpOajNe0,Zoltar Park Kraków,Amusement center,Osiedle Teatralne 10,Kraków,Kraków,4.8,1116,+48 792 111 091,http://www.funpark.net.pl/,https://lh3.googleusercontent.com/gps-cs-s/AHRPTWk77XFYOlRrDjf_F3SpTchzFwHJ8CZTRZ_e9JUJ7O6F3EfPY8e5aPqwj-Tn_0Kcg01iKf3IuiFmCiicKumGmmMiF0BsFBNqt2fMHm5bn0T7ziir2zuHvrJlraTU3cxHV38FduthjSAsr5GZ=w800-h500-k-no,50.0780957,20.0301189,,"laser tag, Kraków; plac zabaw kryty, Kraków; park, Kraków",2,,Pod dachem,Sala zabaw,w środku,,Kraków i okolice,6.9,z-marszu,,
ChIJIzmsFx5FFkcRidrNYLVzso0,Streetpark - Cracow Indoor Skatepark,Skatepark,Siwka 28,Kraków,Kraków,4.9,447,+48 531 084 867,https://streetpark.pl/,https://lh3.googleusercontent.com/gps-cs-s/AHRPTWmLP8hlpv1F0s4ajLeI0g-SKMQaF8rinQ_M7p_hBT1N5u1qq-zojjNd3fkgLaQK1h8BpdpxE1A0GvdgbK88Hepoj8Ea8xPXGDeY6-vdmvH-mv36Xd5WdD2btkL1Hkcfg5P5xJs-0Q=w800-h500-k-no,50.0561798,20.020003,,"plac zabaw kryty, Kraków",2,,Pod dachem,Zajęcia sportowe,w środku,,Kraków i okolice,5.9,treningi,Łyżwy i rolki,
ChIJKcpf7p9cFkcR7i3LSE1pus4,"Centrum Wspinaczkowe Forteca, ul. Rydlówka 32",Children's amusement center,"Rydlówka 32 wjazd od ul, Tadeusza Szafrana",Kraków,Kraków,4.5,190,+48 509 300 918,https://cwf.pl/rydlowka-32/,https://lh3.googleusercontent.com/gps-cs-s/AHRPTWmpgyKchvmzV3mFOjPb2rUvrvCFJo2atyyXv1VNVcxeCrNwPqdVxHK-lCaomNGbrCauhsmFMHSFzBN_1QgFN-VsHN18mW10mahk3MN0x7GJssDFgtdA4LfoN4CPjaKdE889pLIt=w800-h500-k-no,50.0351323,19.9325671,,"klub sportowy dla dzieci, Kraków; plac zabaw kryty, Kraków",2,,Pod dachem,Zajęcia sportowe,w środku,,Kraków i okolice,3.0,treningi,Wspinaczka,
ChIJnWkAFqtdFkcRe9kdKvQQvJE,Mali Nurkowie Szkoła Pływania Dzieci i Niemowląt,Baby swimming school,Zbrojarzy 26,Kraków,Kraków,4.6,138,+48 534 142 375,http://www.malinurkowie.pl/,https://lh3.googleusercontent.com/gps-cs-s/AHRPTWkPaqyoJ9UBmBfuUC8Hk65pzVazr8dhGJedwR-Qhn5Gp20vwa9SmY3p-IudT2s9uQK1j4yJk6zXNe4eSnbfLVPDLMKaVmMuCBT2C6BLsxLA2_uBmpYBpF6hsxhAS4Hcz5smBq1O=w800-h500-k-no,50.0208994,19.9278229,,"basen dla dzieci, Kraków; plac zabaw kryty, Kraków",2,,Pod dachem,Szkoły pływania,w środku,,Kraków i okolice,4.6,treningi,Pływanie,
ChIJp3YPkRVbFkcRLiJN4Y7bRAo,"Plac zabaw – Park im. H. Jordana, al. 3 Maja 11",Playground,"Park im. H. Jordana, al. 3 Maja 11",Kraków,Kraków,3.7,20,,,https://lh3.googleusercontent.com/gps-cs-s/AHRPTWmS69Y4VRSSmSsc7YSgaNfisvhHrnQlCkvgAKsvzVNzLggMOYK7lp5OUexiuhcMUVCA5MY0_jRXk6E3QatqjzrGDRP0Iwkh29_01XrC2UL018Bz5E2KBZviaVGCMsiX8uM-c_CF=w800-h500-k-no,50.0612881,19.9165741,,"plac zabaw, Kraków; plac zabaw kryty, Kraków",2,,Plener,Plac zabaw,na dworze,,Kraków i okolice,1.5,z-marszu,,
ChIJDfEkHbxaFkcRmEwRxpl34I4,Park Reduta,Park,,Kraków,Kraków,4.7,2175,+48 12 201 02 40,,https://lh3.googleusercontent.com/gps-cs-s/AHRPTWnk43WS7BQu5lPqqO0YAxlCegXQsQ6YWsUMQKoW9-Oi_ppIFeHdVqEPSUY1_tJd5VbcfrEWkVRiFADhbCLj_EOMR8H3EG75LPM_Y3ToAKJI20vVDaOavA077KgqrpjoBZTZ-fA=w800-h500-k-no,50.0957877,19.9864992,,"plac zabaw, Kraków; plac zabaw kryty, Kraków",2,,Plener,Park,na dworze,,Kraków i okolice,5.2,z-marszu,,
ChIJHwzCLcdaFkcRBolrMa6cwFM,Park Wodny w Krakowie S.A.,Water park,Dobrego Pasterza 126,Kraków,Kraków,4.2,19665,+48 12 616 31 90,https://www.parkwodny.pl/%3Futm_source%3Dgooglemaps%26utm_medium%3Dorganic,https://lh3.googleusercontent.com/gps-cs-s/AHRPTWnLvzCocKc1S6gWpBrLO3qvzdTx_ZKJ826_MVCbkrjh0MZSiDhgIIHJPvxVQ6tQEwVd40y8B5KMLk83wQIsEUhUAj1-g_OzuYfJlZZg8UuTuYfegJlqx5zxGaHzU57yS95RHbYpUg=w800-h500-k-no,50.0892456,19.982809,,"basen dla dzieci, Kraków; kąpielisko, Kraków; plac zabaw kryty, Kraków",2,,Pod dachem,Basen,w środku,,Kraków i okolice,4.5,z-marszu,,
ChIJBwq-vfFdFkcRBNhY3FTVYUg,Dinoworld Kraków,Amusement park,Przyjaźni Polsko-Węgierskiej,Kraków,Kraków,3.1,342,+48 500 130 759,https://dinoworld.pl/krakow/,https://lh3.googleusercontent.com/gps-cs-s/AHRPTWnX_5qJFOXFbeIaSDH7o7XPdrmpo9AM2ojnf6PiqQZk-olGDd_YzY4y-kNfd7a5h7AigMnRU9pVuxTTQlQZJgdKYtKwrmy3f9rH6m0_axnSuINMkmtuwGIQrfxsB0vMysKxWKZ27w=w800-h500-k-no,50.0255646,19.9457772,,"plac zabaw kryty, Kraków",2,,Plener,Wesołe miasteczko,na dworze,,Kraków i okolice,4.1,z-marszu,,
ChIJ937RzElbFkcRHRKQTaimFow,Laser park,Amusement center,Bosaków 5a/LU86,Kraków,Kraków,4.7,2700,+48 604 423 174,http://www.laserpark.pl/,https://lh3.googleusercontent.com/gps-cs-s/AHRPTWlO8csGLaeR6zu2Cru3vkO4A2QXCIQRdO5XreTwO2l4w9WxrsOXrRGSYTqOzY0WZSNMWa-rRPBj3hhPbVfUsnpUjE07Mg8pAF7-3cMhy3YZkeh06I1S0Xz-fTlH-0kH9yQOMtd1SA=w800-h500-k-no,50.0841931,19.9624755,,"laser tag, Kraków; plac zabaw kryty, Kraków",2,,Pod dachem,Laser tag,w środku,,Kraków i okolice,3.1,z-marszu,,
ChIJfzE3BOdbFkcRy-Qmth5YJho,Park Decjusza,Park,Królowej Jadwigi,Kraków,Kraków,4.7,3258,,,https://lh3.googleusercontent.com/gps-cs-s/AHRPTWmAHqXRgYWNr2I6hkqkEytwr12XIpsYEUQlB_3ndeVGubfpmIN_rHft7xK8f72YM5qBt9fq6xX674OHru-le_VMMGhuS5U61gq_aD3iT5JksihpmLvm0RVq1KREqvKhfyycwyhNnA=w800-h500-k-no,50.0657754,19.8719874,,"plac zabaw kryty, Kraków; park, Kraków",2,,Plener,Park,na dworze,,Kraków i okolice,4.7,z-marszu,,
ChIJeVmClg1cFkcRFAiajlaMVcs,Krakowski Park Linowy,Amusement park,Widłakowa 13,Kraków,Kraków,4.6,1226,+48 514 256 647,http://www.krakowskiparklinowy.pl/,https://lh3.googleusercontent.com/gps-cs-s/AHRPTWm2uluP7nPvs1slrn65HtJ1Af3gauEx6etU0b1Xqt_jyRR8gYCa2g0Fy9E1FAnrqSeB1vq0SGmNRiP4tTXv4hHABdyFASNpYrPCK8sKP6wO4A5EBgmxiXBQnm8i_TRMWB1Bg6g=w800-h500-k-no,50.0364485,19.8806549,,"plac zabaw kryty, Kraków; park, Kraków",2,,Plener,Park linowy,na dworze,,Kraków i okolice,4.9,z-marszu,,
ChIJEcaQbxJbFkcR3p5Xq9m9dEE,Lustrzany Labirynt,Amusement center,"30-002, Grodzka 14",Kraków,Kraków,4.6,12267,+48 884 665 632,https://houseofattractions.club/lustrzany-labirynt/%3Futm_source%3Dgooglebusinessprofile%26utm_medium%3Dorganic%26utm_campaign%3Dlabirynt,https://lh3.googleusercontent.com/gps-cs-s/AHRPTWm5N_t0pzesDNZ_KdeKg1BIwNC2dKS4_iOfGNPEev_hb9C2WBWIt-1IYFkDDbSYxZ2MHsaXPYtjByQKFczy_3vFqNLud7kEg3CzE8ilpLHjT2PTIYniLL8pC2vyr6gqRMii9CNM=w800-h500-k-no,50.0595531,19.9380345,,"laser tag, Kraków; plac zabaw kryty, Kraków; park, Kraków",2,,Pod dachem,Sala zabaw,w środku,,Kraków i okolice,0.2,z-marszu,,
ChIJix-YG09aFkcRSZ59ySYFeos,Park Krowoderski,Park,Jana Palacha 7,Kraków,Kraków,4.7,4932,,,https://lh3.googleusercontent.com/gps-cs-s/AHRPTWlOLWtigb1N7-YfPypTeD1gJG2jc_GLuVi4QW9dR4-Ra3IwgE5NhWCiEAvV_Rp5JYQtIcWKa0lyXLb4RQtRpe45N8PE6DCuxbthCWGiARo_BCGXXYrJIJ8BcxsGJLPaNc_aS6yeTg=w800-h500-k-no,50.0887558,19.92199,,"plac zabaw, Kraków; plac zabaw kryty, Kraków",2,,Plener,Park,na dworze,,Kraków i okolice,3.2,z-marszu,,
ChIJD8vud6FbFkcRXS1zCjimoa4,Park im. Henryka Jordana,Park,al. 3 Maja 11,Kraków,Kraków,4.8,13870,,https://zzm.krakow.pl/lista-parkow/209-park-im-henryka-jordana.html,https://lh3.googleusercontent.com/gps-cs-s/AHRPTWnxAmSLZEZh0i1l4aFUaxu92Ad2GrriZH99T_-e3PAFTzjNmaE77a9v5VZhot-1e-9n54A_C2o6FmiE7fqUfX2D2FBzMX72ya20vB6yqsVbCYYz6WeCb88uGWwCXOiAU7x4Eyx6Dg=w800-h500-k-no,50.0634144,19.9162589,,"plac zabaw, Kraków; plac zabaw kryty, Kraków",2,,Plener,Park,na dworze,,Kraków i okolice,1.5,z-marszu,,
ChIJIeIM1yBbFkcRqeqPV0-oU0U,Centrum Sportu i Rekreacji Przystań na Eisenberga,Indoor swimming pool,Filipa Eisenberga 4,Kraków,Kraków,4.3,1194,+48 12 348 00 44,https://www.przystannaeisenberga.pl/,https://lh3.googleusercontent.com/gps-cs-s/AHRPTWll790OehsmQclTRVbXY_I9ySB00rELld-i1fJvAlI0d_oE0_n2NnGay9ib7_Epw-oaFdppBUETUyFhFlTKPSfKBLBl0CyusQIj33u4Vt6hRaYsn_4Y_ZLpg3wiqpeCcGDiXpdj=w800-h500-k-no,50.0698307,19.9674753,,"basen dla dzieci, Kraków; kąpielisko, Kraków; plac zabaw kryty, Kraków",2,,Pod dachem,Basen,w środku,,Kraków i okolice,2.3,z-marszu,,
ChIJzVkFXZBdFkcRjT_6Yeak0YE,Plac zabaw – Rzemieślnicza,Playground,Rzemieślnicza,Kraków,Kraków,3.5,25,,,https://lh3.googleusercontent.com/gps-cs-s/AHRPTWnHCtho5lP_hfeiX7fD-q8tjNQ8mecC-SWL2xQtypIhK7SO5I2ov0oYvuZQq3zXp4xwDDlWFNrmXMqgI_aSM2NTdZ5KNgNHL6ikS4fd3nBMnlzKVZGiXAAXTiWQdm1R2BrWoC0gIA=w800-h500-k-no,50.033639,19.9281532,,"plac zabaw, Kraków; plac zabaw kryty, Kraków",2,,Plener,Plac zabaw,na dworze,,Kraków i okolice,3.2,z-marszu,,
ChIJcZjESrlbFkcRaef4j1avOII,Basen AGH,Swimming pool,Jana Buszka 4,Kraków,Kraków,4.4,2947,+48 12 617 48 41,http://www.basen.agh.edu.pl/,https://lh3.googleusercontent.com/gps-cs-s/AHRPTWlLawRisvBwpENnZgbdyp0xY8xEohF8RcsQ3KF5DgmsDc7SjrOMaH-NeIeHIvqgCc-U4z111VFALh7jlWgPPliaskKYNgAeV8WyA9quU40-uI5VjgxR1tuqprYk5MWKrUAwwHyw1g=w800-h500-k-no,50.0685046,19.9010156,,"basen dla dzieci, Kraków; plac zabaw kryty, Kraków",2,,Pod dachem,Basen,w środku,,Kraków i okolice,2.7,z-marszu,,
ChIJieGEwStbFkcRiFtHwMpU8Ig,Plac zabaw – Stefana Banacha 45,Playground,Stefana Banacha 45,Kraków,Kraków,4.1,8,,,https://lh3.googleusercontent.com/gps-cs-s/AHRPTWnzvykGNkqATZcNz12jjsz2XR03IjoaNzsA0nUmvgxWP576tsEiLco0oQvpA--nhxbT7eKwTAtXnrTlnrYWJWOop60tlneNrpxCSGy5vYTtUDXrz2_de0jiiPc2oNh7mA5b8LfmFMNGg5mT=w800-h500-k-no,50.1004909,19.956089,,"plac zabaw, Kraków; plac zabaw kryty, Kraków",2,,Plener,Plac zabaw,na dworze,,Kraków i okolice,4.5,z-marszu,,
ChIJm-LstK5cFkcRrbcdZ8M3tUc,Plac zabaw – CH Bonarka City Center,Indoor playground,"CH Bonarka City Center, Henryka Kamieńskiego 11",Kraków,Kraków,,,,,https://lh3.googleusercontent.com/gps-cs-s/AHRPTWm9f3cg_l-UphLDNil88wOK-hve9TuGsqJvirSCUb1AyVXj05OIBOYT9MAMJMI3_dbPm-kYzotASq3lFBOuGEjIp7VaHGtapVM6TccriozkrlPXwHppjgVdeW552Mq39-2qfrebbw=w800-h500-k-no,50.0280186,19.9510028,,"plac zabaw kryty, Kraków",2,,Pod dachem,Sala zabaw,w środku,,Kraków i okolice,3.9,z-marszu,,
ChIJr5TKws1aFkcRSyb643yr6XI,Centrum Rekreacji Comarch,Swimming pool,prof. Michała Życzkowskiego 29a,Kraków,Kraków,4.1,649,+48 12 687 75 59,https://strefa-rekreacji.pl/,https://lh3.googleusercontent.com/gps-cs-s/AHRPTWnipOHxuesWz2CEIXBK_LRYc4IMID_RXEINKEvon2ugNr1QiElQw1ovjLJ34xDF7XnWnKHbhM59wwNq2dpFYXuere-EWhxCJQcWj0Cl17c-dkpos_h1pz4_qxGz5KYiTvr5UF0w=w800-h500-k-no,50.0799365,19.9929172,,"basen dla dzieci, Kraków; plac zabaw kryty, Kraków",2,,Pod dachem,Basen,w środku,,Kraków i okolice,4.5,z-marszu,,
ChIJqX95aWhbFkcRRIwoFO2GFoU,Plac zabaw – Hieronima Wietora 9,Playground,Hieronima Wietora 9,Kraków,Kraków,4.6,405,,,https://lh3.googleusercontent.com/grass-cs/ACvplmMplEfTqmCqMvGhIwfeT0XKS5XvIOVmnEqM3ZHVCgQ-K1PkaFEg-BrGEAJqSWennPpXGww-e2UkZ_SHOg8qU2BgU5-yioC79z56ELThN8oruRPxmY0eR4gtNtbmjKjRIl3aEBrOAA=w800-h500-k-no,50.0461942,19.9402613,,"plac zabaw, Kraków; plac zabaw dla dzieci pod dachem, Kraków",2,,Plener,Plac zabaw,na dworze,,Kraków i okolice,1.7,z-marszu,,
ChIJ1URQWqlbFkcRdjDqoTDoYJs,Plac zabaw – aleja Artura Grottgera 37,Playground,aleja Artura Grottgera 37,Kraków,Kraków,4.8,230,,,https://lh3.googleusercontent.com/grass-cs/ACvplmPx-SLNdPtc7RHZLeLwlVFU5AjX39GoGbWJSJiRCvgoTa0LPSHZWu6US6AQgNSyCbqxR0bLNESj-8OB1_n8C5mHj7eYeO-2Wox6ruVVX7a4SZ1Ip82e0wG6vm8Qn1gObXYbqNdk=w800-h500-k-no,50.0742129,19.9243165,,"plac zabaw, Kraków; plac zabaw dla dzieci pod dachem, Kraków",2,,Plener,Plac zabaw,na dworze,,Kraków i okolice,1.7,z-marszu,,
ChIJ11eUXF1bFkcR1DZoGOKs69w,Plac zabaw – plac Emila Serkowskiego,Playground,plac Emila Serkowskiego,Kraków,Kraków,4.8,342,,,https://lh3.googleusercontent.com/grass-cs/ACvplmNI9_DNg-PuXsNuCX5ou6qeWifomXoTdCBPqmjTFWNFtIOPaJ5hxBw4fGhAQwtdKlzvDfIHjwywKwyxcpWqPH8yWgyp7t0SN8lilnpmmkZtskOps5w5KDq94DQ0w_w2JzOzb-AvfQ=w800-h500-k-no,50.0437226,19.9419535,,"plac zabaw, Kraków; plac zabaw dla dzieci pod dachem, Kraków",2,,Plener,Plac zabaw,na dworze,,Kraków i okolice,2.0,z-marszu,,
ChIJ19EfADZDFkcRqaVigcZeOJQ,Plac zabaw – Franciszka Bujaka 47,Playground,Franciszka Bujaka 47,Kraków,Kraków,4.6,281,+48 12 201 02 41,,https://lh3.googleusercontent.com/grass-cs/ACvplmMgJKRSaBoHn766u0R4SyYHx-8abVoYM_MKvZyj0sq2hfqrLA56lMbChGMBOCjEEACQ8Jpqx0WkYO9dno0zZTC4Zs6QkcbjKKuks0kF7B8fy5XuvXsfKDWAQD3UxSlWeMBOyO0=w800-h500-k-no,50.0100941,19.9567391,,"plac zabaw, Kraków; plac zabaw dla dzieci pod dachem, Kraków",2,,Plener,Plac zabaw,na dworze,,Kraków i okolice,5.9,z-marszu,,
ChIJURriZSpFFkcRdoA1lxKLSl4,Plac zabaw – Aleja Pokoju,Playground,Aleja Pokoju,Kraków,Kraków,4.6,32,,,https://lh3.googleusercontent.com/gps-cs-s/AHRPTWnBN1k4s2sV1nJ554zV_8jngVEPoGGrUhYkoxZ_uBantISf4_MjQIHjPzpCnf9JHoLnT136_Qavb-vPUknF3XJUjaNo3ffDEWN4_-ly_AoMHuk2SsF6dB8Sr0ElyyOE1EoG7iR_=w800-h500-k-no,50.0680929,19.9955651,,"plac zabaw, Kraków; plac zabaw dla dzieci pod dachem, Kraków",2,,Plener,Plac zabaw,na dworze,,Kraków i okolice,4.2,z-marszu,,
ChIJsXZKybhaFkcRZ9wEl-iV5uU,Smoczy Skwer,Playground,Klimka Bachledy 4,Kraków,Kraków,4.7,164,,,https://lh3.googleusercontent.com/gps-cs-s/AHRPTWmEIk-79hvZNkhNrveUM4ZmosorEdlZxB4y3YThfgeeLcZdsFgqYJOn4ohFSxuimvIclFLW29aVt4eu28ieARFr3BPYPP0c2Lt9lG2gRmZn2wZ2IZygYUh9vp7WR-ndq9s3PFRf=w800-h500-k-no,50.091689,19.9865583,,"plac zabaw, Kraków; plac zabaw dla dzieci pod dachem, Kraków",2,,Plener,Plac zabaw,na dworze,,Kraków i okolice,4.8,z-marszu,,
ChIJSZTESwBbFkcRiCDblAysAGs,Plac zabaw pod torami,Playground,Blich 5/3,Kraków,Kraków,4.8,20,,,https://lh3.googleusercontent.com/gps-cs-s/AHRPTWl2hy2rfNGbAIOIC0lTYfPqbh7Dy3zhnhiy130eZYbJau1-Xc2nshQKbtqOyukv6v7lqBCra8t_j7AmuXbMjy7wEYz7bFbDnkDb5sBJZAkdhzBUxugB2zgceWcGX_a7kbQ_CO9qZD89Nzh6=w800-h500-k-no,50.0604114,19.9476817,,"plac zabaw, Kraków; plac zabaw dla dzieci pod dachem, Kraków",2,,Plener,Plac zabaw,na dworze,,Kraków i okolice,0.8,z-marszu,,
ChIJ4dO72jNdFkcR1241xExLHjc,Plac zabaw – Jerzego Smoleńskiego 141A,Playground,Jerzego Smoleńskiego 141A,Kraków,Kraków,4.3,34,,,https://lh3.googleusercontent.com/gps-cs-s/AHRPTWmGIjXEMakgnNUCEz_mYOb0cMaMCVIFUNspCxTltgUOIFjBQt6xS1F9lD6Mo2eMgYea0KhE6sHd_Kleuc-t9G87zqBzWQ2gJDfIlwPQKk_RwKNLtKbvJR4m2fKr9NpCibv_-CEv=w800-h500-k-no,49.9811511,19.9198723,,"plac zabaw dla dzieci pod dachem, Kraków",2,,Plener,Plac zabaw,na dworze,,Kraków i okolice,9.0,z-marszu,,
ChIJKV03NURDFkcRzyeoKLYq1nQ,Plac Zabaw Dla Dzieci,Playground,Podgórze Duchackie,Kraków,Kraków,4.1,14,,,https://lh3.googleusercontent.com/gps-cs-s/AHRPTWnDn31JgB2EmaeSt1we77CK-q68L7WvWX5sNukmewyKU_Ojc_AxSCi3T3lme8EqF2wC8mLE0hA53C9gPa4ucyWEagtkB2zu9m_y5DACuOWyVrfZz077ezgzemfr88ayTvqU_SzeRw=w800-h500-k-no,50.0140809,19.9716857,,"plac zabaw, Kraków; plac zabaw dla dzieci pod dachem, Kraków",2,,Plener,Plac zabaw,na dworze,,Kraków i okolice,5.8,z-marszu,,
ChIJBWyMp_ZcFkcRy5XFihRTu8Y,Plac zabaw – Profesora Władysława Konopczyńskiego 1,Playground,Profesora Władysława Konopczyńskiego 1,Kraków,Kraków,4.4,316,,,https://lh3.googleusercontent.com/gps-cs-s/AHRPTWlpIhYAJwYOY4qPGXcuBsoWCbEOJOcYP0VraEuUYDSSD1965PuHBPUb2Mc-Cb2m5NdxFbyX2PqO_IdOsf0I4e7OdvZ6ul2kbdWiE4Wsele78WCO_y-TT062P26T0iM1PjpZQd-T-Q=w800-h500-k-no,50.0155192,19.8955556,,"plac zabaw, Kraków; plac zabaw dla dzieci pod dachem, Kraków",2,,Plener,Plac zabaw,na dworze,,Kraków i okolice,5.9,z-marszu,,
ChIJYZt9soJbFkcRFKWtHpbdj9g,PixelPark Kraków ul. Wrocławska 28,Amusement center,Wrocławska 28,Kraków,Kraków,4.9,185,+48 790 600 063,https://pixelpark.com.pl/,https://lh3.googleusercontent.com/gps-cs-s/AHRPTWnzVHol23QMwKfH6TGbLLqqZxp_o1jznUf8Rm0aH1Hv6ZP2OyjX2jnRIXTS4cyEsa3x2L0chyMTfkBczTL7g3LtlQ44VfuSUStUIyUiOIEGd3oqYBy_yOWBI2rB2t0CiOBsM8451pjPLQOg=w800-h500-k-no,50.0760456,19.9283153,,"laser tag, Kraków; plac zabaw dla dzieci pod dachem, Kraków; park, Kraków",2,,Pod dachem,Sala zabaw,w środku,,Kraków i okolice,1.7,z-marszu,,
ChIJixJN8I9cFkcRt4LJ0rqHI3c,Plac zabaw – Stefana Grota-Roweckiego 35,Playground,Stefana Grota-Roweckiego 35,Kraków,Kraków,4.4,70,,,https://lh3.googleusercontent.com/gps-cs-s/AHRPTWmMDeu2wOSgHV0N6VwvQtXljxcFJlTgdDfBekl5bmQOjvwzxppLdUo1OjZua2xVjp8KIwTAbLZ7O8SatvlpuSup2xkEvbY3BfTHlZlR68_jcW1B_dvtRUWcvBhL2hK8xQM3444=w800-h500-k-no,50.0281187,19.9121897,,"plac zabaw, Kraków; plac zabaw dla dzieci pod dachem, Kraków",2,,Plener,Plac zabaw,na dworze,,Kraków i okolice,4.1,z-marszu,,
ChIJx6U2msFdFkcR3NaNA-ljFxs,Plac zabaw – Lubostroń,Playground,Lubostroń,Kraków,Kraków,3.7,3,,,https://lh3.googleusercontent.com/gps-cs-s/AHRPTWkJvjn21FYpKeG7NzH8TlN0smcCSilO5lN6v-HNQDAlx3_yWOYXXXrrrg0esPfyTE0ImGvPXuaq3cfJYv7Vg1s51uzFuIUc7tcVvxGq_dFbyQvfANffZseNw5QaECRsjkMUEJgV=w800-h500-k-no,50.0167328,19.9016187,,"plac zabaw, Kraków; plac zabaw dla dzieci pod dachem, Kraków",2,,Plener,Plac zabaw,na dworze,,Kraków i okolice,5.6,z-marszu,,
ChIJ9V2j50JdFkcRefBDnSccjJs,Klub Fikołki,Children's amusement center,Karola Bunscha 19,Kraków,Kraków,4.5,85,+48 500 200 200,https://fikolki.pl/,https://lh3.googleusercontent.com/gps-cs-s/AHRPTWkxZ3qeJ12Y1KRhcBzYXmCCcA01O7BtH21rjwYUNFsnW0hw8Psu5QDFGTgO1F-OYCFJtgvMJnIE9UyUnh51hUOkqFAwLHyncnXyGGAzi74C1jP5pmC-zoJAIEqvJsuII6haaR-lCBDhKmhr=w800-h500-k-no,50.0130969,19.8855564,,"sala zabaw dla dzieci, Kraków, muzeum, K...; zajęcia umuzykalniające dla dzieci, Krak...",3,,Pod dachem,Sala zabaw,w środku,,Kraków i okolice,6.5,z-marszu,,
ChIJL1WmZLBZFkcRUV-v1NNZYVA,WOMAI Kraków Centrum Nauki i Zmysłów,Studying center,ul. Pawia 34,Kraków,Kraków,5,5552,+48 12 313 23 59,https://womai.pl/%3Futm_source%3Dgoogle_my_business%26utm_medium%3Dorganic%26utm_campaign%3Dprofil_firmy,https://lh3.googleusercontent.com/gps-cs-s/AHRPTWmMcm5Zx5wi9Xbkx2jsjuyN_cMFgglZzBd4R5JKQNf98TLjDNNLqxiqxhp2_tbKU8g_-HAmpKYvk3K2BJT9Hw1ncEBw7tGiDZIPeE4szgKGwLhwBnB-LVgRLRxb4U9NMoK8zcSO8ugNtN7H=w800-h500-k-no,50.0693057,19.9449077,,"sala zabaw dla dzieci, Kraków, muzeum, K...; zajęcia mama i dziecko, Kraków",3,,Pod dachem,Muzeum,w środku,tak,Kraków i okolice,1.0,z-marszu,,
ChIJySQ8SeRtFkcRJ5lEFLSd9tY,Teatr Kultureska - teatr dla dzieci w Krakowie,Children's theater,,Kraków,Kraków,4.7,180,+48 570 990 923,http://www.kultureska.pl/repertuar,https://lh3.googleusercontent.com/gps-cs-s/AHRPTWlnVYcvxCC14RvCCP-T0PbsJAG_XXcI812ILpDkYmYzu3S50i_N6kC42YJ6zbGHETnjVjnuH_5zCe58_8uNOfGjgND1VufySwLq9UMAlLkjmxU2FsSlhCu355SmnS_RPjIqAgZRnA=w800-h500-k-no,50.0843347,19.922938,,"sala zabaw dla dzieci, Kraków, muzeum, K...; dom kultury, Kraków",3,,Pod dachem,Teatr,w środku,tak,Kraków i okolice,2.7,z-marszu,,
ChIJ3zKqig5bFkcRvd27ptS10V8,MICET - Muzeum Starego Teatru w Krakowie,Museum,Jagiellońska 1,Kraków,Kraków,4.4,70,+48 735 597 182,http://micet.pl/pl/o-nas/,https://lh3.googleusercontent.com/gps-cs-s/AHRPTWnVonDVukFHVY2L7Bk4-cN-yWmBoFGm0VuawoVo3jOYhNldnyJDv3r9nVpTm2zp2G43pBx4aJtonDBdIp2Qwoxia94eHyQ_HBXISGAQN8Ah1lwt7yU5xtTBJduPAbzyUoKufQ3KTQ=w800-h500-k-no,50.0631091,19.9354638,ukryte: brak oferty dla dzieci (do przywrócenia),"sala zabaw dla dzieci, Kraków, muzeum, K...",3,,Pod dachem,Muzeum,w środku,tak,Kraków i okolice,0.2,archiwum,,
ChIJ8QGqhjJbFkcRR0kP2c_Ijck,Muzeum Iluzji Kraków,Museum,Floriana Straszewskiego 15,Kraków,Kraków,4.6,5860,+48 513 050 220,https://krakil.pl/,https://lh3.googleusercontent.com/gps-cs-s/AHRPTWnvQqlK1-IQ4LCrH10tRlCcJRuCsDfyR7X0Y8EKw_mdtZs_iaADBZpcrruzBlzajkBIMtGrEMo7ch-0oafxDgm_wQi5gG5L6mUasfGVxK2zIr4J4bZAqcsMnFQ7EEKjpAEFji2HJywtm9gu=w800-h500-k-no,50.0576977,19.9334949,,"sala zabaw dla dzieci, Kraków, muzeum, K...",3,,Pod dachem,Muzeum,w środku,tak,Kraków i okolice,0.5,z-marszu,,
ChIJ3Q97Bw5bFkcRc3GzJiVsH9A,MNK Sukiennice,Museum,Rynek Główny 3,Kraków,Kraków,4.7,16585,+48 12 433 54 00,https://mnk.pl/oddzial/mnk-sukiennice/o-oddziale,https://lh3.googleusercontent.com/gps-cs-s/AHRPTWlBB1czS019E2kdCiRv9w2U1sYxMsSRuKUHzhHu69eOdGJi2A75_WZCFLkD1M-b2-axAUgQaLtIQW3mFzre__dubVqKYkHoADn-sdewM2tRLVfNWqSHbWljEPIAQ1quqUCQCvbZAw=w800-h500-k-no,50.0617132,19.9373488,do weryfikacji (wystawy dla dzieci?),"sala zabaw dla dzieci, Kraków, muzeum, K...",3,,Pod dachem,Muzeum,w środku,tak,Kraków i okolice,0.0,z-marszu,,
ChIJERHICBJbFkcRo-dPAVreKqU,Muzeum Podziemia Rynku,Local history museum,Rynek Główny 1,Kraków,Kraków,4.4,10144,+48 12 426 50 60,https://muzeumkrakowa.pl/en/branches/rynek-underground,https://lh3.googleusercontent.com/gps-cs-s/AHRPTWki_fb1tGvmFN66FGjQZcE8loNWDR8xqR9rAi1rZ8bKcqHo5pHUOK3u92QZC5M-h82EGkS0I3UZywyrxgjIpA3OErWGIjIsL4KT1TKSQXaLs97NBki-HXYMU29vX7zB8c2yr0Zs=w800-h500-k-no,50.061934,19.93777,,"sala zabaw dla dzieci, Kraków, muzeum, K...",3,,Pod dachem,Muzeum,w środku,tak,Kraków i okolice,0.0,z-marszu,,
ChIJE6cB8UFbFkcRdUbFyONvAq8,Muzeum Inżynierii i Techniki,Museum,Św. Wawrzyńca 15,Kraków,Kraków,4.4,4985,+48 12 428 66 00,http://www.mit.krakow.pl/,https://lh3.googleusercontent.com/grass-cs/ACvplmOsvablh0p1TERo_1ODQGUhAKzfjRticlDCXrkrtWm2HvFerAXM6Lr-f5fWLZ2B6N9BiJLn3OWQN_lmzfImsNZnCYTMu2qdq_ogQwoJzYEoj_Z5uuper96CQCngrL8XA9lyN0G1lw=w800-h500-k-no,50.049764,19.946822,,"sala zabaw dla dzieci, Kraków, muzeum, K...",3,,Pod dachem,Muzeum,w środku,tak,Kraków i okolice,1.5,z-marszu,,
ChIJwaiFbA5bFkcR6smpjHvFl6Y,Muzeum Krakowa – Pałac Krzysztofory,Local history museum,Rynek Główny 35,Kraków,Kraków,4.6,5166,+48 12 619 23 35,http://www.muzeumkrakowa.pl/,https://lh3.googleusercontent.com/grass-cs/ACvplmOrsAONnhmIPSrjCx0L45ua6thA9nt6ao2ekCI78nBeR0-gkgEwgSzk3XL_JgpvwsZw59RFvak4h9vr8hN1Zb7y0D2BcHJkzaUYqrSlCmSxPqkTcSeLfC5lBMnXD-0uc47mKi7g=w800-h500-k-no,50.0626812,19.9365176,do weryfikacji (wystawy dla dzieci?),"sala zabaw dla dzieci, Kraków, muzeum, K...",3,,Pod dachem,Muzeum,w środku,tak,Kraków i okolice,0.1,z-marszu,,
ChIJfSHv6GlbFkcR-JYUCj7vEos,Muzeum Etnograficzne im. Seweryna Udzieli,Ethnographic museum,plac Wolnica 1,Kraków,Kraków,4.6,1207,+48 12 430 60 23,http://etnomuzeum.eu/,https://lh3.googleusercontent.com/grass-cs/ACvplmMlhQ9Ofd9IgXqL5Rh1ABmYNKo1I78kPiP_YXsOfkrhdpLtoQL1nlFDi9CTnX_OKs3x-JZM_tpxhJyUWgUHc3OhBvWuyyTudFIT7L3_3v0YiDlSFCRrmh-u5JzQ4J8J7QIKDbQ=w800-h500-k-no,50.0485902,19.9434773,do weryfikacji (wystawy dla dzieci?),"sala zabaw dla dzieci, Kraków, muzeum, K...",3,,Pod dachem,Muzeum,w środku,tak,Kraków i okolice,1.5,z-marszu,,
ChIJXyakVTlbFkcRPYszRs5sCfA,Ogród Doświadczeń im. Stanisława Lema,Studying center,Aleja Pokoju 68,Kraków,Kraków,4.7,2248,+48 12 428 66 00,https://www.mit.krakow.pl/ogrod/,https://lh3.googleusercontent.com/grass-cs/ACvplmO-ecbsPz0FANEaBn2UEiRMz0fo42LFIaOJv9UTsPs4KHq3gHbj5Zp11hCt_xZNvwgTisYDwxiTwYiGnv_3mF_48a2N-0_4mkX7CoBPGXhuUB9Q6cmB8qU7u2r1t7STUdhKIZUU1A=w800-h500-k-no,50.0672903,19.9971208,,"sala zabaw dla dzieci, Kraków, muzeum, K...; gospodarstwo edukacyjne, Kraków",3,,Pod dachem,Muzeum,w środku,tak,Kraków i okolice,4.3,z-marszu,,
ChIJk5JmtBFbFkcRlHTQ4-7tSL8,Centrum Interpretacji Niematerialnego Dziedzictwa Krakowa,Ethnographic museum,Szpitalna 21,Kraków,Kraków,4.5,53,+48 12 422 52 58,,https://lh3.googleusercontent.com/grass-cs/ACvplmN6_UIQJZlpuMAbdDO8YOtTCCF9xS72wMU-DTxpzLzT4pr_YQFrk2IfbrkOibrgLLN98EqjzV9aJXTbcZbT4CbW68UaToRSDEMu3maDyyNKU2gbl_RidNX3MpY4l6_s_pcdwDXegQ=w800-h500-k-no,50.063256,19.9418367,ukryte: brak oferty dla dzieci (do przywrócenia),"sala zabaw dla dzieci, Kraków, muzeum, K...; dom kultury, Kraków",3,,Pod dachem,Muzeum,w środku,tak,Kraków i okolice,0.4,archiwum,,
ChIJG3usUAVbFkcR4RMDUqefe6c,Żywe Muzeum Obwarzanka,Museum,Ignacego Paderewskiego 4,Kraków,Kraków,4.9,3061,+48 600 797 528,http://www.muzeumobwarzanka.com/,https://lh3.googleusercontent.com/grass-cs/ACvplmNpzgExmE8YpN486S-0U2LdJIfpVaJ8Pye4I53JOndtMlvhUpErlsWOnIzyKlCUd1s7U8UlbJ1abu4SYDpt9CWZacIO5ji0yWZhUfPm4TlfMONfI4WuF8z7q6FLyf191Iq38KVWAQ=w800-h500-k-no,50.0666362,19.9408286,,"sala zabaw dla dzieci, Kraków, muzeum, K...; zajęcia mama i dziecko, Kraków",3,,Pod dachem,Muzeum,w środku,tak,Kraków i okolice,0.6,z-marszu,,
ChIJv-Yt2g9bFkcR6Iut31RVCzY,Muzeum Książąt Czartoryskich,Museum,Pijarska 15,Kraków,Kraków,4.8,10650,+48 12 370 54 60,https://mnk.pl/oddzial/mnk-muzeum-czartoryskich,https://lh3.googleusercontent.com/grass-cs/ACvplmN6TKt9vPl_Mt5PYxaky5TN9BIs0lxUD7M8yd0aBYJ7uZj3iZIV62xbtkTAVckCBHC4qcud78wH6nnxca54dBsRlzrQi_2WlLMQnj_iOuwURa_AZcShrZ7OvnGIstdMoH4S5Einyu5S2vM=w800-h500-k-no,50.0646918,19.9400993,do weryfikacji (wystawy dla dzieci?),"sala zabaw dla dzieci, Kraków, muzeum, K...",3,,Pod dachem,Muzeum,w środku,tak,Kraków i okolice,0.4,z-marszu,,
ChIJKWHu5xJbFkcRiPomMU9HJbw,Muzeum Żywego Motyla,Museum,Grodzka 48/2,Kraków,Kraków,4.2,5016,+48 884 665 632,https://muzeum-motyli.pl/%3Futm_source%3Dgooglebusinessprofile%26utm_medium%3Dorganic%26utm_campaign%3Dmotyle,https://lh3.googleusercontent.com/grass-cs/ACvplmPMzgvwCOJ0i4R2GvzIXoydp_iGvp_sneJe-KVUVSIBKJb-g4ebaJsZEeenqAd8AEiyd_VPDgcTN9MBbjdHz-1Mx3EqEjU9y2SKw9aDH2v6t1P7_FjtQG4y-uWvWTlf6bGHBVWw=w800-h500-k-no,50.0575653,19.9384465,,"sala zabaw dla dzieci, Kraków, muzeum, K...",3,,Pod dachem,Muzeum,w środku,tak,Kraków i okolice,0.5,z-marszu,,
ChIJSVjQpBJbFkcR4vtSbQViw4c,Muzeum Archeologiczne w Krakowie,Archaeological museum,Senacka 3,Kraków,Kraków,4.5,2706,+48 12 422 71 00,http://ma.krakow.pl/,https://lh3.googleusercontent.com/grass-cs/ACvplmMU4b7TzmXN34TqQnMqcKyynxZd1PjUdyHSASMEp7drQw4Bp9tMKgvK7lMHZiZ9Cv368P72Uv1W-PNRgkHwQd8lFK6Roi1Bm-ZbfcTVYxxO6xdezbppSkA5E9OPBCFpe66j4wX6=w800-h500-k-no,50.0576552,19.9366806,do weryfikacji (wystawy dla dzieci?),"sala zabaw dla dzieci, Kraków, muzeum, K...",3,,Pod dachem,Muzeum,w środku,tak,Kraków i okolice,0.5,z-marszu,,
ChIJteDFuwRbFkcRAraKL1qIzoI,Małopolskie Centrum Nauki Cogiteon,Studying center,Stefana Steca 1,Kraków,Kraków,3.4,708,+48 12 314 93 65,http://www.cogiteon.pl/,https://lh3.googleusercontent.com/grass-cs/ACvplmPdaDEq9msYGzHLoaSWGtZrh6XVTBBkMt7xXt9w-aWkr0ModfUhtaxlguDKAaZzDS-JX728eV7SaRGB3ryhVRcG7eIyIEM0AtAbJ1Padxw3JL3Ml7ZhVbjBdJY_4Q3rqKHgxUeBvMFNhsqF=w800-h500-k-no,50.08475019999999,19.9912471,,"sala zabaw dla dzieci, Kraków, muzeum, K...",3,,Pod dachem,Muzeum,w środku,tak,Kraków i okolice,4.6,z-marszu,,
ChIJUULRqmxbFkcR6MecGphDJ3I,Muzeum Przyrodnicze Instytutu Systematyki i Ewolucji Zwierząt PAN w Krakowie,Museum,Świętego Sebastiana 9,Kraków,Kraków,4.5,342,+48 12 422 89 37,https://www.isez.pan.krakow.pl/pl/muzeum,https://lh3.googleusercontent.com/grass-cs/ACvplmMUk-UMMgUI4sWe2-zNVKx6asJu0dCW-V8tckYXaSbGOF3JAYgh1nEtBLrGAtyEa5OFrSbaUZ1n2Byop8-r0wwDXmJPU_htqMDefp8s5zVqaT_Ili6i0UsnJnGRZ0ezfh8PpnI=w800-h500-k-no,50.0554991,19.941458,,"sala zabaw dla dzieci, Kraków, muzeum, K...",3,,Pod dachem,Muzeum,w środku,tak,Kraków i okolice,0.7,z-marszu,,
ChIJZ7nesu5aFkcRl6FM_I0-FR4,ChemicAl World - Warsztaty Dla Dzieci,Education center,Osiedle Centrum B 6,Kraków,Kraków,5,163,+48 570 075 900,https://chemical-world.pl/,https://lh3.googleusercontent.com/grass-cs/ACvplmOG9-fsTQR-C1ZFSOqjRtJl6y6TxouOc_p9a85uWHvgi1enY391jBFDZ1DWfz635ZVPdty450Qz_li6fv2GZO8j6HdSEMsxRWqa-SZngZM59VxxPFHGcaQ5q1cW42l72FUC4rf7=w800-h500-k-no,50.0735791,20.0405788,,"sala zabaw dla dzieci, Kraków, muzeum, K...; zajęcia mama i dziecko, Kraków",3,,Pod dachem,Nauka i eksperymenty,w środku,,Kraków i okolice,7.5,zajecia,,
ChIJ2-L1uEhbFkcR-Zek84Ap7zI,Oskar Schindler's Enamel Factory,Museum,Lipowa 4,Kraków,Kraków,4.5,26322,+48 12 257 00 96,https://muzeumkrakowa.pl/oddzialy/fabryka-emalia-oskara-schindlera,https://lh3.googleusercontent.com/grass-cs/ACvplmOU5pfPg6GochUvVGPKrThS6brEVMKRPls_-G00htWwMS1rPMBBEmGIqM9I2X5zPck-ceBtPpfbAqpfnQuKXq0mk2hPC6wFXROW7sEgg4veo4_Fu50W0Uo53nJEsLyBkmwTgD0=w800-h500-k-no,50.0474296,19.9615736,ukryte: brak oferty dla dzieci (do przywrócenia),"sala zabaw dla dzieci, Kraków, muzeum, K...",3,,Pod dachem,Muzeum,w środku,tak,Kraków i okolice,2.3,archiwum,,
ChIJQ8aKoz5bFkcRpYw-fHW25KA,Pałac Krzysztofory,Museum,Rynek Główny 35,Kraków,Kraków,5,1,+48 12 619 23 35,https://muzeumkrakowa.pl/oddzialy/palac-krzysztofory,https://lh3.googleusercontent.com/grass-cs/ACvplmPsE1jFvgmX0ep7Xk_yLzBDEM6q9Xtaur2MNqIHWyqxmEJXafkFmGIt5fuhWDbG_vPglXjI9RRqpNvSVsoFd2DIw5mlhw2n_AwQinPNkpAQ-jYaDEYktVkqTzmxek5rCU4Kzjb_E58gHqBk=w800-h500-k-no,50.0626956,19.9366334,ukryte: brak oferty dla dzieci (do przywrócenia),"sala zabaw dla dzieci, Kraków, muzeum, K...",3,,Pod dachem,Muzeum,w środku,tak,Kraków i okolice,0.1,archiwum,,
ChIJ2RUiT9VbFkcR1bZOS3YRwcU,"Regionalne Muzeum Młodej Polski ""Rydlówka""",Local history museum,Włodzimierza Tetmajera 28,Kraków,Kraków,4.5,847,+48 12 265 10 15,https://muzeumkrakowa.pl/oddzialy/rydlowka,https://lh3.googleusercontent.com/grass-cs/ACvplmOH4LxoO9gUduxPU3R49vnYAAwMNwdR8I3eFuoOJZWAI3jlStkmsJj5fnm9W_RTn6T_RDYsO6xqL6pAZd7o2nvHv4u_SZY1tdhu-M69Qp5-k9xz-vhxl5I5_uhibFaVgEv1vKkA=w800-h500-k-no,50.0877496,19.8780396,do weryfikacji (wystawy dla dzieci?),"sala zabaw dla dzieci, Kraków, muzeum, K...",3,,Pod dachem,Muzeum,w środku,tak,Kraków i okolice,5.1,z-marszu,,
ChIJL7ebLp5bFkcR3Dy7AX_1jls,Muzeum Zabawek w Krakowie,Toy museum,Mikołaja Kopernika 19A,Kraków,Kraków,4.3,21,+48 508 176 236,https://www.muzeumzabawekrakow.pl/,https://lh3.googleusercontent.com/gps-cs-s/AHRPTWlAYOq__Nk3IDnNET5kt1IZpQtkML8LjcxjCOKLGKw8_Y4zaV9MRzfV3Xd-VM1cmquP-VLgvaJTIJF-pMC9OSRA9WX6VuO32-_-YAHpQVDnvcOAe4hECEJooJYX8a-5E7v5O3n8JKvpBKsN=w800-h500-k-no,50.0620671,19.9527218,,"sala zabaw dla dzieci, Kraków, muzeum, K...",3,,Pod dachem,Muzeum,w środku,tak,Kraków i okolice,1.1,z-marszu,,
ChIJFzozgLpeFkcRBxXikY1GRS8,Thesaurus Cracoviensis - Centrum Interpretacji Artefaktów,History museum,Księcia Józefa 337,Kraków,Kraków,4.9,85,+48 12 426 50 60,https://muzeumkrakowa.pl/oddzialy/thesaurus-cracoviensis,https://lh3.googleusercontent.com/gps-cs-s/AHRPTWk1MetqYn8Go5BQZ_sxxn6g_D-EkI30lViPr6hIBQqrl7SUMeyCy45U7KQbTneMdNmeqqun1gGUF-GS8_dI-iXpRzRSRuANsnFuNxz0yF1-2bJPZE6QEPAW60v92ymIfBiI6iI=w800-h500-k-no,50.0442583,19.824425,ukryte: brak oferty dla dzieci (do przywrócenia),"sala zabaw dla dzieci, Kraków, muzeum, K...",3,,Pod dachem,Muzeum,w środku,tak,Kraków i okolice,8.3,archiwum,,
ChIJY3zpYg5bFkcR17dqnbGs7Ls,Narodowy Stary Teatr im. Heleny Modrzejewskiej,Performing arts theater,Jagiellońska 1,Kraków,Kraków,4.6,1180,+48 12 422 80 20,https://stary.pl/pl/,https://lh3.googleusercontent.com/gps-cs-s/AHRPTWmMF6Kogw7aUiOtJVjc1FxgpWLByQh9szMikOrDLf96_VSWk8ZzuFW1eCZ5Lu0hlxGaiLssc0JRndQ5rswrU9-mIbRHWwFtMcnCqzyU5BHBUn4lZL6mimVDzcGXpZmgJ03IzCo=w800-h500-k-no,50.0633145,19.9354307,,"sala zabaw dla dzieci, Kraków, muzeum, K...",3,,Pod dachem,Teatr,w środku,tak,Kraków i okolice,0.2,z-marszu,,
ChIJgZrW2BVFFkcRDZo1WALxMD0,Ośrodek Kultury Kraków-Nowa Huta,Community center,Osiedle Zgody 1,Kraków,Kraków,4.4,38,+48 12 644 24 32,http://krakownh.pl/,https://lh3.googleusercontent.com/gps-cs-s/AHRPTWnfUQFO2j79AZcI6tCa3V2nyrtQcpVgt94wOzrFf-dXMzVvZQCrf75tofUZOlbGWPBNE0gF8j8rxRlF-WxTJ1H3m5JsJDXHhhxXg1nyXLLOtFGk9ibNHBwn5T4lCan3QhtFOL3AJg=w800-h500-k-no,50.0767051,20.032598,,"sala zabaw dla dzieci, Kraków, muzeum, K...; dom kultury, Kraków",3,,Pod dachem,Instytucja kultury,w środku,tak,Kraków i okolice,7.0,zajecia,,
ChIJ0W0GNwtbFkcRhlKmDyLdTFE,muWi – Muzeum Witrażu,Art museum,Aleja Zygmunta Krasińskiego 23,Kraków,Kraków,4.8,1284,+48 512 937 979,http://www.muzeumwitrazu.pl/,https://lh3.googleusercontent.com/gps-cs-s/AHRPTWmn0Q3727SUKQgrWJCpaNmCGPySHjQiSiDmLROYaoJ_ZViOqqNGKtDlkcI911Z2sSYz2TFLUUPsiwEzTNo-xBHjiaLMw9JVbB_ayiLHevabYd93SDjrRynZSG8xuT14WmcC_I4P=w800-h500-k-no,50.05898759999999,19.9257247,do weryfikacji (wystawy dla dzieci?),"sala zabaw dla dzieci, Kraków, muzeum, K...",3,,Pod dachem,Muzeum,w środku,tak,Kraków i okolice,0.9,z-marszu,,
ChIJQ0Xs69tFFkcRMYu-xuuPMmI,Hangar Czyżyny,Museum,Osiedle 2 Pułku Lotniczego 26 a,Kraków,Kraków,4.6,990,+48 12 428 66 00,https://www.mit.krakow.pl/,https://lh3.googleusercontent.com/gps-cs-s/AHRPTWnOI4JpWcV1iAAv6NsEc1V5lch2A_kxMsMNMOv2zkc1Nhk6rg9MJniO9PW5I307vBQomlw3mENrYeZ7gsDNy--_tjCoXmAfdOjaNWb3Szdfz_PVCcXyFDjI8EmhIKSXmK9duOc=w800-h500-k-no,50.07787889999999,20.0023157,,"sala zabaw dla dzieci, Kraków, muzeum, K...",3,,Pod dachem,Muzeum,w środku,tak,Kraków i okolice,5.0,z-marszu,,
ChIJewoL7RFbFkcRTFmdybbyruY,Kamienica Hipolitów,Museum,plac Mariacki 3,Kraków,Kraków,4.6,285,+48 12 422 21 18,https://www.muzeumkrakowa.pl/oddzialy/kamienica-hipolitow,https://lh3.googleusercontent.com/gps-cs-s/AHRPTWnJ99ak_xdrMlSxXzzGQ8m5lmjCBXAiupZ-62bnPfJJVNf7MTqPGoozxhpcagxqyTRJRZ1J1lSVrhXlJwHz0N1vzzbHnpRGCpaOd-uqqF5QxeNtewHDErIhI4IsnIE6-m_X7AN-Sw=w800-h500-k-no,50.0618572,19.9401274,ukryte: brak oferty dla dzieci (do przywrócenia),"sala zabaw dla dzieci, Kraków, muzeum, K...",3,,Pod dachem,Muzeum,w środku,tak,Kraków i okolice,0.2,archiwum,,
ChIJP2oY_w9FFkcRXANAjJucpG0,Muzeum Nowej Huty,Museum,Osiedle Centrum E 1,Kraków,Kraków,4.3,1424,+48 12 446 78 21,https://www.muzeumkrakowa.pl/oddzialy/muzeum-nowej-huty,https://lh3.googleusercontent.com/gps-cs-s/AHRPTWmqOlpE2J1bvvM8REJTkdNZPk3HOJ9V7XVG1hfLL9sw_5Xgn_LF_S-cItLOTAvkSxP-w-ZkPIQIY35RFxiNfXWzHP54MNFmEejDa7SdrDQ0H3rwacKhy8VuSKoQkPzQPUMb1vI9=w800-h500-k-no,50.070108,20.0412795,do weryfikacji (wystawy dla dzieci?),"sala zabaw dla dzieci, Kraków, muzeum, K...",3,,Pod dachem,Muzeum,w środku,tak,Kraków i okolice,7.5,z-marszu,,
ChIJRVWq8hBbFkcRJSf76xiiCww,Kocia Kawiarnia Kociarnia – Lubicz,Coffee shop,Lubicz 1,Kraków,Kraków,4.3,7004,+48 795 277 060,https://kociakawiarnia.pl/strona-glowna/,https://lh3.googleusercontent.com/gps-cs-s/AHRPTWnLisfu5p1zHM21RxjulL_abjykqWDLdzNggUx2g1YggHdvZSt13PZ9B1Zk52rpUrsDPbgtxJqysnACXx9YUG50n6yIA5rTdd0Gh3klfO2t9v8ETgiFgg78Dj06BZq8BxvG3TFNZQ=w800-h500-k-no,50.06445129999999,19.9453398,,"kawiarnia tematyczna, Kraków; kawiarnia z placem zabaw, Kraków, kawiar...",4,,Pod dachem,Kawiarnie i restauracje dla rodzin,w środku,,Kraków i okolice,0.7,z-marszu,,
ChIJFUjKaLNbFkcReSpBU-8HipU,Kocia Kawiarnia Kociarnia [7+],Cat cafe,Karmelicka 10,Kraków,Kraków,4.5,1602,+48 795 277 060,https://kociakawiarnia.pl/kawiarnia-karmelicka/,https://lh3.googleusercontent.com/gps-cs-s/AHRPTWmsYFO6elovaFjpVU94_BG058OBYOJqygGr6eicVrdRbdv8GDe_CZZTAuF8k4h7tH5yX-PjN267sviNuI6_oiQoHXkPW8MOpYExF_LjjpEZnJU9ODBNXM-egEnqhLYYvVgkhPkRx-friElm=w800-h500-k-no,50.0640622,19.932057,,"kawiarnia z placem zabaw, Kraków, kawiar...; kawiarnia z kącikiem zabaw, Kraków",4,,Pod dachem,Kawiarnie i restauracje dla rodzin,w środku,,Kraków i okolice,0.5,z-marszu,,
ChIJOW1VzKVbFkcRi6XHlYhnqRM,Kocia Kawiarnia Cat&Alice,Cat cafe,Podwale 3,Kraków,Kraków,4.5,417,+48 509 568 341,https://catandalicekociakawiarnia.localo.site/,https://lh3.googleusercontent.com/gps-cs-s/AHRPTWkV0mBf9kERSfJrIHB3vaYNMUKP82IChvWeBtBGE3yjAzYJI_JWk_EMsjG63UvDmFwIofcSMO_V3qdrHHYcbrYJ2VOmW7jkuhdBpbX0tlfUe1_pKpVSEZbJXmpL__NcpCPbDL7_e1b-VjWz=w800-h500-k-no,50.062365,19.9317463,,"kawiarnia z placem zabaw, Kraków, kawiar...",4,,Pod dachem,Kawiarnie i restauracje dla rodzin,w środku,,Kraków i okolice,0.4,z-marszu,,
ChIJRZZafGZbFkcREDLlcrF34ck,Bunny Cafe - Królicza Kawiarnia [7+],Cafe,Długa 4,Kraków,Kraków,4.3,3759,+48 791 156 397,http://www.bunnycafe.pl/,https://lh3.googleusercontent.com/gps-cs-s/AHRPTWmwJ8kCTEW88CHCXWysfEkxZYKA8pwe9pxJq2-Ng3-50wpZI0YDAIAu-FAwk_SD3sjL8LQq8mw3f8MzlEtQWp5rYGygE5HwcWvBowow0P0r5C1Iba8mDAyQg4-ETJ93wDg0Shb2=w800-h500-k-no,50.0666047,19.9387548,,"kawiarnia tematyczna, Kraków; kawiarnia z placem zabaw, Kraków, kawiar...",4,,Pod dachem,Kawiarnie i restauracje dla rodzin,w środku,,Kraków i okolice,0.6,z-marszu,,
ChIJb8Fl3RJbFkcR7o7LsEoK9nk,Dziurawy Kocioł,Cafe,Grodzka 50/1,Kraków,Kraków,4.4,9770,+48 12 314 01 17,https://www.dziorawykociol.pl/,https://lh3.googleusercontent.com/gps-cs-s/AHRPTWmumBXBYRnwpcygNb_47-0gdZUNlTY9y5Yg0--mYxBtnyu_NUqYLEADxkEv8OY6yuthhGx6X1SW1ALuIXJdiogZZwVuCIPMSd7Zr4bR9PuS3NnVz9QmOLRbyo-Ya0JQDaUKyKvepw=w800-h500-k-no,50.0574574,19.9386027,,"kawiarnia tematyczna, Kraków",5,,Pod dachem,Kawiarnie i restauracje dla rodzin,w środku,,Kraków i okolice,0.5,z-marszu,,
ChIJ0waZLz1bFkcROgs_e6aRmQ4,Ministerstwo Tajemnic,Cafe,Kanonicza 11/1,Kraków,Kraków,4.5,3014,+48 12 314 01 15,https://ministerstwotajemnic.pl/,https://lh3.googleusercontent.com/gps-cs-s/AHRPTWnMyfIZDaFquew4pNiQSZBEMJV7MgwC2R0Brofgd4YW2aSGuSvhAssE52mU2IZcKbmhSzjxOxvnjAnUIJRl7R1sCHCjp5VvS_3ln8dYwdDWKGrYEaoJ8W2_F-qF2t_HARtwblNTTEmKdcXr=w800-h500-k-no,50.0566871,19.9373423,,"kawiarnia tematyczna, Kraków",5,,Pod dachem,Kawiarnie i restauracje dla rodzin,w środku,,Kraków i okolice,0.6,z-marszu,,
ChIJC6MYxixdFkcRtMIRq9sr0yI,Kawiarnia Alicja Słodka Przygoda Kraków,Coffee shop,Henryka Kamieńskiego 11,Kraków,Kraków,3.7,390,+48 697 700 577,http://www.alicjacafe.pl/,https://lh3.googleusercontent.com/grass-cs/AABkmLe_M3oiiS6xbd1hEpNIlzSmOylMC17GIryyltN4Yl00dVcedn0JytWWVdrf6uWUtwhZysZPqI0e4oASoqc0X5Jhm8THZ2uAPVjewvfkfNh1hfiwBzj_ikR-qYThrKrzSM5TRuI1=w800-h500-k-no,50.0285485,19.9487933,do weryfikacji (dzieci?),"kawiarnia tematyczna, Kraków",5,,Pod dachem,Kawiarnie i restauracje dla rodzin,w środku,,Kraków i okolice,3.8,z-marszu,,
ChIJC7heJ6ZEFkcRCGynYxDKzkY,CQB Combo Arena,Laser tag center,Prokocimska 8,Kraków,Kraków,4.8,163,+48 509 595 199,https://comboarena.pl/,https://lh3.googleusercontent.com/grass-cs/ACvplmP0BqJ99lg-xtGbrfI1jVXXb03sA0RD87EsCkOzbzSLj4Slm2uLSkeBSbv1VpM0HNFnicAs_LAgQM8kC_VP5L4h5tzbzG5vbbdfinlkWKgbd4fq78us8ud248XwfJfXzkrIKUvLwA=w800-h500-k-no,50.0294993,19.9826345,,"laser tag, Kraków",5,,Pod dachem,Laser tag,w środku,,Kraków i okolice,4.8,z-marszu,,
ChIJI_x_dxJbFkcRPnkGWP8eHtc,VRepublic – park wirtualnej rzeczywistości,Amusement center,Przemysłowa 4/457,Kraków,Kraków,4.9,688,+48 786 942 139,http://vrepublic.pl/,https://lh3.googleusercontent.com/grass-cs/ACvplmPGxoOh_X1UURoIT6VIwA1lyYTVXx2Y1cByzCUOfVIU0-nIegxKqhOozAF7FadfXURzSac0gf_zSoHHlVK0AiLvepSj8slwoiGQOgbHpYNYSjEC0j7IiKSdYdNFmqbvQGVzjEk=w800-h500-k-no,50.0489601,19.9577937,,"laser tag, Kraków",5,,Pod dachem,Laser tag,w środku,,Kraków i okolice,2.0,z-marszu,,
ChIJT-aDbLP6PUcRxyfG1TnMPCk,LaserShot Nowy Sącz - Laserowy Paintball,Laser tag center,Piotra Skargi 5,Nowy Sącz,Nowy Sącz,4.9,401,+48 690 890 690,https://lasershot.pl/,https://lh3.googleusercontent.com/grass-cs/ACvplmMP5NYrXMffE0j-i1pm4UrXBz00Hs8eS6smRc8AEBQ3lMev0HjCjdsSv7dosIunW-p0eG5oqS4XDsfg2u6_zKVjhOR-IXcuif0oEVSGUkwwMEow6eFFTqFJZHP4xj4m2vPr0ZJJ=w800-h500-k-no,49.626529,20.691132,,"laser tag, Kraków",5,,Pod dachem,Laser tag,w środku,,Pod Krakowem,72.4,z-marszu,,
ChIJg0IA3yVbFkcREBQGTIIRHbo,Paintball Kraków – Hala Extremo,Laser tag center,Prokocimska 8/1,Kraków,Kraków,4.5,159,+48 509 595 199,http://www.extremo.com.pl/,https://lh3.googleusercontent.com/grass-cs/ACvplmNj52ozrBV4tdmjMyekBebQr3ja-0JZPjAVRxp3XIeiliHtfQiJHRCqgD51BH2lg0-hZV0rc3_mfa4Bqsen_9csqyTOQj2EiCSCajHxPtuWoszjt0EWV93JR1NvY3fCoRW1dwvJjQ=w800-h500-k-no,50.0289754,19.9830447,,"laser tag, Kraków",5,,Pod dachem,Laser tag,w środku,,Kraków i okolice,4.9,z-marszu,,
ChIJTahjvZlbFkcRJI8KsYdzGKg,PINO Garden,Lunch restaurant,Na Błoniach 7,Kraków,Kraków,4.5,3830,+48 609 917 918,https://pinogarden.pl/,https://lh3.googleusercontent.com/gps-cs-s/AHRPTWkXws5sC9faECbobQ-GSpr20fOWDy-iXsORp4j37fdN6oRFmCzXqjxR6pVL31E-QINTsVxIt1eq_jJGRFK6O0BfXM_qvERULrfsdB2owKz104MfX0OGcM0flcYkv_FTa-VXfHU=w800-h500-k-no,50.0582241,19.9058218,do weryfikacji (dzieci?),"kawiarnia z kącikiem zabaw, Kraków",5,,Pod dachem,Kawiarnie i restauracje dla rodzin,w środku,,Kraków i okolice,2.3,z-marszu,,
ChIJjQA3KxVZFkcRB7QFOBZ6qQc,"Smocza Przystań Bawialnia Fitness Kawiarnia, Restauracja",Children's amusement center,świętej Faustyny 13,Modlniczka,Modlniczka,5,7,+48 789 888 972,https://www.facebook.com/profile.php%3Fid%3D61568599066073,https://lh3.googleusercontent.com/gps-cs-s/AHRPTWlURndFTGWp-hHG0a0u5fELrsQ-YAEEebBcKV-XLYX__Nd2m4AkmieP0Q5IdoZFX1HkHcKYS2iCofkXeCUZeyE4ZtEsZOGy7MkUqesRIFn8tSja50d9SQZGc2Lqs2kiuv71f5Jyy8mkF2or=w800-h500-k-no,50.1192149,19.8585828,,"kawiarnia z kącikiem zabaw, Kraków",5,,Pod dachem,Sala zabaw,w środku,,Kraków i okolice,8.5,z-marszu,,
ChIJR9ZQPqBbFkcRXpeWj1t2-f0,Organic Coffee,Coffee shop,al. 3 Maja 11A,Kraków,Kraków,4.2,814,+48 730 202 232,https://www.organiccoffee.pl/,https://lh3.googleusercontent.com/gps-cs-s/AHRPTWnUBq_Kqy-Cd4TuJzSuXwpp4z903mFDyNLpvWInFeEQaJ_vRC2GaWte-DppXWx6C7aHOlyd2iI0KJAeNtL_czlLmYpBm0KpNXqzrU0M22c4wiBJy8b19RD9oFoyIaKvnMsIyHQ=w800-h500-k-no,50.060826,19.9192949,do weryfikacji (dzieci?),"kawiarnia z kącikiem zabaw, Kraków",5,,Pod dachem,Kawiarnie i restauracje dla rodzin,w środku,,Kraków i okolice,1.3,z-marszu,,
ChIJ5Sup0BFbFkcRjB0AQ3UY8gw,Exit Room – Escape Room Kraków,Escape room center,Floriańska 18,Kraków,Kraków,4.6,1314,+48 570 505 088,http://www.exitroom.pl/,https://lh3.googleusercontent.com/grass-cs/AABkmLf1QDe3dcP7xd2ZJkpXAtfpo7YpR6H6tbIFDokMbZjGmw8cTjBao6_9rhWJcaGNJmIzsdNybSfl6UkoMwO6qAUJD4ZjsGRCeENX5hg6EI-2C1SKerdttUvVTzG4JJw06mRYIkDCiHOZsmqY=w800-h500-k-no,50.063229,19.9398759,wiek do sprawdzenia,"escape room dla dzieci, Kraków",5,,Pod dachem,Escape room,w środku,,Kraków i okolice,0.3,z-marszu,,
ChIJiVw84GtbFkcRBTkjdM3hrlI,Gamescape,Escape room center,Tadeusza Kościuszki 74/U2,Kraków,Kraków,4.6,852,+48 664 999 189,https://gamescape.pl/,https://lh3.googleusercontent.com/grass-cs/AABkmLfPGxhaC2GWK5S5m75ezytXySwUKLygy9At_Z8rGLnYwMSldALIV8REpY_4G-74c9vc2oKma73PaGF3oxfnB7iJ7TCVfy34VAGqvDmr6nybCuS49xH1z880Lyz3q_-QwAwvSKi9Gg=w800-h500-k-no,50.0524916,19.9175933,wiek do sprawdzenia,"escape room dla dzieci, Kraków",5,,Pod dachem,Escape room,w środku,,Kraków i okolice,1.7,z-marszu,,
ChIJycTmg39FFkcR0P3yStdSZx4,Escape Room Escape Kraków,Escape room center,Osiedle Ogrodowe 12,Kraków,Kraków,4.9,172,+48 12 396 33 88,https://escapekrakow.pl/,https://streetviewpixels-pa.googleapis.com/v1/thumbnail?panoid=zlGlj6MhVShMYr9-2cMuHQ&cb_client=search.gws-prod.grass&w=800&h=500&yaw=176.93683&pitch=0&thumbfov=100,50.070605,20.043149,wiek do sprawdzenia,"escape room dla dzieci, Kraków",5,,Pod dachem,Escape room,w środku,,Kraków i okolice,7.6,z-marszu,,
ChIJ7aQvB2lbFkcRVuO6yFexEUI,Combinator Kraków- Escape Room,Escape room center,Piekarska 9/2,Kraków,Kraków,4.8,786,+48 519 396 622,http://www.exitgame.pl/,https://lh3.googleusercontent.com/grass-cs/ACvplmM_UwWLbJJ2nnO-Bi9LkQBE1cdTBjkGqduKwr5d38at-CHRq142gRN8OQj9ubFiE4bw9r166feFoy0Nxgh_DoHpfIFxjbHhi6isvf0oLEVkd41QDjk9EPa2NOq-lRnK5NjgEyeqmg=w800-h500-k-no,50.0481657,19.9401297,wiek do sprawdzenia,"escape room dla dzieci, Kraków",5,,Pod dachem,Escape room,w środku,,Kraków i okolice,1.5,z-marszu,,
ChIJvSXc6FlbFkcRp5nG_h8V9Nw,"Mystery Machinery: Escape Room, VR, Laser Arena Kraków",Escape room center,Zwierzyniecka 30,Kraków,Kraków,4.9,82,+48 888 507 734,http://mysterymachinery.pl/,https://lh3.googleusercontent.com/grass-cs/AABkmLf32z0PJWKl3KX3GhOidljY4tC21BChiCZJKNiISDM9fSWr9wQs5-5jox-m9GPRcLAt5hOWM6V8Qexu4fuUmxG-hhg1IrXEFm-P-K-yilGeNkYlQhxiBKVoeGhBzzXzS77GUShfOQ=w800-h500-k-no,50.056683,19.929885,wiek do sprawdzenia,"escape room dla dzieci, Kraków",5,,Pod dachem,Escape room,w środku,,Kraków i okolice,0.8,z-marszu,,
ChIJsd91MgRbFkcR-6YH5ccw0Og,Escape Room Kraków - Escape DaVinci w Krakowie,Escape room center,Długa 30,Kraków,Kraków,4.6,216,+48 579 947 643,https://escaperoom-krakow.pl/,https://lh3.googleusercontent.com/grass-cs/ACvplmPWdnqpm5_PdKRb-v2fneSO-KOHlbplC1Jdr8t2GGXrLfFPmvSyl_1FkVp_gexykXL5h15JoAyaekQcbHt25lrd4Y7ChUh5sYrpn-hJq7qt_RzbA0tTmn5VgXgQQ0K93zpyS-0=w800-h500-k-no,50.0684517,19.9382466,wiek do sprawdzenia,"escape room dla dzieci, Kraków",5,,Pod dachem,Escape room,w środku,,Kraków i okolice,0.8,z-marszu,,
ChIJ8UjePPhbFkcR0xdErI-XwVg,Wawel Escape Room,Escape room center,plac Wszystkich Świętych 8,Kraków,Kraków,4.1,9,+48 508 146 549,https://escaperoomwawel.pl/,https://streetviewpixels-pa.googleapis.com/v1/thumbnail?panoid=e94tVeaWV0Uls4g1gg2kpw&cb_client=search.gws-prod.grass&w=800&h=500&yaw=28.767576&pitch=0&thumbfov=100,50.059373,19.937001,wiek do sprawdzenia,"escape room dla dzieci, Kraków",5,,Pod dachem,Escape room,w środku,,Kraków i okolice,0.3,z-marszu,,
ChIJKdDrrDJbFkcR-Ky19yiEvo8,EscapeCity Kraków,Amusement center,Tadeusza Kościuszki 74/13,Kraków,Kraków,4.7,26,+48 789 315 401,http://escapecity.pl/,https://lh3.googleusercontent.com/grass-cs/AABkmLfFJhq2BckOcmBskMN4hV202kqp3bjT4WCz529OVpQXwMTCn4ZaFkr9nXgceTuqi_7aDpdEvTz0x1slsFPMczKY5y5-x1z5Y_OdfTdhNFmMgqfxtYgXIu7On0E5cSEPHpTN5tpgAzPAJIE=w800-h500-k-no,50.0524548,19.9173461,wiek do sprawdzenia,"escape room dla dzieci, Kraków",5,,Pod dachem,Escape room,w środku,,Kraków i okolice,1.8,z-marszu,,
ChIJSYEf2cZbFkcR-xz4CLucFZA,Lock House Zacisze,Escape room center,Zacisze 14/103,Kraków,Kraków,4.9,144,+48 731 582 582,https://lock.me/pl/firma/lock-house,https://lh3.googleusercontent.com/grass-cs/ACvplmP-6vYnRHbzSQSmjAnHH5nTGMVFroHrNbrEVrFsTkxyFHv8Hc8SvgHVrCoRHVJMcbAH1qRCGbLSpFWoqp8dRjXg-S7Y5SKtA0Azxt9ngoZsWs6HpJ24Mg5Ws3BQnGQ5NhuC760LpwtufPb7=w800-h500-k-no,50.06673319999999,19.9433845,wiek do sprawdzenia,"escape room dla dzieci, Kraków",5,,Pod dachem,Escape room,w środku,,Kraków i okolice,0.7,z-marszu,,
ChIJbVwqswhbFkcRaLwJSoBopvE,Lock & Roll Escape Room,Escape room center,Łobzowska 4,Kraków,Kraków,4.8,127,+48 531 052 700,http://lockandroll.pl/,https://lh3.googleusercontent.com/grass-cs/ACvplmOtRI11D6PqrDxW-zW6nUDv4KDlMS7Pf-QMNMw82W2vGA9FEeaw5PS8LdaHLWiQRWn8O32X8EF4-VAshONPMNc0qGAXB4T-zofNSya0sFVMe5jeoXPn5k4bEukfEDMeLVirZok=w800-h500-k-no,50.0660489,19.9342002,wiek do sprawdzenia,"escape room dla dzieci, Kraków",5,,Pod dachem,Escape room,w środku,,Kraków i okolice,0.5,z-marszu,,
ChIJ7_NIZX5bFkcRSipOVDcLojI,Sic Mundus - Escape Room Kraków,Escape room center,Szlak 16A/2,Kraków,Kraków,4.9,227,+48 668 869 847,https://escaperoomkrakow.pl/,https://lh3.googleusercontent.com/grass-cs/ACvplmNofWSN4-SkFaMdq1BX8YFdi4ONAAwU4f91VPbnl1JyBnYlYWohyXMsvVDp7Ex_SSswGrH-M4qvhe-e9Gq7VO2OJvp2ZBAj83eSFHxnFqk7MmNHi3ziUE_NY3nbrFOIyTyeUtTFJLrWnszY=w800-h500-k-no,50.0711908,19.9350679,wiek do sprawdzenia,"escape room dla dzieci, Kraków",5,,Pod dachem,Escape room,w środku,,Kraków i okolice,1.1,z-marszu,,
ChIJpzPmlgVbFkcRR7hQfaXFZGI,Lock House Krowoderska,Amusement center,Krowoderska 21/30,Kraków,Kraków,4.9,122,+48 731 582 582,https://lock.me/pl/firma/lock-house,https://streetviewpixels-pa.googleapis.com/v1/thumbnail?panoid=_HyeuvqwDyCjFvkVyYPvew&cb_client=search.gws-prod.grass&w=800&h=500&yaw=56.496593&pitch=0&thumbfov=100,50.0680659,19.9375349,wiek do sprawdzenia,"escape room dla dzieci, Kraków",5,,Pod dachem,Escape room,w środku,,Kraków i okolice,0.7,z-marszu,,
ChIJ66htrWdbFkcRCZOjwd0q0Ds,Combinator Kraków Escape Room Długa,Escape room center,Długa 52,Kraków,Kraków,4.8,46,+48 519 396 622,https://www.exitgame.pl/,https://lh3.googleusercontent.com/grass-cs/ACvplmNc8H-AAjJEiAdgoGyJMaFIZAlRyx7MMGSEGr3UTYYSD1zD1m0dO9vTGB_G9gDk9LDDGwl23BhBQO7RTKu_EhqvAtHU5fTe1uh4JaPwD7tM10uncqfTIKX7_1GNNzAkRhx7SoKj=w800-h500-k-no,50.07024029999999,19.9366407,wiek do sprawdzenia,"escape room dla dzieci, Kraków",5,,Pod dachem,Escape room,w środku,,Kraków i okolice,0.9,z-marszu,,
ChIJzwhjfghbFkcRUdHT-ARh1Z8,Lost Room,Escape room center,Szewska 20/3,Kraków,Kraków,3.1,67,+48 690 022 547,http://www.lostroom.pl/,https://lh3.googleusercontent.com/grass-cs/AABkmLc5WCbS-Tz4_X1Bq4x4oVUjLI4bgLPCThkBemBwkLw1b6el-I6gAmrTTCgbBJRj-GKEpTNo9PjBC6dlag4ZutsOY646dvJK17hEFnzA_dxov_6TrK-Ot1Ge8rUUhVGgfuyYx2W7=w800-h500-k-no,50.0626755,19.9340936,wiek do sprawdzenia,"escape room dla dzieci, Kraków",5,,Pod dachem,Escape room,w środku,,Kraków i okolice,0.3,z-marszu,,
ChIJCRAq_E5bFkcRq-NAf2WaVDw,Moonstreet - Escape Room na powietrzu Kraków,Escape room center,Basztowa 9,Kraków,Kraków,4.7,148,,https://www.moonstreet.pl/krakow,https://lh3.googleusercontent.com/grass-cs/ACvplmMgI98q745Az3mR1iQ5ynLsCHdJQ6LFyEUp97bW4BgNN4YeuxlwMcKKsBn7o2aAit0LGltCYnfTGg2-xb09urZUE4qRyNn7ZgoyoXH4Fw11Mo8fkWh8i-pss5G0F749QL_8CMIK=w800-h500-k-no,50.0663859,19.9379299,wiek do sprawdzenia,"escape room dla dzieci, Kraków",5,,Pod dachem,Escape room,w środku,,Kraków i okolice,0.5,z-marszu,,
ChIJrytWrmtbFkcRU9WJ6NrUkyE,Funny Will,Amusement center,Józefa Dietla 49/22,Kraków,Kraków,4.9,168,+48 12 345 63 21,,https://lh3.googleusercontent.com/gps-cs-s/AHRPTWm9yRXTMIor5ea4Oa83sgGEMHV2vv0XBp-oCDtmu2v75guT38Qpw7UEXj-Il0m9rnbtm6j0lXjS-jkqWODnE-S_SbxDb3kBWVVwgKlCNzNyJ7G5y6yvZqYJvG4vsWWrXCmjybUWPg=w800-h500-k-no,50.0521991,19.9425925,wiek do sprawdzenia,"escape room dla dzieci, Kraków",5,,Pod dachem,Escape room,w środku,,Kraków i okolice,1.1,z-marszu,,
ChIJy9GQTWhbFkcRg-i5Lz18AeQ,Locked Up,Escape room center,Skawińska 13,Kraków,Kraków,4.4,569,+48 515 033 975,http://lockedup.pl/,https://lh3.googleusercontent.com/gps-cs-s/AHRPTWl6IL9X-MywC3e_DwGke8V1WpaqyokHnieC95bfF6dN_WegHY6g_jVPcJSGJfio3EPU-sX9a9m4uH6aSet1QYwP5Z_WFii8cXaP2ue-f1AHNpUJJOejDF7xebn7SRj8shK4Mjs=w800-h500-k-no,50.04744179999999,19.9409017,wiek do sprawdzenia,"escape room dla dzieci, Kraków",5,,Pod dachem,Escape room,w środku,,Kraków i okolice,1.6,z-marszu,,
ChIJPzHNqyEVc0ERWO3wNIc4-2M,Cricoteka – Ośrodek Dokumentacji Sztuki Tadeusza Kantora,Museum,Nadwiślańska 2/4,Kraków,Kraków,4.5,1348,+48 12 442 77 70,http://www.cricoteka.pl/,https://lh3.googleusercontent.com/gps-cs-s/AHRPTWmHoaJuyA_cfaHkc7bnOC2rYuF9H3zBqZWSsw6Rm1ELcjzInE5lYvkc_SAnRwHhMo6y-cHUO7L8VtPlKa6E3Cx2xAC_UrdoBQx3s2HTxVCpuTEvGTEqS4PUL4QB2cEiN1g4DffXh9olXWJV=w800-h500-k-no,50.0471347,19.9510774,do weryfikacji (wystawy dla dzieci?),Cricoteka,5,,Pod dachem,Muzeum,w środku,tak,Kraków i okolice,1.9,z-marszu,,
ChIJF4JbdG9bFkcRyuyiBrL6bgw,ICE Kraków Congress Centre,Convention center,Marii Konopnickiej 17,Kraków,Kraków,4.7,9944,+48 12 307 27 59,http://www.icekrakow.pl/,https://lh3.googleusercontent.com/gps-cs-s/AHRPTWmeK-7f5JbZi1rDden4rRuYsqOkDo6qtNcSNZ5SGMK2dVlVfR2gjJ_WKzZBXcsnpEx_gAAY_6QSzEyzhHCJ9MYEij9QERchcI9uq2UjaLm0qcbAkuOvySIES7W3YLYeviV-oVXT=w800-h500-k-no,50.0477778,19.9313889,do weryfikacji (koncerty dla dzieci?),"sala koncertowa, Kraków",5,,Pod dachem,Koncerty dla dzieci,w środku,,Kraków i okolice,1.6,z-marszu,,
ChIJQWAFaQBbFkcRaQ053Ogbyjg,Centrum Muzyki w Krakowie,Cultural landmark,Piastowska 16,Kraków,Kraków,4.6,10,+48 731 900 140,https://centremusic.pl/,https://lh3.googleusercontent.com/gps-cs-s/AHRPTWlR6TS5I0DGSFrwsJJNVZG5QRprsTH83LVTlT5dIiJcyj7EV8aR-xve1xaxBp_khuf8NEjNswjVKzBOemRUv-cd106F9yLf_A1XqiNMcUx9Jge1V_AsihZ_wEAR9oBLdq8bEwm7arcEjl4=w800-h500-k-no,50.0624331,19.9020402,,"zajęcia umuzykalniające dla dzieci, Krak...; sala koncertowa, Kraków",5,,Pod dachem,Koncerty dla dzieci,w środku,,Kraków i okolice,2.5,z-marszu,,
ChIJE_oaGQ1bFkcR_DV2TdomRHc,Filharmonia Krakowska im. Karola Szymanowskiego,Philharmonic hall,Zwierzyniecka 1,Kraków,Kraków,4.7,3041,+48 12 619 87 21,https://filharmoniakrakow.pl/public/,https://lh3.googleusercontent.com/gps-cs-s/AHRPTWkC5uZarRVXgiMFQ1DfEvAwLO7xaQwuvLJs9z1s3cdy272b9qii6qhg5KqE5_KWfn4LrA3wLFVLrGfxZjZSB3Xq6g6lkuweHN_bsyNfmljDJ33BxASwcyk7FVGolJFwznmmWaEDIg=w800-h500-k-no,50.0589095,19.9328588,,"sala koncertowa, Kraków",5,,Pod dachem,Koncerty dla dzieci,w środku,,Kraków i okolice,0.4,z-marszu,,
ChIJl7rbDRpFFkcRIdY3pRcAsZU,Nowohuckie Centrum Kultury,Cultural center,al. Jana Pawła II 232,Kraków,Kraków,4.7,6943,+48 12 644 02 66,https://nck.krakow.pl/,https://lh3.googleusercontent.com/gps-cs-s/AHRPTWlWzlnqaUTb14IewsENC1GStxrzy9T1v6qpuB-Kdl_r1S2XBSmS9RfZghChdwhf3vEudN6zcoB3OlbRspeLEmZWt2xfdfCbxFQeSsbm26fsUIE2DruNy_DazABkZCtv6sEkkB8-UA=w800-h500-k-no,50.0705045,20.0347882,,"zajęcia umuzykalniające dla dzieci, Krak...; sala koncertowa, Kraków",5,,Pod dachem,Instytucja kultury,w środku,,Kraków i okolice,7.0,zajecia,,
ChIJHzRV2Q1bFkcR2UyXHgIMC7Y,Pałac Pod Baranami,Cultural center,Rynek Główny 27,Kraków,Kraków,4.8,259,+48 883 369 320,http://www.palacpodbaranami.pl/,https://lh3.googleusercontent.com/grass-cs/ACvplmMXNOulj5lwJRE7un2tG1KVAT043A_bWG2QDuHGEXeaJr4Yy6hQVOXfEQUG8XL8t6J01KWVuczi_hX80OVIgoUuxphRIErWEYdbadPKiS1Duju_MzqaV8x0dtseSI6WgWfQRBQr=w800-h500-k-no,50.061521,19.9354229,do weryfikacji (dzieci?),"sala koncertowa, Kraków",5,,Pod dachem,Instytucja kultury,w środku,,Kraków i okolice,0.1,zajecia,,
ChIJPWjEPgpbFkcRZpBXcZOENtM,Auditorium Maximum UJ,Convention center,Krupnicza 33,Kraków,Kraków,4.8,305,+48 12 663 40 09,http://www.uj.edu.pl/,https://lh3.googleusercontent.com/grass-cs/ACvplmMy5XycS-r0am38nezZ5rsumOtfMVFQaYpRdf7Uj-w7QIhA3aAxgkCusufDc-DuAiBys1QOAWZt799iaqG5nV6GnHugY-eDAYRG5pLmPrjks4cH7fjQUcZR5evt52VzMMS1Htaf=w800-h500-k-no,50.0629463,19.9251041,do weryfikacji (koncerty dla dzieci?),"sala koncertowa, Kraków",5,,Pod dachem,Koncerty dla dzieci,w środku,,Kraków i okolice,0.9,z-marszu,,
ChIJlyVtGO5aFkcRQokhpgx3Diw,Klub Malwa przy Krakowskim Forum Kultury,Club,Dobrego Pasterza 6,Kraków,Kraków,4.9,23,+48 500 308 626,,https://streetviewpixels-pa.googleapis.com/v1/thumbnail?panoid=GaakciSKe_nbz-BaQbXC0w&cb_client=search.gws-prod.grass&w=800&h=500&yaw=205.94658&pitch=0&thumbfov=100,50.0885443,19.9588452,,"sala koncertowa, Kraków",5,,Pod dachem,Instytucja kultury,w środku,,Kraków i okolice,3.4,zajecia,,
ChIJDXuYVWpbFkcR9jwDW6wRWyQ,Opera Kameralna w Krakowie,Performing arts theater,Miodowa 15,Kraków,Kraków,4.8,26,+48 12 430 66 06,http://www.kok.art.pl/,https://lh3.googleusercontent.com/grass-cs/ACvplmOua-eYRvM0kxN8az396Q3eNdVwuCnpTwd1MEAF7qxOJfjDQpOb-YwqJZevdQgfT0VLxHiH0F9heH1HMA1TJrm6ZkeOokxwaH7-sHz_iEOW3bXnNm4raxdswOS0IEWaseYh9yXB=w800-h500-k-no,50.052349,19.943793,do weryfikacji (koncerty dla dzieci?),"sala koncertowa, Kraków",5,,Pod dachem,Koncerty dla dzieci,w środku,,Kraków i okolice,1.1,z-marszu,,
ChIJ0SwIKllaFkcRvZELiBTf25o,Orkiestra Stołecznego Królewskiego Miasta Krakowa Sinfonietta Cracovia,Musician,Władysława Łokietka 14,Kraków,Kraków,4.9,24,+48 12 346 35 28,http://sinfonietta.pl/,https://lh3.googleusercontent.com/grass-cs/ACvplmMpII7pArKh0XTrPCPVR5HGUQFvWk1hmK5pIAddS6oX4C2Q43as0DjJzCpxh9F6B5nDMUt8rwGepYl7sKUMeG8-Gz98A3-Qzclh6t1br_e433JUoUAlxWDnLkcKUFuignDRy6Ejjw=w800-h500-k-no,50.0781462,19.9289671,do weryfikacji (koncerty dla dzieci?),"sala koncertowa, Kraków",5,,Pod dachem,Koncerty dla dzieci,w środku,,Kraków i okolice,1.9,z-marszu,,
ChIJE_oaGQ1bFkcRS_u-Op8DkUM,Capella Cracoviensis,Orchestra,Mikołaja Kopernika 19,Kraków,Kraków,4.8,11,+48 602 620 698,http://capellacracoviensis.pl/,https://lh3.googleusercontent.com/grass-cs/ACvplmPtRyiTrHMZZpwVXO1BwUUaq7lO646WDwj7-A29cnwfR_zXbMgGbLp2zPNUfpyXlpZ3zJPbDgymhLC5PUWs9b_wVSxXE18HBqjDVz1aPEP1wOIVyGg9ltcjmCMwSk3l1wB3_m6k=w800-h500-k-no,50.0622929,19.9518035,do weryfikacji (koncerty dla dzieci?),"sala koncertowa, Kraków",5,,Pod dachem,Koncerty dla dzieci,w środku,,Kraków i okolice,1.0,z-marszu,,
ChIJv6-wWBFbFkcRR09TYBR69LQ,Klub Garnizonowy,Historical landmark,Mikołaja Zyblikiewicza 1,Kraków,Kraków,4.6,109,,,https://lh3.googleusercontent.com/grass-cs/ACvplmO3hQ3UtYi_kE-qFYXTWb6CFVJBzoux7uxDJSXAefaESsf2FPWO6oNrIuIxcEfvzFFI3JB0qLZvW_ZdDDUnOmnW-UewGuqhrl8KHzp9ge8ogoiY1QYNz3YW2oZNR16EL3XHPPw=w800-h500-k-no,50.060522,19.9438639,do weryfikacji (dzieci?),"sala koncertowa, Kraków",5,,Pod dachem,Instytucja kultury,w środku,,Kraków i okolice,0.5,zajecia,,
ChIJryfahF1bFkcRdkj1pg-es_8,Centrum Kultury Podgórza,Cultural center,Sokolska 13,Kraków,Kraków,4.6,573,+48 12 656 36 70,http://www.ckpodgorza.pl/,https://lh3.googleusercontent.com/grass-cs/ACvplmP0lxLIYgHvCaQBYrbSiCrBkMCQ2imZxwX9iLiCR7GY7kFwaL_NY_-CoMcCqJaBQNM0UjtOcdl-R9Jn5x_YeDG6keyGU0rNhz6ziMRk_FskMN3puwZOspHqpHIZVNgf4OVYg8wl=w800-h500-k-no,50.0443448,19.9453383,,"zajęcia umuzykalniające dla dzieci, Krak...; sala koncertowa, Kraków",5,,Pod dachem,Instytucja kultury,w środku,,Kraków i okolice,2.0,zajecia,,
ChIJIWun_SNbFkcR6R2rj5HVxdY,Młodzieżowy Dom Kultury,Community center,Grunwaldzka 5,Kraków,Kraków,4.7,134,+48 12 411 67 03,http://www.mdkgrunwaldzka5.pl/,https://lh3.googleusercontent.com/gps-cs-s/AHRPTWmY8LO_QS4z35mFreLjkXb5WJSq6Xti7syuOeE3IkC5u_o31Vw7IaemDFvJR6aCowfHtqz4kgXEvoZ8BXjWz8oOpwjdy88ZkBwnEyYxqmSef1ID2_X5kU0xWUvEjywu17LoqegR=w800-h500-k-no,50.0669637,19.9656901,,"zajęcia umuzykalniające dla dzieci, Krak...; dom kultury, Kraków",5,,Pod dachem,Instytucja kultury,w środku,tak,Kraków i okolice,2.1,zajecia,,
ChIJqcoPjaNbFkcRFaqV_ubGHfs,"Młodzieżowy Dom Kultury „Dom Harcerza""",Community center,Władysława Reymonta 18,Kraków,Kraków,4.8,362,+48 12 637 37 61,http://www.mdk-dh.krakow.pl/,https://lh3.googleusercontent.com/gps-cs-s/AHRPTWnjtCKSTtnV_5wOa4MQT8DmajVcL5GaebyDAA2DVUVkf8FizcoreeKlYKlL_LEXFHFNw3IY0b6N5S7FNuailDUBFOzvw02RAe2o1qBFq_EmoGSAr_ksccEn8s96rHeIL3tn8z0N=w800-h500-k-no,50.0651127,19.9141021,,"klub sportowy dla dzieci, Kraków; zajęcia umuzykalniające dla dzieci, Krak...; dom kultury, Kraków",5,,Pod dachem,Instytucja kultury,w środku,tak,Kraków i okolice,1.7,zajecia,,
ChIJBVoRjhFbFkcRjU4OsprPpbI,Krakowskie Centrum Kultury,Community center,Mikołajska 2,Kraków,Kraków,4.6,115,+48 12 422 08 14,https://krakowskieforum.pl/,https://lh3.googleusercontent.com/gps-cs-s/AHRPTWkvXkVYyCrXsPxbjLtaawOvbiO6kToQucY5cwuvj255TY7ouooRU7LWcR09HFLuK2nTylmMBjn211_iG0GP1tDOXHHEFn1W78f2MxKFIJV1EGlLfiOP0WKa6merq6AQyl9A6aen=w800-h500-k-no,50.0616744,19.9407475,,"dom kultury, Kraków",5,,Pod dachem,Instytucja kultury,w środku,tak,Kraków i okolice,0.2,zajecia,,
ChIJ9-88zBFFFkcRqwWIr8hPeWM,"Klub ""Jędruś"" - Ośrodek Kultury Kraków-Nowa Huta",Community center,Osiedle Centrum A 6A,Kraków,Kraków,4.5,182,+48 504 418 913,http://krakownh.pl/oddzial/klub-jedrus,https://lh3.googleusercontent.com/gps-cs-s/AHRPTWlBchZzGc8L9O0LKR27Qb_d0fdbwFDUOIt2T1Gai737XPKShuRf_uSnm1AVSRUJEaglg08qz6OVBrSC_GjoZ2aUINhBS1Ir6TO5FqVewqWieX_raje6lLmPV-FahsI9QN8wmoBT4g=w800-h500-k-no,50.0726021,20.0416165,,"zajęcia umuzykalniające dla dzieci, Krak...; dom kultury, Kraków",5,,Pod dachem,Instytucja kultury,w środku,tak,Kraków i okolice,7.6,zajecia,,
ChIJ-5C1dJBcFkcR7Buzf_zjUsY,Centrum Kultury Ruczaj,Community center,Jana Kantego Przyzby 10A,Kraków,Kraków,4.6,281,+48 519 309 356,http://ruczaj.ckpodgorza.pl/,https://lh3.googleusercontent.com/gps-cs-s/AHRPTWmeV42pxii44uCj_X3eSVgl_ddtqLX1avYHwkh4g3Y4PZeddv60FQGOt9pGTnVhwxhHrjQiy_BR--_yUxYNWSCWuNAK86Sn8NoZSo4ceDS0dxEuTe-IzjuhY5nOQJgtYGPsTIrokkm_TaY=w800-h500-k-no,50.0211917,19.9117262,,"dom kultury, Kraków; zajęcia mama i dziecko, Kraków",5,,Pod dachem,Instytucja kultury,w środku,tak,Kraków i okolice,4.9,zajecia,,
ChIJQStK5vFaFkcR-gkKdbqXwJk,Młodzieżowy Dom Kultury,Community center,al. 29 Listopada 102,Kraków,Kraków,4.7,206,+48 12 415 83 15,http://www.mdkna102.krakow.pl/,https://lh3.googleusercontent.com/gps-cs-s/AHRPTWl9clxmxsi0NFugLYkSG5fyh66kmzfLWpzI53NznZOFXmwx9fC8E3CZZnvQ357chUR4l5UFVYx7OKV1QmqwyWC-hjWcGBBm9Ff2i2WIk56r3AoI_jAHNyodtPZa53zGb2fNByO2tA=w800-h500-k-no,50.0890239,19.957337,,"szkoła tańca dla dzieci, Kraków; zajęcia umuzykalniające dla dzieci, Krak...; dom kultury, Kraków",5,,Pod dachem,Instytucja kultury,w środku,tak,Kraków i okolice,3.4,zajecia,,
ChIJyfjIYelaFkcR9lH6imWogL8,Dom Kultury Czerwonoprądnicki SM Prądnik Czerwony,Community center,Dobrego Pasterza 100,Kraków,Kraków,4.4,52,+48 12 411 30 44,http://facebook.com/Czerwonopr%25C4%2585dnicki-Dom-Kultury-177800242261360/,https://lh3.googleusercontent.com/gps-cs-s/AHRPTWkfCX5AfN4IQbM7oPivUyvx0yphSeJCCbrUsRi8Yy6JcWzcwHZeOhN5-dE-FhGUR8RxgxmNE4fWBrd2jKeBJjEG9IAm7-K7qQ4d5bXc8Qx6IpNu99l0lnN4JosBlk6Fg97x-XpX=w800-h500-k-no,50.0879386,19.9680359,,"zajęcia umuzykalniające dla dzieci, Krak...; dom kultury, Kraków",5,,Pod dachem,Instytucja kultury,w środku,tak,Kraków i okolice,3.6,zajecia,,
ChIJlUL8PrRaFkcRjiAShnRZxt8,Młodzieżowy Dom Kultury im. A. Bursy,Community center,Osiedle Tysiąclecia 15,Kraków,Kraków,4.7,183,+48 12 648 49 95,http://www.mdk.krakow.pl/,https://lh3.googleusercontent.com/gps-cs-s/AHRPTWlybk23l9Xgx3QbLZNgdyPEuXLDiyv1MpSwohKV_AyVv0WAjACykker3sbwngtdHW1oxTwOIZjGQmxu6_RT3nG-ZH_40nAGe_7mWnJMEakhiGiePdtey7LpYPI477a4dNtaxj4PVg=w800-h500-k-no,50.0911979,20.0019166,,"dom kultury, Kraków",5,,Pod dachem,Instytucja kultury,w środku,tak,Kraków i okolice,5.7,zajecia,,
ChIJVZStMwpbFkcReUoN_0XcCL0,Centrum Młodzieży im. dr. Henryka Jordana,Community center,Krupnicza 38,Kraków,Kraków,4.8,328,+48 12 430 00 15,http://www.cmjordan.krakow.pl/,https://lh3.googleusercontent.com/gps-cs-s/AHRPTWnN5ubQisyKjZKwgbukBz8EvU8B9w9k7w1N9ZiPN-_E-_DptzYUVcngpgi_4IQ-_aDuKFGKnGm48MmrTrJjR0e7cz1pGwbV8UWdUxo_D4mOFG5ANNNmmN49fAPhydyE7tm3_XoE=w800-h500-k-no,50.0627169,19.9265986,,"szkoła tańca dla dzieci, Kraków; dom kultury, Kraków; zajęcia dla niemowląt, Kraków",5,,Pod dachem,Instytucja kultury,w środku,tak,Kraków i okolice,0.8,zajecia,,
ChIJeyESZWFDFkcRLMMXpZPqU34,Młodzieżowy Dom Kultury im. K.I. Gałczyńskiego,Community center,Na Wrzosach 57,Kraków,Kraków,4.7,130,+48 12 658 37 94,http://www.mdkgal.edu.pl/,https://lh3.googleusercontent.com/gps-cs-s/AHRPTWmMv73m7C0bCYrt7-JZmHslj_t3BhXAzykoJNKWRuSKAgsd60hXpOoHNEr0d7k97MSzaAP3dyRMgfzGUo8CMqP1X5xjp147gZIVtcxJANaBE4SrAu1Sk-DVN-bm9zzSDPZyRuw7=w800-h500-k-no,50.020979,19.9959854,,"dom kultury, Kraków",5,,Pod dachem,Instytucja kultury,w środku,tak,Kraków i okolice,6.2,zajecia,,
ChIJxTCtHxVFFkcRApJ4n97S4Uw,Ośrodek Kultury Norwida,Community center,osiedle Górali 5,Kraków,Kraków,4.7,137,+48 12 644 27 65,http://www.okn.edu.pl/,https://lh3.googleusercontent.com/gps-cs-s/AHRPTWnpqOrfwaCjtbZxWvLidd_k7jgm-9BhIiXSP3iiHqWaCq4VHG2DyNXGSF9ioF7JnxAG9ZVS8ZE64GNEo-XAVhiCBODbj3q4RJJ9Tjb3VSiP37sCuj9WDGyXuc9-EoMt00V1YMol=w800-h500-k-no,50.079757,20.0363869,,"dom kultury, Kraków",5,,Pod dachem,Instytucja kultury,w środku,tak,Kraków i okolice,7.4,zajecia,,
ChIJF5NlkIlDFkcRkKudRiEVz_8,Centrum Kultury Podgórza - Dwór Czeczów,Community center,Księdza Jerzego Popiełuszki 36,Kraków,Kraków,4.5,340,+48 509 590 322,http://czeczow.ckpodgorza.pl/,https://lh3.googleusercontent.com/gps-cs-s/AHRPTWl8DF1e9DEF56w_N-EEXSUM0OJZOAlKscc2N7PLn9mjqYBNK8Ip7R0FjVRxVnbPVQu4Fbjhmd2vBP824nqdmg_aQOR46N7PJNscuY2T4yY9i835gekEySf0-8_SmV1MFB3XJ6Kt=w800-h500-k-no,50.0147223,20.0393518,,"dom kultury, Kraków; gordonki, Kraków",5,,Pod dachem,Instytucja kultury,w środku,tak,Kraków i okolice,9.0,zajecia,,
ChIJffOKIllaFkcRFyQwRfCJG5Y,Dworek Białoprądnicki,Community center,Papiernicza 2,Kraków,Kraków,4.7,2368,+48 12 420 49 50,http://dworek.eu/,https://lh3.googleusercontent.com/gps-cs-s/AHRPTWmHBDUypgDU3iIIqpS5Gz1XUJQPwjFYLa8epXtZGfn2SVezhTT6sDVqmk31LTP-sCDQ-XwCQz5LKKic8w8sFrc4vMbf5LLoCY3VLwGtk7gQTFZiHxa2kDWqCaeYBmVc-xf1d24=w800-h500-k-no,50.0928209,19.9409126,,"dom kultury, Kraków; zajęcia mama i dziecko, Kraków",5,,Pod dachem,Instytucja kultury,w środku,tak,Kraków i okolice,3.5,zajecia,,
ChIJx1RqFWhbFkcRgRMMgm9r4ts,Młodzieżowy Dom Kultury Stare Miasto,Cultural center,Hieronima Wietora 13,Kraków,Kraków,4.8,482,+48 12 430 50 90,http://sckm.krakow.pl/,https://lh3.googleusercontent.com/gps-cs-s/AHRPTWm847xdvxc4jc3Pkdvo29wCoE1oBaKCbYD6Svq9Ub2wwtPiPA57aeVfoM24Z7zYFgbWwnPzWr-g6UPZjPkaNttE75oSClq-6QGlPcHv8PfLY5UkcZKoAMkX1u_a7rqfUGZeLZokCQ=w800-h500-k-no,50.046222,19.9410564,,"klub sportowy dla dzieci, Kraków; zajęcia umuzykalniające dla dzieci, Krak...; dom kultury, Kraków",5,,Pod dachem,Instytucja kultury,w środku,tak,Kraków i okolice,1.7,zajecia,,
ChIJp1T2eUtFFkcRTC4d9JhEDYQ,Młodzieżowy Dom Kultury im. J. Korczaka,Community center,Osiedle Kalinowe 18,Kraków,Kraków,4.5,150,+48 12 647 15 25,http://www.mdkkorczak.pl/,https://lh3.googleusercontent.com/gps-cs-s/AHRPTWleF4_9hjfS-HyxtPP7opyorPcVag3W4Ov9kwD9_wzGTHUNQ391vk6rzB8tgqHKS2XwvO_-tf52ezHP-s7ip-8sxOMPahqbxaj8-bv9tWbuVnu3qMTthaKGBAtaUNXlF4ePTFZQ=w800-h500-k-no,50.0902392,20.0119856,,"dom kultury, Kraków",5,,Pod dachem,Instytucja kultury,w środku,tak,Kraków i okolice,6.2,zajecia,,
ChIJneJunyBbFkcRM5Y7Y1s4x54,Młodzieżowy Dom Kultury. Dom Harcerza,Community center,Lotnicza 1,Kraków,Kraków,4.6,176,+48 12 294 44 44,http://www.mdk-lotnicza.pl/,https://lh3.googleusercontent.com/gps-cs-s/AHRPTWmYFFE5gLlW840NMHy4DPB_wE0VwgiqyhPb5SzxO--ffvNEKcJ8VIuRkF7eK8ArEl-jA4ZUC78S4FjGnGe4YsKFuMH5VwooPpWOEXJNZY2x8hMTzTrZAkPlYrBheodau24NNlrWww=w800-h500-k-no,50.0719353,19.9679893,,"dom kultury, Kraków",5,,Pod dachem,Instytucja kultury,w środku,tak,Kraków i okolice,2.5,zajecia,,
ChIJB9OsejpbFkcRg90Q6hFyjVI,Katolicki Dom Kultury im. ks. kard. A. S. Sapiehy,Community center,Stefana Bobrowskiego 6,Kraków,Kraków,4.5,80,+48 12 417 35 00,https://www.kdksapieha.pl/,https://lh3.googleusercontent.com/gps-cs-s/AHRPTWlfa52ZaxOghwwYsFEnw7EiZNtYVV7iZFw3xRWJ5xeZvAyPOmvYK5QzQH4qv495NvU3nCLsFblmtoFO_8lBFx3VYSbvtw75z4N-84NlguIHD1sjIWLAJxXy4sBasl1RTnZ1VEo=w800-h500-k-no,50.058285,19.966968,do weryfikacji (dzieci?),"dom kultury, Kraków; zajęcia mama i dziecko, Kraków",5,,Pod dachem,Instytucja kultury,w środku,,Kraków i okolice,2.2,zajecia,,
ChIJd1u09epcFkcRgIPsdf_UlHg,Centrum Kultury Podgórza - Klub Iskierka,Community center,Żywiecka 44,Kraków,Kraków,4.5,63,+48 12 266 03 45,http://iskierka.ckpodgorza.pl/,https://lh3.googleusercontent.com/grass-cs/ACvplmPU-W5tbtIgZTUE3ZHuEcBXYZAZfZxOW8Ak4QuvVkd8A7LGhWMl0wcqK1cj-YIlMWayLfFIKIt4PWqYxntyCEoAqHZ4tV66-I8WUBY8GLA7O0uED1FuKfDOaF3rq-UuHCB5Yce3EQ=w800-h500-k-no,50.0146209,19.9172726,,"dom kultury, Kraków",5,,Pod dachem,Instytucja kultury,w środku,tak,Kraków i okolice,5.4,zajecia,,
ChIJJaSuU4JDFkcRHTv26YWu1Yo,Dom Kultury SM Nowy Bieżanów,Community center,Aleksandry 11,Kraków,Kraków,4.5,136,+48 12 658 56 47,http://www.dknowybiezanow.pl/,https://lh3.googleusercontent.com/grass-cs/ACvplmNYY2NZQoHPGR-nVGO7n5g55GYH3fD5dnBA7Ab5SWfqw4-JbbFiPw9bJq1ani3eaunDrjrpxb43GMRx0DeHohlgRiuzT1a8pqIgmUU5YJYbUprsFgZ3WUZE6jPohurFCasT5N8s=w800-h500-k-no,50.0128208,20.0188515,,"dom kultury, Kraków",5,,Pod dachem,Instytucja kultury,w środku,tak,Kraków i okolice,8.0,zajecia,,
ChIJRT_8tfVEFkcRvorLuIqzCRE,Centrum Kultury Podgórza - Klub Rybitwy,Community center,Rybitwy 61,Kraków,Kraków,4.6,63,+48 12 653 11 31,http://rybitwy.ckpodgorza.pl/,https://lh3.googleusercontent.com/grass-cs/ACvplmM390j40IQraCTbGT2V1stJoVs5I_FM1K2O7aEU2dGhHZMwx10AWhEm9_uiG9w5hrH7MnoYtl21iQqhiFiId4FYqjK5StZqzajwOxhhO_CnV0wFE2MbCY8PM6wvRZzoJoRIDO-YwA=w800-h500-k-no,50.0429926,20.0339086,,"dom kultury, Kraków; gordonki, Kraków",5,,Pod dachem,Instytucja kultury,w środku,tak,Kraków i okolice,7.2,zajecia,,
ChIJY-b2x_VbFkcRilygPo_qYNs,"Klub Kultury ""Przegorzały""",Community center,Kamedulska 70,Kraków,Kraków,4.8,39,+48 12 429 90 52,http://przegorzaly.dworek.eu/,https://lh3.googleusercontent.com/grass-cs/ACvplmNWfhfZUVUSJKEuU9au_jvAgBsPyauY1WZsVAAyOfJ2CFZJnS-DovA-fOBsqSA96YAcdg6GhX6XpcsQS9NdFKlh6ShT9jmXwQTcJbhcJNH_0jNfl_TK-LzdcT4_Tnc1VK1d9QgxHAyTVwk=w800-h500-k-no,50.048015,19.873533,,"dom kultury, Kraków; gordonki, Kraków",5,,Pod dachem,Instytucja kultury,w środku,tak,Kraków i okolice,4.8,zajecia,,
ChIJuedlGMdcFkcRu1zAvE5Kf_8,Centrum Kultury Podgórza - Centrum Sztuki Współczesnej Solvay,Art gallery,Zakopiańska 62,Kraków,Kraków,4.4,278,+48 12 268 20 38,http://solvay.ckpodgorza.pl/,https://lh3.googleusercontent.com/grass-cs/ACvplmODhrWcJ5bbqjk7JCc8V2fnUA5IoGUfp0Gy5WqV8GquloYvZs7Mg7DY_hO9afHLqXcjjWkhdOwfj0Fxba4vVtUT3iZsa-m_Fry6jDGVUvhTQGnslE-avjW7Vr6jh18kjU8a27CT=w800-h500-k-no,50.01510039999999,19.9295022,,"dom kultury, Kraków",5,,Pod dachem,Instytucja kultury,w środku,tak,Kraków i okolice,5.2,zajecia,,
ChIJoTJBYnJZFkcRIsh1ja1pWz0,Klub Kultury Mydlniki,Community center,Balicka 289,Kraków,Kraków,4.6,53,+48 12 637 97 12,https://mydlniki.dworek.eu/,https://lh3.googleusercontent.com/grass-cs/ACvplmN05r5VmSxWfOmFQZZ2czvnw5V0B2rIEk8m7Vlt6fSgvd07womG8KThTFlr9ejQVDQwYrAoQWHYI_7OakIGC-C0FAaquLN06EmWKIlkBNBi5ZJQxF6cOT5locYDAiKZ5H-I_xpt=w800-h500-k-no,50.0841765,19.8460546,,"dom kultury, Kraków",5,,Pod dachem,Instytucja kultury,w środku,tak,Kraków i okolice,7.0,zajecia,,
ChIJ15bHK01aFkcRNkDXeMTniWI,"Klub Kultury „Paleta""",Community center,Wrocławska 91,Kraków,Kraków,4.8,55,+48 12 623 78 05,http://paleta.dworek.eu/,https://lh3.googleusercontent.com/grass-cs/ACvplmP4-uLLV1o13rKGY1vo7bf4bt53EkYF0J-zvOA0rYv03kDiYwewTFvAFX7f1iWJVyJRBJm5agVa2JC_S8GLrb6fNFYC3LYhiLz_H7PGJ2vjS-zBa8M7NM8iCNxpgEMUaYrZeSDj=w800-h500-k-no,50.0816182,19.9169047,,"dom kultury, Kraków; zajęcia mama i dziecko, Kraków",5,,Pod dachem,Instytucja kultury,w środku,tak,Kraków i okolice,2.6,zajecia,,
ChIJbV6J2VNDFkcRVQrlwekcKjU,Centrum Kultury Podgórza - Klub Wola Duchacka,Community center,Malborska 98,Kraków,Kraków,5,8,+48 519 309 357,http://wola.ckpodgorza.pl/,https://lh3.googleusercontent.com/grass-cs/ACvplmOPhJT0-227vug0HIVGN0O5gH2QMDWNh91r0KCbtjOol1hPMBDpXDBcDT9Pwqoo3h0Fb7zdsX_Di2pvBRSfWs5RYNNkYFLP_UreuBzGRrPhORefx2Fi82ITqTAZmrF4_be1uB8K=w800-h500-k-no,50.0226464,19.9652058,,"dom kultury, Kraków",5,,Pod dachem,Instytucja kultury,w środku,tak,Kraków i okolice,4.8,zajecia,,
ChIJpx1yuLFaFkcRJENBwA7GVes,Kuźnia | Ośrodek Kultury Norwida,Community center,Osiedle Złotego Wieku 14,Kraków,Kraków,4.6,269,+48 12 648 08 86,https://kuznia.okn.edu.pl/,https://lh3.googleusercontent.com/grass-cs/ACvplmNH61MmRbcwZZMrU7brCbvCl9_uxNyKXx4mVfMggETA8SPbdEitmaZWcq-tC3cvDMSkcqGbE0YLTB5FLjbU421dG9RQ8xsxWx-3-e5TNWWSepflqm4sH8gB9N1lKDVFfK4gxCA=w800-h500-k-no,50.096841,20.0015784,,"dom kultury, Kraków",5,,Pod dachem,Instytucja kultury,w środku,tak,Kraków i okolice,6.0,zajecia,,
ChIJB7goMRxaFkcRc4Xh1qUTml8,Klub Kultury „Łokietek”,Community center,Władysława Łokietka 267,Kraków,Kraków,4.9,87,+48 533 383 300,http://lokietek.dworek.eu/,https://lh3.googleusercontent.com/grass-cs/ACvplmOH-4wSsTxUBPYDGKdtRFtZX7wCHkrjjp7w0pL0HQ5_GmEu8G8S5wgtjkV9ylMu0Shvk-lPNdny7orqLpH5Z_T8SGrIZ2w0KgnD22ECMtPLncK0_SBrtHDsTjuM4-bOyAyzqE8=w800-h500-k-no,50.1122217,19.8993262,,"dom kultury, Kraków",5,,Pod dachem,Instytucja kultury,w środku,tak,Kraków i okolice,6.2,zajecia,,
ChIJa9LvqUdEFkcRrJlpgpyR6tA,Centrum Kultury Podgórza - Klub Przewóz,Community center,Łutnia 1,Kraków,Kraków,4.7,66,+48 12 653 22 59,http://przewoz.ckpodgorza.pl/,https://lh3.googleusercontent.com/grass-cs/ACvplmNMRdrkDZYdM8x-UYFxd4MOwIRymSJ37ML0lflv8Xpr6X44G2snmTwJPvm0M7bDL48OVdnGiBdXYIQOqrHvj13flRr41H0tw_lDOAFhw95QpoVdbD_n3GjkN7FKzLwrpGlUZ42NAQ=w800-h500-k-no,50.0419686,20.064522,,"dom kultury, Kraków; gordonki, Kraków",5,,Pod dachem,Instytucja kultury,w środku,tak,Kraków i okolice,9.4,zajecia,,
ChIJgXeGvg1FFkcRmwNHY9oYaGA,Młodzieżowy Dom Kultury im. J. Korczaka,Community center,Osiedle Szkolne 5,Kraków,Kraków,4.3,21,+48 12 643 62 70,http://www.mdkkorczak.pl/,https://lh3.googleusercontent.com/grass-cs/ACvplmPznmo3A8mrQ7JDE1J1xKDUKzkMXeHSuTXe5I-5VggjJC1iUIkKMxcTQKO0N2wpDo0eWBjeEf_nyE4Ymf0l_A7A_BfyN-xxQV_W5X-rMfj42sggQRnWJ3UiVUeJ9eD1KM68Vww_=w800-h500-k-no,50.07592589999999,20.0474441,,"dom kultury, Kraków",5,,Pod dachem,Instytucja kultury,w środku,tak,Kraków i okolice,8.0,zajecia,,
ChIJFbMQI61aFkcRWWcmwK85co8,Klub Mirage Ośrodka Kultury Kraków-Nowa Huta,Cultural center,Osiedle Bohaterów Września 26,Kraków,Kraków,4.6,129,+48 12 645 72 09,http://krakownh.pl/oddzial/klub-mirage,https://lh3.googleusercontent.com/grass-cs/ACvplmMsOj7N6Z4xqOFAufUug9fMoREUSh3lYNJf5Ime0aeyYZwC6gxjK9FOR_V0x0ITD2MicF5VPgVCwATEistwsW91Wv2u0Evpfao3O5ZFDrDET3xj_fHiPhLl-pGjZ5RdHwQPG1zt=w800-h500-k-no,50.0987817,20.0125838,,"dom kultury, Kraków",5,,Pod dachem,Instytucja kultury,w środku,tak,Kraków i okolice,6.8,zajecia,,
ChIJeRTatLdFFkcR3QFhiOlVTx0,Centrum Kultury Podgórza - Klub Płaszów,Community center,Gumniska 32,Kraków,Kraków,4.8,44,+48 515 757 852,http://plaszow.ckpodgorza.pl/,https://lh3.googleusercontent.com/grass-cs/ACvplmN10wHztEdWtrKxs-Gh2-MBXAo8VVvRKNYRC8M0Y2HIQEgIZGqFXdukx05nyTVY5ASOSifvOjYgezeMRcawNH8Oao72rSQRGpudJviZbykxqEIAWcph4hls7S5ristmJ8owSSc8kQ=w800-h500-k-no,50.049868,19.9912061,,"dom kultury, Kraków; zajęcia mama i dziecko, Kraków",5,,Pod dachem,Instytucja kultury,w środku,tak,Kraków i okolice,4.1,zajecia,,
ChIJmYjdu-lDFkcRUIWaeXIOgZk,Centrum Kultury Podgórza - Klub Aleksandry,Community center,Aleksandry 1,Kraków,Kraków,4.8,76,+48 514 156 910,http://aleksandry.ckpodgorza.pl/,https://lh3.googleusercontent.com/grass-cs/ACvplmO-p4dIJ_lt6lmldEZB_0tnpN40GlvDs5rl81RTbKsLP_gWn0Opq8S2BLXGwa2DQCUquyiBaacs1IEBv2AFNYnpN3oWbDvMqO7mtr-YbotAw0Nd9UXrzdwn0OO0xCPNtRDAdL47=w800-h500-k-no,50.01518309999999,20.0175058,,"dom kultury, Kraków",5,,Pod dachem,Instytucja kultury,w środku,tak,Kraków i okolice,7.7,zajecia,,
ChIJB2kLp-FcFkcR1gCGT-eLlUM,"Fort 52 „Borek""",Community center,Forteczna 146,Kraków,Kraków,4.7,511,+48 530 510 168,http://borek.ckpodgorza.pl/,https://lh3.googleusercontent.com/grass-cs/ACvplmMamRe5gaCzKd2TzhB2z4XQeDKuPmp26fa7dH9TJ85EGvrA3j7MEk8gigthQqzMj1lEq0GwpxV9p3v1_m31VV2E_3LwW3D61dTrlul0edQIMcL-Z2pEdtgy_HMBK-KTIV129r0aAw=w800-h500-k-no,50.0005669,19.90412,,"dom kultury, Kraków",5,,Pod dachem,Instytucja kultury,w środku,tak,Kraków i okolice,7.2,zajecia,,
ChIJFdyOs4ZPFkcRZH_cYdvJwho,Klub Dukat Ośrodka Kultury Kraków-Nowa Huta,Cultural center,Styczna 1,Kraków,Kraków,4.5,159,+48 504 418 929,http://krakownh.pl/oddzial/klub-dukat,https://lh3.googleusercontent.com/grass-cs/ACvplmNUyLU0hBoDRbrgTXV92swi4qCeiPdSR3dn8K-Nh1Y06dPaQIugwDsXEpBOd3kniCJs9-ICBiaJGEDBC0Hx-pxtJ0B8NaWclwVkixiO0_Ii6y4mD-9syFqM-PqZreqC4l2P29Y=w800-h500-k-no,50.0994998,20.073386,,"dom kultury, Kraków",5,,Pod dachem,Instytucja kultury,w środku,tak,Kraków i okolice,10.6,zajecia,,
ChIJp6KXVNtCFkcRe9ZcKeXy-jM,Centrum Kultury Podgórza - Klub Wróblowice,Community center,Henryka Niewodniczańskiego 74,Kraków,Kraków,4.5,81,+48 12 654 95 63,http://wroblowice.ckpodgorza.pl/,https://lh3.googleusercontent.com/grass-cs/ACvplmOWVoqRZByXRVl-OEUXe5RAw_ODUPgMn42DnQPAGLN98NuIwSVPUseUSdZ06hLR4rsH22Vm1O5VCELspnA0UlCO1p1qO2m0ZBIHOAfgjXZZXtyeukN-zAXm3CSQlM0kkYidOuTf=w800-h500-k-no,49.97938449999999,19.949713,,"dom kultury, Kraków; gordonki, Kraków",5,,Pod dachem,Instytucja kultury,w środku,tak,Kraków i okolice,9.2,zajecia,,
ChIJ2-gqgnNFFkcRCMW4muqqdqU,Klub Krzesławice Ośrodka Kultury Kraków-Nowa Huta,Cultural center,Melchiora Wańkowicza 17,Kraków,Kraków,4.7,84,+48 504 419 195,http://krakownh.pl/oddzial/klub-krzeslawice,https://lh3.googleusercontent.com/grass-cs/ACvplmMoavRzvFn-l4g91bjveje5I1_WjQnewYbflSRef5XA0QWgnlFwoOINuz8ndWuM2dYJGsUAq0XYX_x7YqB1wQwqgk6NZXufgu_ZuYrn5iMd7qDK8lGyB4Jnyy_5aPPZJEsrbeQ=w800-h500-k-no,50.0806106,20.0566306,,"dom kultury, Kraków",5,,Pod dachem,Instytucja kultury,w środku,tak,Kraków i okolice,8.8,zajecia,,
ChIJC5U6clJaFkcRTn7sgOqiYa0,Młodzieżowy Dom Kultury im. św. Jadwigi,Community center,Władysława Łokietka 60,Kraków,Kraków,4.3,20,+48 12 636 64 12,,https://lh3.googleusercontent.com/grass-cs/ACvplmNoOJTMsTpfQz72Y7051VfnUz8UJfMF5zRmjgqYjOt2Ydi9aIV2UBibnUs1bVgDTUexRrHSpAQwrKlFtB04CEOLXMxAyyO4V-1ynvC1Of-UN3bKJVmYYn-_ld1YyoXrCZu9Mtk=w800-h500-k-no,50.083957,19.9231299,,"dom kultury, Kraków",5,,Pod dachem,Instytucja kultury,w środku,tak,Kraków i okolice,2.7,zajecia,,
ChIJ-buGnUZDFkcRtXCQs2U2GUU,Centrum Kultury Podgórza - Klub Piaskownica,Community center,Łużycka 55,Kraków,Kraków,4.8,50,+48 12 652 10 10,http://piaskownica.ckpodgorza.pl/,https://lh3.googleusercontent.com/grass-cs/ACvplmP0mnwF4fkFFuE2-HcbNExybou0_KhikFPu5dJJdQz_cgasVkKilLxrPsbkbxNiuhOu-7I2hu0qshb5erBqAK70xITQ9Xxi_u9-HJl_Bimrg78WcUZgE_m3OgH4iUUKDx6qkjUvfQ=w800-h500-k-no,50.0129684,19.9720852,,"zajęcia umuzykalniające dla dzieci, Krak...; dom kultury, Kraków",5,,Pod dachem,Instytucja kultury,w środku,tak,Kraków i okolice,6.0,zajecia,,
ChIJSZM8l7RcFkcRnA1Su8NDu04,Młodzieżowy Dom Kultury im. Konstantego Ildefonsa Gałczyńskiego,Community center,Beskidzka 30,Kraków,Kraków,4.1,24,+48 12 655 07 19,http://www.mdkgal.edu.pl/,https://lh3.googleusercontent.com/grass-cs/ACvplmMAyDe-vvp8VAj1YSx016mlZ7U3u1bNNA0jaGdcPNDRVpapaH0FDJ2gZBD8RpK6_Mcvc1zo2h3vLNvOB6t4Kl2GFGg1XhOO9pEkG-hSubLco6yY5WXectfJKazA3t_kv7ZglL5B=w800-h500-k-no,50.0155258,19.9514389,,"dom kultury, Kraków",5,,Pod dachem,Instytucja kultury,w środku,tak,Kraków i okolice,5.2,zajecia,,
ChIJ2_KZcT1cFkcRJQrkNtYfeJk,Centrum Kultury Podgórza - Klub Kostrze,Community center,Dąbrowa 3,Kraków,Kraków,4.3,25,+48 12 267 56 29,http://kostrze.ckpodgorza.pl/,https://lh3.googleusercontent.com/grass-cs/ACvplmPiHQfXmitu-qGaHTCEE2Wgpx4ZfdhaXyhi5Whv_g5I-O_GEqrUT1IuIE6EK6HsMnkK42dyQ0jdyZod18NcglLWFJNvPUlRtEqLnhRhUeC8sykMKN2PtPEmr0M9mwLJui1CtoJisA=w800-h500-k-no,50.0281683,19.8522081,,"dom kultury, Kraków",5,,Pod dachem,Instytucja kultury,w środku,tak,Kraków i okolice,7.1,zajecia,,
ChIJK4vRycZHFkcRk9KhJ-Ykh5Q,Klub Jedność Ośrodka Kultury Kraków-Nowa Huta,Cultural center,Drożyska 3C,Kraków,Kraków,4.9,58,+48 12 681 00 70,http://krakownh.pl/oddzial/klub-jednosc,https://lh3.googleusercontent.com/grass-cs/ACvplmPdlRu71Msiba3Z6Da4eab4UA9w20Va78BDP4oHJoIcJPfezok_ZIu8_peHhZVaQ1TKr_QYzG9y3g4A-pnFmnzAlc89ctwZHRCmLVyWReHWkByUvexZXDiB9bXgpr-paD7UwbIY=w800-h500-k-no,50.0558989,20.2000239,,"dom kultury, Kraków",5,,Pod dachem,Instytucja kultury,w środku,tak,Kraków i okolice,18.8,zajecia,,
ChIJl9ZVcExbFkcRROYcUtJsCkQ,Ośrodek Kultury KRAKOWIACY,Cultural center,Świętej Gertrudy 4,Kraków,Kraków,5,8,+48 12 430 65 60,http://krakowiacy.art.pl/,https://streetviewpixels-pa.googleapis.com/v1/thumbnail?panoid=xp_WB7yx3TLdg2w3O5Rv1Q&cb_client=search.gws-prod.grass&w=800&h=500&yaw=115.162796&pitch=0&thumbfov=100,50.0587952,19.9413235,,"dom kultury, Kraków",5,,Pod dachem,Instytucja kultury,w środku,tak,Kraków i okolice,0.4,zajecia,,
ChIJa_MxpQ9FFkcR_FKFVrJzqbg,Klub Wersalik Ośrodka Kultury Kraków-Nowa Huta,Cultural center,Osiedle Ogrodowe 15,Kraków,Kraków,4.7,87,+48 504 419 205,http://krakownh.pl/oddzial/klub-wersalik,https://lh3.googleusercontent.com/grass-cs/ACvplmPsQxhQH_nBgM6bihykVt4LO9FAyq7X5VayVhVjAW18Nody3qxnuT1j8ZQvr-hzO7Ed9khAby4QS2PRmezL2a6Te9KiJtMllpYNUGZZrGQRDEaRLquu-WuWR6myrBRtoKlcg1dt=w800-h500-k-no,50.0706048,20.0450016,,"dom kultury, Kraków; zajęcia mama i dziecko, Kraków",5,,Pod dachem,Instytucja kultury,w środku,tak,Kraków i okolice,7.8,zajecia,,
ChIJ056_wg1bFkcRaD3VxUb8Ysc,Międzynarodowe Centrum Kultury,Art gallery,Rynek Główny 25,Kraków,Kraków,4.7,129,+48 12 424 28 11,https://mck.krakow.pl/,https://lh3.googleusercontent.com/grass-cs/ACvplmOUBH9ABF0OP5l4YmQAjgdFyrt9QTJW46MupZ_SITwqsXNduvms3OXP_O9yEJenEr5dZFbgkQUQnxbr8KUX8MgZlH46iLkia_5cMCfdG2nlj7uNpZIlvpteAtRsBjFzoDtOZUleow=w800-h500-k-no,50.061204,19.935701,,"dom kultury, Kraków",5,,Pod dachem,Instytucja kultury,w środku,tak,Kraków i okolice,0.1,zajecia,,
ChIJEUCnjKpFFkcR73TMJh4M_oM,Klub Zgody Ośrodka Kultury Kraków-Nowa Huta,Cultural center,Osiedle Słoneczne 16,Kraków,Kraków,4.7,41,+48 504 419 158,http://krakownh.pl/oddzial/klub-zgody,https://lh3.googleusercontent.com/grass-cs/ACvplmOhfYeSpVD7bLO7WaGuwHkj9yFmOZT4Mjf61rPERwlq66oVUc0z2nrzVWKx7dVU_6U37-GDG7bxAkpaL52ewa7LQxN0FHs7qF-_Nw5_8jhFZ_1Y7_7iOYvnYNoVJjUbP8PPIMssKg=w800-h500-k-no,50.0772756,20.0394299,,"dom kultury, Kraków",5,,Pod dachem,Instytucja kultury,w środku,tak,Kraków i okolice,7.5,zajecia,,
ChIJreJL7XlDFkcRelZ8DjGTA1w,Klub Kultury Zachęta SM Nowy Prokocim,Community center,Jana Kurczaba 25,Kraków,Kraków,4.8,80,+48 519 181 936,https://zacheta.nowyprokocim.pl/,https://lh3.googleusercontent.com/grass-cs/ACvplmMkT1h8FQxXmruK6osaAT1I9GUZmd9lb6c1mbcTtaE_bGsafgQUhhXTKcBNJgU0DvAliByx_MjRAtRjeDNdwtUl0cwNFJGbfTSnLj2r4MPSy8a_08X6vATMtLp12N9PdBYCh6w=w800-h500-k-no,50.0127722,20.0079064,,"dom kultury, Kraków",5,,Pod dachem,Instytucja kultury,w środku,tak,Kraków i okolice,7.4,zajecia,,
ChIJvX2xgzRFFkcRkKIrmSBpxQY,Klub 303 Ośrodka Kultury Kraków-Nowa Huta,Cultural center,Osiedle Dywizjonu 303 1,Kraków,Kraków,4.6,129,+48 12 681 39 78,http://krakownh.pl/oddzial/klub-303,https://lh3.googleusercontent.com/grass-cs/ACvplmMmtvcNn4zCvljTZwImnKfzId4JsZV-jga2qmyUPeNCSnsBGcBAu1ngVSgcJFAa2xyazeVkNSz5H2EZHe8yg3bPmzaiiia4fHvm82ZZM4ydU-kTtgGyAAOr1dm97UGAieGaUir0cA=w800-h500-k-no,50.082204,20.0046101,,"dom kultury, Kraków",5,,Pod dachem,Instytucja kultury,w środku,tak,Kraków i okolice,5.3,zajecia,,
ChIJzbVMfo1aFkcRljC92BooBA8,"Klub Kultury ""Wena""",Community center,al. 29 Listopada 201,Kraków,Kraków,4.7,78,+48 533 356 094,https://wena.dworek.eu/,https://lh3.googleusercontent.com/grass-cs/ACvplmM333LUMdrq-7U7Adr74T603bEe8-fkvUQTBkhvtXDwzQCMcrfN04SPxRkoyN2tR9Tq5VrnLPuuqH9ctIJlXwJ7Rs-qOjlFNSZaj8lpfDAgCh-LIRDLKWo7D9YQJGckivhLfDPJ=w800-h500-k-no,50.10299,19.9645132,,"dom kultury, Kraków; zajęcia mama i dziecko, Kraków",5,,Pod dachem,Instytucja kultury,w środku,tak,Kraków i okolice,5.0,zajecia,,
ChIJYQhbS2JFFkcR4HQ_6S-AlDI,Fort 49 „Krzesławice” - Twierdza Kraków,Community center,Na Stoku 27b,Kraków,Kraków,4.7,220,+48 12 645 27 14,http://www.mdkfort49.krakow.pl/,https://lh3.googleusercontent.com/grass-cs/ACvplmNoKSSz7snhKj3QHXO4Wa-JrsZnna3FmhJrzoMFmNJcvjm301tGgRMNzuI4HONSdTNoHXLwvfbTw0U5h5hsHowgZ-V1MbsN-gr4X6gBYBe0su-7QpP1lqhO3ryfcLaJkPPIuHMo=w800-h500-k-no,50.09849939999999,20.055994,,"dom kultury, Kraków",5,,Pod dachem,Instytucja kultury,w środku,tak,Kraków i okolice,9.4,zajecia,,
ChIJD45BwIlDFkcRCoDvAEliSos,Eden. Katolicki Dom Kultury,Community center,Księdza Jerzego Popiełuszki 35,Kraków,Kraków,4.1,31,+48 12 658 86 70,http://www.srk9.diecezja-krakow.pl/,https://lh3.googleusercontent.com/grass-cs/ACvplmMYH5z7qE1T6Xt-C3gCAls6LOkoTFOPi-Qf4t6z61k38t7EkkIETXK0TYQxW5ZpYKrLSYIynyFlvkdkirwaAMX6R4oMkrlgKTJUZyR19kSKqDybYYI9knNh7jCL02EZeNrYsNCf=w800-h500-k-no,50.0159493,20.0392984,do weryfikacji (dzieci?),"dom kultury, Kraków",5,,Pod dachem,Instytucja kultury,w środku,,Kraków i okolice,8.9,zajecia,,
ChIJ020zKT9bFkcRAzu-mD0k1js,Klub Strych. Krakowskie Forum Kultury,Community center,Masarska 14,Kraków,Kraków,5,34,+48 12 421 89 92,https://krakowskieforum.pl/strona-3522-klub_strych.html,https://lh3.googleusercontent.com/grass-cs/ACvplmNrhwr-URatVDvXYGuxAf7URaSqumcyUg4lRZa7PRXljJneicse8_-kUDNeNjg9SbwKRjHqbR8kphtNIuyCwcAVAhXCySQ2SD3bWycDqLGnBr2dAbJVx9O_b16RwHS3HkjVIxQbaA=w800-h500-k-no,50.05516739999999,19.9571567,do weryfikacji (dzieci?),"dom kultury, Kraków",5,,Pod dachem,Instytucja kultury,w środku,,Kraków i okolice,1.6,zajecia,,
ChIJldiq-2pbFkcRFlhw0HnSw_w,JCC Kraków – Centrum Społeczności Żydowskiej,Community center,Miodowa 24,Kraków,Kraków,4.5,397,+48 12 370 57 70,http://www.jcckrakow.org/,https://lh3.googleusercontent.com/grass-cs/ACvplmO_2BpqG7RMYO66ROh4LFCW50gZ_bXP9NPbMFuisyHDhWdPMA55itX55zyTshD8d6OC7A9yPRq8HzYJ9fWYn_X-QAp93DfUSeGWm6U5LctaWDQhL42XT9jAYLm8itXStt9g3Oap=w800-h500-k-no,50.0529848,19.944918,do weryfikacji (dzieci?),"dom kultury, Kraków",5,,Pod dachem,Instytucja kultury,w środku,,Kraków i okolice,1.1,zajecia,,
ChIJKelfReBPFkcR3xJXwbzYEGE,Klub Zakole Ośrodka Kultury Kraków-Nowa Huta,Cultural center,Zakole 31,Kraków,Kraków,4.4,105,+48 517 293 030,http://krakownh.pl/oddzial/klub-zakole,https://lh3.googleusercontent.com/grass-cs/ACvplmNVFl1lhvtGTYmzPGxYJF-5vJjaXIBD7zTeXGJY624QPeFkq3oVZN8jSQqMe8fEt_kIJDaHig0m-18tNA8Sd9CYAQVeNzmuCqvayrPKJMosNUxShLQRM54Y2N66g5LJ-07vzsCh=w800-h500-k-no,50.1123844,20.0578445,,"dom kultury, Kraków",5,,Pod dachem,Instytucja kultury,w środku,tak,Kraków i okolice,10.3,zajecia,,
ChIJF5In8VxDFkcRVFi29RBOi7o,Centrum Kultury przy Spółdzielni Mieszkaniowej na Kozóce,Community center,Spółdzielców 3,Kraków,Kraków,,,+48 12 655 38 61,,https://streetviewpixels-pa.googleapis.com/v1/thumbnail?panoid=JgH4kN4iuKF1GlXDJ2jW9g&cb_client=search.gws-prod.grass&w=800&h=500&yaw=119.43639&pitch=0&thumbfov=100,50.0185904,19.98129,do weryfikacji (dzieci?),"dom kultury, Kraków",5,,Pod dachem,Instytucja kultury,w środku,,Kraków i okolice,5.7,zajecia,,
ChIJcaSNJBVFFkcRFSQ6sIK7B9o,Ośrodek Kultury im. C. K. Norwida – Artzone,Community center,osiedle Górali 4,Kraków,Kraków,4.7,178,+48 12 644 38 98,http://artzona.okn.edu.pl/,https://lh3.googleusercontent.com/grass-cs/ACvplmNq3AEz_kCXfOTS9wGq7GaO8ebLDbk_iQHT6uwvpneFFqtQmn4zeGIYzmTDEZSSstxYbOzm9CjTyn6xq634hV1doCEG4dIXMgoHLCkHjboTqtqX7p2NwngIhzhGlYlmDEe52GRm=w800-h500-k-no,50.0805869,20.0359763,,"dom kultury, Kraków",5,,Pod dachem,Instytucja kultury,w środku,tak,Kraków i okolice,7.4,zajecia,,
ChIJWcrXldlaFkcRP0Oj1rzVjRQ,Centrum Kultury CALASANZ,Learning center,Janusza Meissnera 20,Kraków,Kraków,5,11,+48 604 269 411,https://calasanz.wieczysta.pijarzy.pl/,https://lh3.googleusercontent.com/grass-cs/ACvplmP59hC9OVt8l4WXW0Wg4pFTX4ZLfI0EOXbdnUr3MSS6FPNgGm1GgDkCo9lOomfNvI6QM4zPXXKxLFC_dtOntPcYeGidGse6CDXkpBBI_xHQ3Gar_ScnmI6-rFLFPEpc7a-s3j0a=w800-h500-k-no,50.0747126,19.9788661,,"dom kultury, Kraków",5,,Pod dachem,Instytucja kultury,w środku,tak,Kraków i okolice,3.3,zajecia,,
ChIJvzBYI7hbFkcRIiZpXUlMSh4,Podgórski Underground,Community center,Sokolska 3,Kraków,Kraków,5,1,+48 12 656 36 70,http://sokolska.ckpodgorza.pl/aktualnosci/profesjonalna-sala-prob-w-podziemiach-centrum-kultury-podgorza,https://lh3.googleusercontent.com/grass-cs/ACvplmOkEv-dBpwTh2g33Tz2Dll6F03zH5tbbH_A9dFMkOFx0GYUJ5nJ02XOHTU56FxGI7XKUHn66j1W04Dx2jZX2-0_83vhGq63R9YSxD57SmGjNIDIH_PoHpKkPcFErGuDhDh67JWm=w800-h500-k-no,50.044452,19.9455577,do weryfikacji (dzieci?),"dom kultury, Kraków",5,,Pod dachem,Instytucja kultury,w środku,,Kraków i okolice,2.0,zajecia,,
ChIJn2WuyspbFkcR0vJvVwx4NV0,Klub Kultury Vademecum,Cultural association,Walerego Eljasza-Radzikowskiego 29,Kraków,Kraków,5,1,+48 12 637 40 95,,https://streetviewpixels-pa.googleapis.com/v1/thumbnail?panoid=fHLL1M3s0QqkrKRCc1_yyA&cb_client=search.gws-prod.grass&w=800&h=500&yaw=187.11034&pitch=0&thumbfov=100,50.0835178,19.9040042,do weryfikacji (dzieci?),"dom kultury, Kraków",5,,Pod dachem,Instytucja kultury,w środku,,Kraków i okolice,3.4,zajecia,,
ChIJq4M7B59bFkcRtp9uVLu0BFw,Klub Kazimierz,Community center,Krakowska 13/17,Kraków,Kraków,4.8,12,+48 12 421 57 86,https://m.facebook.com/klubkazimierz,https://lh3.googleusercontent.com/grass-cs/AABkmLeK3X9wZbsKebcQdSiG0sm2TI5QODf5nvtpjL7lMtwLddCoFr4EavKp9EAXIB0Jf91-71UUTYZMaIiLZbnD-ZB3uuVj0Tl7wM1oI9RBsDhyp0H5ATjCXKTQoEEJmZEW-WphLaDwkrKwLCKo=w800-h500-k-no,50.05030989999999,19.9424378,,"dom kultury, Kraków",5,,Pod dachem,Instytucja kultury,w środku,tak,Kraków i okolice,1.3,zajecia,,
ChIJt8FdIzNbFkcRrxmk2fb5Apc,Królestwo Bez Kresu,Cultural center,Biskupia 18/1,Kraków,Kraków,5,175,+48 533 440 801,https://www.peakd.com/%40krolestwo,https://lh3.googleusercontent.com/grass-cs/ACvplmPguGkAQVvOKPMs8-2B1siOkBvSp0_PmL_aslQ_UPZiglFdA8FDbhJBYhQNDIr4uDJ_m8DIyidUwSi-ayojOPkKiGCXPX3UN4M7oyUb4o86WmCWOCIjtB0PlCIp4wQFcXZZnQll=w800-h500-k-no,50.0677171,19.9361162,do weryfikacji (dzieci?),"dom kultury, Kraków",5,,Pod dachem,Instytucja kultury,w środku,,Kraków i okolice,0.7,zajecia,,
ChIJ9fyaH9JbFkcRZYtiDlOIFmg,Krakowskie Centrum Równości DOM EQ,Community center,Krakowska 22,Kraków,Kraków,4.6,25,+48 728 273 738,http://znakirownosci.org.pl/,https://lh3.googleusercontent.com/grass-cs/ACvplmMYnKM687xE9K9cOm4dF-ds_7GIts0qrTmhLYuW4II1g6YtwdBJsqQEYdIp-Fuh5Xb7AwJaMaIg2-uRQu2oy48QvFPPELW2pYgUdXnpk7yrCtJPbHER-6UX-EgcmFTUvUBdD70=w800-h500-k-no,50.049969,19.942912,do weryfikacji (dzieci?),"dom kultury, Kraków",5,,Pod dachem,Instytucja kultury,w środku,,Kraków i okolice,1.4,zajecia,,
ChIJjUJnQWpbFkcRm3CjmSarY9E,Fundacja Judaica Centrum Kultury Żydowskiej,Cultural center,Beera Meiselsa 17,Kraków,Kraków,4.3,79,+48 12 430 64 49,http://www.judaica.pl/,https://lh3.googleusercontent.com/grass-cs/AABkmLfhLYok8uwQYVtwVxux61lE77SJJsoFggFbDDVwFfWUkocIbykAhxZieHoRPfHNTLLXjmFyrXa8l-KkxHJoRQpaKFpm7U6OrFNblTHvEpAjY-PkEf6vl9_wxyZT8YDQUp90Bn68=w800-h500-k-no,50.0513625,19.9443304,do weryfikacji (dzieci?),"dom kultury, Kraków",5,,Pod dachem,Instytucja kultury,w środku,,Kraków i okolice,1.3,zajecia,,
ChIJZcM9EQlbFkcRntzqDpwN8kU,Małopolski Ogród Sztuki,Performing arts theater,Rajska 12,Kraków,Kraków,4.8,1463,+48 12 375 21 50,http://www.teatrwkrakowie.pl/,https://lh3.googleusercontent.com/grass-cs/AABkmLdsnAkXr2KSQlylEzmAGgDWiS-8DI40S_hIZfWdgjnIe5kHHusB327jq4ZSWxZo-bUv7awnMnXvyeYsClGvpmNMY1q4bcMwAfZpfSs0nObpA42V5USYKkIh2Si3DF9aMv5oBuSXvw=w800-h500-k-no,50.06462819999999,19.9298763,,"dom kultury, Kraków",5,,Pod dachem,Teatr,w środku,tak,Kraków i okolice,0.6,z-marszu,,
ChIJDbPMMgBbFkcRNYIOPHI7tEE,Ośrodek Kultury Biblioteka Polskiej Piosenki,Historical landmark,Św. Wawrzyńca 15,Kraków,Kraków,,,,,https://streetviewpixels-pa.googleapis.com/v1/thumbnail?panoid=WcBB4m1HWA_eSF2AA8JdHA&cb_client=search.gws-prod.grass&w=800&h=500&yaw=157.41533&pitch=0&thumbfov=100,50.0498736,19.9475557,do weryfikacji (dzieci?),"dom kultury, Kraków",5,,Pod dachem,Instytucja kultury,w środku,,Kraków i okolice,1.5,zajecia,,
ChIJxUqjEgBbFkcRvT4LWm8WPSo,Klub Olsza,Community center,Stanisława ze Skalbmierza 7,Kraków,Kraków,,,,https://www.facebook.com/KlubOlsza,https://streetviewpixels-pa.googleapis.com/v1/thumbnail?panoid=07Y921rLqiP47RfZ05NCCg&cb_client=search.gws-prod.grass&w=800&h=500&yaw=240.12831&pitch=0&thumbfov=100,50.0819559,19.9673786,do weryfikacji (dzieci?),"dom kultury, Kraków",5,,Pod dachem,Instytucja kultury,w środku,,Kraków i okolice,3.1,zajecia,,
ChIJF6jmjWlbFkcRU7RdE8oYRcE,Dom Norymberski. Promocja Niemieckiej Kultury,Cultural center,Skałeczna 2,Kraków,Kraków,4.6,24,+48 12 430 61 27,http://dom-norymberski.com/,https://lh3.googleusercontent.com/grass-cs/ACvplmMJyyOiqyIrohq4KFBS7_7JmCcG76v9t2nAvC2ksvF-NUE1yJqHyZJXl3lUK2OxrnfOyh_SR4hFnTpSoI9GCjiaa9hJ2kSjJLznM4zWK0RPnZzdOJ2wIpnumLcNzHXTprAoYVDU=w800-h500-k-no,50.0493736,19.9428464,do weryfikacji (dzieci?),"dom kultury, Kraków",5,,Pod dachem,Instytucja kultury,w środku,,Kraków i okolice,1.4,zajecia,,
ChIJw5w7jxlbFkcRQw8J4DA4MO4,Przełom Kraków - Breakthrough Kraków,Community center,Wrocławska 8A/LU3,Kraków,Kraków,,,,,https://lh3.googleusercontent.com/grass-cs/ACvplmPdvCWrb4_JTRA-SNJ_N6nCvuSuBFHMuMPYHrreY5WKs8BVOJqkqzfeb78qInD4j7aiKenxMIeUxmIBFKMAOSRhTa-dtdJ3mRFoqJ7XfE0R40K1IJ_du0G8cFdE4pQQzlrHEwxzBg=w800-h500-k-no,50.07498409999999,19.9335773,do weryfikacji (dzieci?),"dom kultury, Kraków",5,,Pod dachem,Instytucja kultury,w środku,,Kraków i okolice,1.5,zajecia,,
ChIJ1xJUA5ZbFkcRvMr4sr1aXfM,Pracownia Mistrza Twardowskiego,Community center,Sokolska 13,Kraków,Kraków,,,+48 12 656 36 70,http://www.ckpodgorza.pl/o-nas/aktualnosci/sokolska/niezapomniane-urodziny-w-centrum-kultury-podgorza,https://lh3.googleusercontent.com/grass-cs/AABkmLcuZcqyeMkvJkvh6XkAJSqL9wSoH8su0jcKNRITH7T14s7nlmnkBUv8-JYpBugUFddezt7cvZim5N_RfMzmmlJ0-MQC7senpMIe_F-fokNhcykpvDznxxPzcKVzI7CZuBRmny0R9g=w800-h500-k-no,50.0443631,19.9454388,do weryfikacji (dzieci?),"dom kultury, Kraków",5,,Pod dachem,Instytucja kultury,w środku,,Kraków i okolice,2.0,zajecia,,
ChIJHwP-ZRhbFkcRxBy0W78JAps,Opera Krakowska,Opera house,Lubicz 48,Kraków,Kraków,4.6,4016,+48 12 296 62 00,https://opera.krakow.pl/,https://lh3.googleusercontent.com/grass-cs/ACvplmM9IvAoHiH6wRFv6n56aWR00ZWrBVI93BX-FAfTMcZ3UhpsPuUoZPni0l9yQ1gblnnk_mpM1xdqNnSjNEK1_HCr8fqZcYEkvqLsr6qTNCAu-CCghFK2uYHIurqqGUKNMINoWBX8=w800-h500-k-no,50.0657437,19.9561317,,"opera, Kraków",5,,Pod dachem,Koncerty dla dzieci,w środku,,Kraków i okolice,1.4,z-marszu,,
ChIJ51yyJk5dFkcR48FbrBAu4u0,Centrum Kultury Podgórza - Klub Swoszowice,Community center,Kolejarzy 71,Kraków,Kraków,4.8,33,+48 515 757 955,http://swoszowice.ckpodgorza.pl/,https://lh3.googleusercontent.com/grass-cs/ACvplmNVaE6IjQidHGZ3vcsn95traMp5KhwADwvGmaNgM1S45SWPqCCOVMCAkRr-7s5_QQn_FuEmDz_KR3813-QlTVoRYaJopeCDLsxoSegrzID_HnCE-uXnPKMrKe7oRkaLlyaVazz9qw=w800-h500-k-no,50.0005616,19.927834,,"centrum kultury, Kraków; gordonki, Kraków",5,,Pod dachem,Instytucja kultury,w środku,tak,Kraków i okolice,6.8,zajecia,,
ChIJpf1t5UZbFkcRoKHzDVutfq4,Warsztat – niezależne centrum społeczno-kulturalne,Cultural center,Zabłocie 9a/9b,Kraków,Kraków,4.8,298,,https://web.facebook.com/warsztatkrakow/,https://lh3.googleusercontent.com/grass-cs/ACvplmNYiTXf2z86CbVbWIIRnIbqCQmAIksG8TZv6SzkfXz4hCPKsY8RAjKV8XLM2KpeCvxttlKnJQiESfVohdYcGJXIaHE-uxmt7ogl-Z156F_6lx_80fk0FVhx9B5lgkdPtxhsUaxLCQ=w800-h500-k-no,50.04964529999999,19.9563324,do weryfikacji (dzieci?),"centrum kultury, Kraków",5,,Pod dachem,Instytucja kultury,w środku,,Kraków i okolice,1.9,zajecia,,
ChIJo2EiSUVcFkcR91_WmoBNWAU,Centrum Kultury Podgórza - Klub Skotniki,Cultural center,Batalionów Chłopskich 6,Kraków,Kraków,4.6,53,+48 12 262 51 06,http://skotniki.ckpodgorza.pl/,https://lh3.googleusercontent.com/grass-cs/ACvplmOPTKHn5rw6IuYS-17i9IMQpkI9voPTDA5BgLdNsvbqAPQaprwMwkC3CvgGhEEKLZKJXlhXRxMgBN6djCGU_GrzytU494o_qp0uAcI1FQ-2cvT3bklJATsPxayC04M72gt0dHU8=w800-h500-k-no,50.0160699,19.8722438,,"centrum kultury, Kraków",5,,Pod dachem,Instytucja kultury,w środku,tak,Kraków i okolice,6.9,zajecia,,
ChIJtT7JAv5CFkcR5FQg7Tp7D60,Centrum Kultury Podgórza - Klub Soboniowice,Community center,Jerzego Kuryłowicza 115,Kraków,Kraków,4.6,58,+48 12 451 83 44,http://soboniowice.ckpodgorza.pl/,https://lh3.googleusercontent.com/grass-cs/ACvplmNEUS2lwxP93-wyLlAgUyzF7-idGE4E3U0SVQIcKse8q1ijhtbtUJbIuMZYU4M7VshNoSvIB1eMGdIBSOfgmAOU_BpIps__gixU-Zbay0MKaanDXS5XJCgERDm7dvpRmn-VqjV99Q=w800-h500-k-no,49.9833022,19.9861188,,"centrum kultury, Kraków",5,,Pod dachem,Instytucja kultury,w środku,tak,Kraków i okolice,9.4,zajecia,,
ChIJ1Wdu2FdHFkcRNcpKHfp5mHI,Klub Karino Ośrodka Kultury Kraków-Nowa Huta,Cultural center,Truskawkowa 4,Kraków,Kraków,4.8,30,+48 12 681 02 00,http://krakownh.pl/oddzial/klub-karino,https://lh3.googleusercontent.com/grass-cs/ACvplmOKl4_jcUFQqZ0-K__BIJ8fP90XlUbdMSZxtNqpCpbaDQohX0oKFR19k_Xh_YOpcmy5Fgp7pb4r_pgX8CoLqSbLD5uJNXOKgxuig3yWgJ5LnDGhihHSJBtBdcH7fHW_eXMRZapF=w800-h500-k-no,50.0498679,20.1280043,,"centrum kultury, Kraków",5,,Pod dachem,Instytucja kultury,w środku,tak,Kraków i okolice,13.7,zajecia,,
ChIJjSX-rlxZFkcRd7km3P_8yKg,Klub Kultury Chełm filia Centrum Kultury Dworek Białoprądnicki,Community center,Chełmska 16,Kraków,Kraków,4.5,55,+48 12 425 24 93,https://chelm.dworek.eu/,https://lh3.googleusercontent.com/grass-cs/ACvplmMdicEQsZn8ikdDC2zyK7bzCmm7H6TTGWpskKOfMKjipqO2Uj6tbONoJBeps_UycqY-0GE6Rx64Jufj5ACdSe5w8UoVf5nSQz8S4bWQRyxBy6N38CK0ztA04EHTZdNL5DgCbDD2=w800-h500-k-no,50.067647,19.846421,,"centrum kultury, Kraków",5,,Pod dachem,Instytucja kultury,w środku,tak,Kraków i okolice,6.5,zajecia,,
ChIJi9WW3-dbFkcRvjh5eW0mGqk,Klub Kultury Wola,Community center,Królowej Jadwigi 215,Kraków,Kraków,4.7,91,+48 533 356 009,http://wola.dworek.eu/,https://lh3.googleusercontent.com/grass-cs/ACvplmMY4s9_VNEekOvlqOVNsj5XXjo1SoZU7mvR3aHG4FUcb-Z8pls3HlkYhqz7ArKV_ltsQJZyxPU8fTDYtPSbaHi9GtUNHOUF751uXM5Zqn3q8W05VhlKyueKby2MebFmpR6vWqn5=w800-h500-k-no,50.0657095,19.876431,,"centrum kultury, Kraków",5,,Pod dachem,Instytucja kultury,w środku,tak,Kraków i okolice,4.4,zajecia,,
ChIJrfln9rlbFkcRFYzRbmqXPes,Centrum Wielokulturowe w Krakowie / Multicultural Centre in Krakow,Non-profit organization,Zabłocie 20,Kraków,Kraków,4.9,28,+48 517 448 487,http://otwarty.krakow.pl/,https://lh3.googleusercontent.com/grass-cs/ACvplmPt2kVJpDSB0Xc7kN79Jt6JEoQi1-zskjTR3NNloPSloCFns4MBX0FQzHCMYgLX_yrvoWKCcaf4qmG1oDMQrYaa0p_BN6t3cBXvbhh4At1cWTDqyFb0WmjYikCoFrJi6ePi987gCPieFPSW=w800-h500-k-no,50.0498355,19.9664364,do weryfikacji (dzieci?),"centrum kultury, Kraków",5,,Pod dachem,Instytucja kultury,w środku,,Kraków i okolice,2.5,zajecia,,
ChIJS3YhNvtbFkcR8ud21AAR4z0,Azerskie Centrum Kultury,Cultural center,Władysława Syrokomli 26/3,Kraków,Kraków,5,3,+48 883 586 207,,https://lh3.googleusercontent.com/grass-cs/ACvplmMuzSJsJ7ZIGHfIwQkkwh81o6dcMgBWXonzb12KX_LghXB2JWnvFBQAQaG9SitpzBAJNQz9bv-Spn_az0cQ_MNBZpgK8jg4c5zchfzuxpHPQ6SOL3GSaHTvmYj2VQaE3s4WQIkB=w800-h500-k-no,50.0574034,19.9246272,do weryfikacji (dzieci?),"centrum kultury, Kraków",5,,Pod dachem,Instytucja kultury,w środku,,Kraków i okolice,1.0,zajecia,,
ChIJ7SitWIheFkcRd4ESfQO6DvM,Centrum Kultury Podgórza - Klub Tyniec,Community center,Dziewiarzy 7,Kraków,Kraków,4.7,34,+48 12 267 51 24,http://tyniec.ckpodgorza.pl/,https://lh3.googleusercontent.com/grass-cs/ACvplmOjmclT7Amy_n3QqbyIaCfFPAue_GZ1cNZi20cOk7uji9Vg904jwD_Wvu1Pdh7i5hd0FfaehA5NBaWgNrMbWNJCfMIPJjTav5vydIWKk37JPAXfQBGAPkY3L_7pMhMTUtmFSS0I=w800-h500-k-no,50.018094,19.806852,,"centrum kultury, Kraków",5,,Pod dachem,Instytucja kultury,w środku,tak,Kraków i okolice,10.5,zajecia,,
ChIJlVjSwhJbFkcRuPPUBmuO1JQ,Włoski Instytut Kultury,Cultural center,Grodzka 49,Kraków,Kraków,4.9,105,+48 12 421 89 43,https://iiccracovia.esteri.it/iic_cracovia/it,https://lh3.googleusercontent.com/grass-cs/ACvplmNVNPThrVieL1wf4REoTvgs4PV0bpp4hfrVL1PHoW-VrjtO2Z7YcZYj0-DK6P4xNAW6aVf_c5vG8SfSnTxe-mb05VBMaPBlSl9eQ7gkC06V3kjrrTi4OIREDJYSxb30xnVi2sxY=w800-h500-k-no,50.0573801,19.9379633,do weryfikacji (dzieci?),"centrum kultury, Kraków",5,,Pod dachem,Instytucja kultury,w środku,,Kraków i okolice,0.5,zajecia,,
ChIJO_BGmghbFkcRmi-ADbxhbPE,Centrum Kultury Latynoamerykańskiej/Centro Latino,Cultural center,Stefana Batorego 2,Kraków,Kraków,3.8,10,+48 535 239 935,http://www.centrolatino.org.pl/,https://streetviewpixels-pa.googleapis.com/v1/thumbnail?panoid=i8PwlzIU4t3RazjCHeI7Qw&cb_client=search.gws-prod.grass&w=800&h=500&yaw=207.34386&pitch=0&thumbfov=100,50.0673981,19.933628,do weryfikacji (dzieci?),"centrum kultury, Kraków",5,,Pod dachem,Instytucja kultury,w środku,,Kraków i okolice,0.7,zajecia,,
ChIJpzPmlgVbFkcR_kDEEm0jKb0,Sekret Profesora Lipnitzkiego,Escape room center,Krowoderska 21/30,Kraków,Kraków,4.8,17,,,https://streetviewpixels-pa.googleapis.com/v1/thumbnail?panoid=_HyeuvqwDyCjFvkVyYPvew&cb_client=search.gws-prod.gps&w=800&h=500&yaw=56.478527&pitch=0&thumbfov=100,50.0680659,19.9375349,wiek do sprawdzenia,"escape room, Kraków",5,,Pod dachem,Escape room,w środku,,Kraków i okolice,0.7,z-marszu,,
ChIJyc8O1jFbFkcRmMuFLdndtV4,Tropem Miasta - Plenerowy Escape Room Kraków,Tourist attraction,Zamek Wawel 5,Kraków,Kraków,,,,https://tropemmiasta.pl/,,50.0529747,19.935464,wiek do sprawdzenia,"escape room, Kraków",5,,Pod dachem,Escape room,w środku,,Kraków i okolice,1.0,z-marszu,,
ChIJzVfrTghDFkcR99zMRRVg9OY,Escape Box Klaustrofobia,Escape room center,Cechowa 35A,Kraków,Kraków,5,12,+48 515 440 661,http://escapeboxklaustrofobia.pl/,https://lh3.googleusercontent.com/grass-cs/ACvplmNiFKqXOoLskCUkPzOy4zap5DwtMJdmesVy4ni78SP6ffecnDQBOiQz3R0q65knQyemV7QlfJMkzFPGZUWuFKxz_L_NpAy0R2o5fmeEqKnPtlqU6WyC_uMcge61XXc4x-hlsaKoFg=w800-h500-k-no,50.00352239999999,19.9543874,wiek do sprawdzenia,"escape room, Kraków",5,,Pod dachem,Escape room,w środku,,Kraków i okolice,6.6,z-marszu,,
ChIJ8Rr7MHhbFkcRbgnBlpqR36A,10Rabbits,Escape room center,Księcia Józefa 54a,Kraków,Kraków,,,,,https://streetviewpixels-pa.googleapis.com/v1/thumbnail?panoid=C1E7r9nNybdzqMHHsowelA&cb_client=search.gws-prod.grass&w=800&h=500&yaw=182.0767&pitch=0&thumbfov=100,50.0472972,19.8890381,wiek do sprawdzenia,"escape room, Kraków",5,,Pod dachem,Escape room,w środku,,Kraków i okolice,3.8,z-marszu,,
ChIJFxkgh5hbFkcRH6iN7lHpbUI,Magpie Mysteries,Escape room center,plac Szczepański 3,Kraków,Kraków,,,,http://www.magpiemysteries.com/,https://streetviewpixels-pa.googleapis.com/v1/thumbnail?panoid=O5BkKR9NXmauVUJmLptZ4Q&cb_client=search.gws-prod.grass&w=800&h=500&yaw=224.95158&pitch=0&thumbfov=100,50.0635048,19.9346665,wiek do sprawdzenia,"escape room, Kraków",5,,Pod dachem,Escape room,w środku,,Kraków i okolice,0.3,z-marszu,,
ChIJoSUO9iVDFkcR5O2JbT-8QG8,Bawialnia Chwilka,Cafe,Aleksandry 11,Kraków,Kraków,4.6,57,+48 730 210 736,https://chwilka.localo.site/,https://lh3.googleusercontent.com/gps-cs-s/AHRPTWkCXX6eWPIfAVttJaLdY8QzvijckASpSk-RpmAqdVPnWvSOm10M2jCE1yyTWmZOwzg-J-8ieyO7ylih2Fy3VzbHHWnkroxv4CvjZaiCBA49HiX2g944gYywU3JIlGVpW9ljUgPd=w800-h500-k-no,50.0126437,20.0186724,,"kawiarnia dla dzieci, Kraków; gordonki, Kraków",5,,Pod dachem,Sala zabaw,w środku,,Kraków i okolice,8.0,z-marszu,,
ChIJKZrv_4RbFkcRSi7JVyI1Sac,Smok Arcade,Amusement center,plac Wszystkich Świętych 11,Kraków,Kraków,4.9,1624,+48 730 719 851,https://smokarcade.pl/%3Futm_source%3Dgooglebusinessprofile%26utm_medium%3Dorganic%26utm_campaign%3Dtest,https://lh3.googleusercontent.com/grass-cs/ACvplmP5aA_Yw4vE5TGme5WVgcLxweNsC2PamaMppgcah1VvwNge2g3TyPyL1EX_cXJmRBr-PbExhaQ_mskgpxX17j3woCESN6zQ0Uc3tQSkoqpMrSoS60L-nuW4oBf521-J62o_ksQioXA_ef4=w800-h500-k-no,50.0592943,19.9375926,do weryfikacji (dzieci?),"kawiarnia dla dzieci, Kraków",5,,Pod dachem,Sala zabaw,w środku,,Kraków i okolice,0.3,z-marszu,,
ChIJb2jcbxJbFkcRlHlcpFE3vx0,Krakowska Manufaktura Czekolady,Tourist attraction,Gołębia 5,Kraków,Kraków,4.5,931,+48 519 634 600,https://www.chocolate.krakow.pl/,https://lh3.googleusercontent.com/grass-cs/ACvplmPZ6WuetZrM018QynPtkuC3pM94qN6zzPx3c95IlT4f8iSrQP7bNGXgUF3rHlUVxwa_eU5vvkQezrXpCymbmJ17_qP1CFdb2aRJfSa8DVx4_MTARkC_x_ea28Iup4tEyw9jMOAh=w800-h500-k-no,50.06058729999999,19.9350935,do weryfikacji (dzieci?),"kawiarnia dla dzieci, Kraków",5,,Pod dachem,Plastyka i rękodzieło,w środku,,Kraków i okolice,0.2,zajecia,,
ChIJ94giJElbFkcRLWB4Oe1J3cE,Be Happy Museum,Tourist attraction,Karmelicka 3,Kraków,Kraków,4.4,1607,+48 532 683 515,https://behappymuseum.com/,https://lh3.googleusercontent.com/grass-cs/ACvplmPI8Npjgf_F__EDxznj9soh65xL1JKoPF163bwtw5BvVU5mAuEKCzeltIBtYBPip1rmAMDa8AdZ4_S0HlL5klyGn7CCdABsFZSpPl1uRiM3dsZ5_0NsUwcPHD3KhxN24Ivkmg3Y=w800-h500-k-no,50.0637874,19.9328185,,"kawiarnia dla dzieci, Kraków",5,,Pod dachem,Muzeum,w środku,tak,Kraków i okolice,0.4,z-marszu,,
ChIJHbYmukhbFkcRFqvKpHaz3is,Muzeum Sztuki Współczesnej MOCAK,Modern art museum,Lipowa 4,Kraków,Kraków,4.5,6461,+48 12 263 40 01,http://www.mocak.pl/,https://lh3.googleusercontent.com/gps-cs-s/AHRPTWkIgcvJkl1u9Qy534Fds1dZMF6ji8p1EsMjtz-zRTXKA2OUHta-gJwlZI9ToqLpKo2Kidexy4nc8FfF02YwH7xQ1xOD5nKn13o9Iz6_tsUu2JK36gF51oQcZGXP_uA3lARKfGgv=w800-h500-k-no,50.04762419999999,19.9615335,do weryfikacji (wystawy dla dzieci?),"centrum sztuki współczesnej, Kraków",5,,Pod dachem,Muzeum,w środku,tak,Kraków i okolice,2.3,z-marszu,,
ChIJF9Cg7Q5bFkcRvepFdoiqMr4,Bunkier Sztuki – Galeria Sztuki Współczesnej,Art gallery,plac Szczepański 3a,Kraków,Kraków,4.4,777,+48 728 955 394,http://bunkier.art.pl/,https://lh3.googleusercontent.com/gps-cs-s/AHRPTWnnCFwwUfrNubCxgi3RVz00mBGskBXtsLraKGWVAtY4x6rPG7fRJYVNZHk1YV4fx8Psmjso4H5lMpvpYFswdIEBY1Gl9C2vOVWvMwmrXeW-YOoI8_sA6MWsbnAlSr-ePsVvdNs=w800-h500-k-no,50.0635302,19.934219,,"centrum sztuki współczesnej, Kraków",5,,Pod dachem,Instytucja kultury,w środku,tak,Kraków i okolice,0.3,zajecia,,
ChIJkURloplbFkcR7EoS-j3at3c,Klub Tenisowy Błonia,Sports club,Na Błoniach 1,Kraków,Kraków,4.6,173,+48 500 210 614,http://nabloniach.com/,https://lh3.googleusercontent.com/grass-cs/ACvplmMSbZrRcDBC_ypzJKtJHGSW57QTU-RYlfPzZis8r7kTCGpGAheqQlHHtGb8mwLN8-GJ_fY-KF3sCb2wIi3V_wTuDPl77h9lvtYabvSw9tdjTWDnJG_cM5LLt__AVc1nyJVsirmZ2w=w800-h500-k-no,50.05822149999999,19.9072059,,"klub tenisowy, Kraków",6,,Pod dachem,Zajęcia sportowe,w środku,,Kraków i okolice,2.2,treningi,Tenis i badminton,
ChIJXSBPYx9bFkcR1gqpDjpQejg,teniskrakow.pl,Sports club,księdza Biskupa Władysława Bandurskiego 24,Kraków,Kraków,5,75,+48 505 530 053,http://www.teniskrakow.pl/,https://lh3.googleusercontent.com/grass-cs/ACvplmOJ0uDNsAqstlHuq93WvRr6GBCGVNb6rQ0UcIL0O-MAHEdBw72XLiA7OLnIObX-jgJeBE74rpmkrfzOGXxhhtsgQ60eBxJDF-wcV8B7PCd9EWPzLgMxdDOnAgYnNTK-wzM4V6o=w800-h500-k-no,50.070249,19.960187,,"klub tenisowy, Kraków",6,,Pod dachem,Zajęcia sportowe,w środku,,Kraków i okolice,1.9,treningi,Tenis i badminton,
ChIJXboSGHNbFkcRaeg2GK_veVE,Kraków Tenis Klub,Tennis instructor,Dąbska 1,Kraków,Kraków,4.4,13,+48 510 831 075,http://ktkkrakow.pl/,https://lh3.googleusercontent.com/grass-cs/ACvplmNNvabfyWb6HR5MfOxE-xkXg7crHZ3Vh1t_rlPyPr39bvfw98HgyPuOqqqd6BgdRFASeh9PsydPedOvtBSgDaoXvQbemtqSxpnvoU1e_WOnxmODjN0SZ3NN6vdMXdzt5tyGBw8J=w800-h500-k-no,50.0650761,19.9793221,,"klub tenisowy, Kraków",6,,Pod dachem,Zajęcia sportowe,w środku,,Kraków i okolice,3.0,treningi,Tenis i badminton,
ChIJJTP92nRbFkcRotkMgwJW26w,Szkoła Tenisa Protenis Kraków. Półkolonie Kraków,Sports club,al. Jana Pawła II 37,Kraków,Kraków,4.8,75,+48 784 037 097,https://www.proteniskrakow.pl/,https://lh3.googleusercontent.com/grass-cs/ACvplmNjA_HB6aC-vJAV-xqgeo5AZneET2h7DJ2Nvy-0glSx16zjscVIFk7W6qqoRROEY--p9wfA40kfSDFRHsw73-PUpkmtYvqTPhqqbYpxRV6hdhtSa2WnfuHMqisxgoMAxSxxMhKk=w800-h500-k-no,50.0765065,19.9964674,,"zajęcia mama i dziecko, Kraków; klub tenisowy, Kraków",6,,Pod dachem,Zajęcia sportowe,w środku,,Kraków i okolice,4.5,treningi,Tenis i badminton,
ChIJWxyrVklbFkcRNKFluCUsDCU,Fame Sport Club,Tennis club,Jana Dekerta 21,Kraków,Kraków,4.6,451,+48 534 705 530,https://famesport.pl/,https://lh3.googleusercontent.com/grass-cs/ACvplmOUFftJx57s215LrIE38ugiprVhsuQHp7ZbFjSZYFe34MAbS_eA4IhSB5nnZnYc3JBkIDX76IjuOrUpJJWa5qCxs1FRNaMLBKcwkMzqM_rSDZ5vH-JG79_qYJAJhR56YcwGNk6RHg=w800-h500-k-no,50.0467165,19.9675692,,"klub tenisowy, Kraków",6,,Pod dachem,Zajęcia sportowe,w środku,,Kraków i okolice,2.7,treningi,Tenis i badminton,
ChIJ-xEw9wJbFkcR5YugcJllREA,Błonia Sport,Tennis court,al. 3 Maja 57,Kraków,Kraków,4.5,466,+48 728 871 400,https://bloniasport.pl/,https://lh3.googleusercontent.com/grass-cs/ACvplmMqk6stfsDAANaXqL2uyXvP91yKiOn5YKRhgFDxg7gDFsMc0g5508oOxq8ZjST8mE0jl3yPzskkjISLNfkIRcTbswG4HKcegtA-1JIe68uQf4i_l1p4w5p7u62dJBC7Yf9ie8cQ0A=w800-h500-k-no,50.0631,19.9059077,,"zajęcia mama i dziecko, Kraków; klub tenisowy, Kraków",6,,Pod dachem,Zajęcia sportowe,w środku,,Kraków i okolice,2.2,treningi,Tenis i badminton,
ChIJyeuiltpbFkcRPcKbdvxqkm0,Korty Tenisowe AMS Magic Sports,Tennis court,Zarzecze 124A,Kraków,Kraków,4.5,34,+48 735 918 185,https://magicsports.pl/,https://lh3.googleusercontent.com/grass-cs/ACvplmOFv3MFlWK9Tk4jgnrtKdXHHB98lEECH3kNdBHXaM8LqwJLZKdLWi3mZOMfhF2WWjjfLiQdzSsMBceSdHaVmQcYBPdAhZ8dqM_8pgS_WnvUOdREJgE_yXAFg7gjNEQ7U-XjmPruRPvQujQ=w800-h500-k-no,50.0760156,19.8830036,,"klub tenisowy, Kraków",6,,Pod dachem,Zajęcia sportowe,w środku,,Kraków i okolice,4.2,treningi,Tenis i badminton,
ChIJUexSZ5RbFkcRKJvqvAn-SQo,Krakowski Klub Tenisowy Olsza (KKT Olsza Kraków),Tennis club,Michała Siedleckiego,Kraków,Kraków,4.1,87,+48 797 919 099,,https://lh3.googleusercontent.com/grass-cs/ACvplmPOf7lf3kJ5k1-snFZ-UrPcJrcKrql8fJ4P1uOCCeLcRjH-axtDZaIx5KHL0Vt_fVqLj3dIjhfyfyP1PHhsBzZvYbgfTXTqnAfUL1MW_6RdoROifZk8poYPi2_IxjbOa3TYabEb6A=w800-h500-k-no,50.0553642,19.9501114,,"klub tenisowy, Kraków",6,,Pod dachem,Zajęcia sportowe,w środku,,Kraków i okolice,1.2,treningi,Tenis i badminton,
ChIJqaDmgTxbFkcRzApfQG3OgbQ,Krakowska Akademia Tenisa,Tennis instructor,Michała Siedleckiego 7,Kraków,Kraków,4.5,20,+48 796 760 567,https://ktenis.pl/,https://lh3.googleusercontent.com/grass-cs/ACvplmMnL2JcAu_25U9UMKHtLABr7bH9dOVWRF1Z6nxKRjxrjMGog9AVmsBtjDTiZ7P6bLM0pBHbW-axkUJr_5Mh5CSsw-yeOtmIWV1Wexvs1wFA0uR1LxJdUjzlFrHJEh7kssQKb3qM=w800-h500-k-no,50.0549152,19.949844,,"klub tenisowy, Kraków",6,,Pod dachem,Zajęcia sportowe,w środku,,Kraków i okolice,1.2,treningi,Tenis i badminton,
ChIJa1o180BZFkcR4LBn0DD1py8,Szkoła Tenisa Forehand Kraków,Tennis club,Strzelców 15A,Kraków,Kraków,4.4,90,+48 796 760 567,https://ktenis.pl/,https://lh3.googleusercontent.com/grass-cs/ACvplmMm62uHhxP0IjYHD9SFUaVMrnjQEZW92NLKNW6iWMvDs_0vdJhh1aOi1Xww3mXnItnaZ_oCLLNLbO7WQAJfKpuSPx2Wm8qEOwnetA8i9RDF5i7krBcE_IFr9MptnOFcaKzMOzM=w800-h500-k-no,50.0938791,19.9725305,,"klub tenisowy, Kraków",6,,Pod dachem,Zajęcia sportowe,w środku,,Kraków i okolice,4.4,treningi,Tenis i badminton,
ChIJ3UPrBZ1bFkcRjZyvn_5962Q,Szkoła Tenisa Wojnar Tennis Academy Kraków,Sports club,Sodowa 5,Kraków,Kraków,5,168,+48 531 774 467,https://wojnartennisacademy.pl/,https://lh3.googleusercontent.com/grass-cs/ACvplmM89mjVTAMN_62X30CKPjztcyZ0yCP_9tYhelvX2Sxfaix03ZR2BiZGIAl7xRpnWIHuhxUqCVrduyJ974bntwl10TjiTmgqpG-XcBhlC8X5tmIAld2KKYOTMuGPLAvP6IYv2Ol2=w800-h500-k-no,50.0342959,19.9008624,,"klub tenisowy, Kraków",6,,Pod dachem,Zajęcia sportowe,w środku,,Kraków i okolice,4.0,treningi,Tenis i badminton,
ChIJib94bAlbFkcRo6phn8Tdbsg,Korty Dąbskie,Tennis court,Dąbska 1,Kraków,Kraków,4.6,52,+48 500 210 614,http://nabloniach.com/,https://lh3.googleusercontent.com/grass-cs/ACvplmNM_EuB0BLDjgBVk7DuCsa93ViGnD3c_5c0bgPikUo7pTABU0KKu6Zw1KL29YPCXGvHiN7u7XNF5Y1chjhF-joKK1COJJhatxu16xqpwFFWNXx8L0hw2kv-tMGEedlMrmKnNzVy=w800-h500-k-no,50.0651758,19.9796605,,"klub tenisowy, Kraków",6,,Pod dachem,Zajęcia sportowe,w środku,,Kraków i okolice,3.1,treningi,Tenis i badminton,
ChIJnew_kKhFFkcR-gXI4_Y1ig4,Krakowska Szkoła Tenisa TENIS24.COM,Tennis court,Tadeusza Ptaszyckiego 4,Kraków,Kraków,4.4,42,+48 12 643 12 20,,https://lh3.googleusercontent.com/grass-cs/ACvplmO53YF03PLKHTZMRdGfbHTbJMUSasu9NTDpEloo2dicn52QLUWGY7bAx6W0we4tFiKKqKkwo_1tynCrCHcv8gMVDVP3ICcFwfrZnjdeljE2hap0U6QqpB2YsrsAt58GIA2OKCXr9A=w800-h500-k-no,50.0657012,20.0595027,,"klub tenisowy, Kraków",6,,Pod dachem,Zajęcia sportowe,w środku,,Kraków i okolice,8.7,treningi,Tenis i badminton,
ChIJU8TovMhbFkcRDomTto1WfVM,SAO Sports Hub,Sports club,Piastowska 26,Kraków,Kraków,4.8,39,+48 12 889 97 55,https://www.saosports.pl/,https://lh3.googleusercontent.com/grass-cs/ACvplmNqfGvcPHjEHDjX1sveYpZ02-mmnxiqMn3vJdxeKmD_dfI9Rn1OWpPRlGXztGPx-6tLmaMBPVf4-HhTy0k1rOH-ukCSX9o2fCRFI78WYkycHVD1QbJLa1yIS9X0WlZvZRFVjQoH_vDAJbjV=w800-h500-k-no,50.0660441,19.9023818,,"klub tenisowy, Kraków",6,,Pod dachem,Zajęcia sportowe,w środku,,Kraków i okolice,2.5,treningi,Kluby i inne sporty,
ChIJx5YFIWxbFkcRYB9GQ5q4OaA,Nadwiślan. Korty Tenisowe,Tennis court,Koletek 20,Kraków,Kraków,4.3,42,,,https://lh3.googleusercontent.com/grass-cs/ACvplmP0Zm5_j6vLDPapUea__LgIxOVlEJfHQy5lfbjvFb-wh5ehv5OIm67kwl-ZM7XAkA_aPfONXlYC5oYn3uPJdrfzp60r3ACB2zkIGAslhuEY_yzs7gY8HglTFQWIliapx7vRb0Wg=w800-h500-k-no,50.0508356,19.9363104,,"klub tenisowy, Kraków",6,,Pod dachem,Zajęcia sportowe,w środku,,Kraków i okolice,1.2,treningi,Piłka nożna,
ChIJP2Q0f21FFkcRgO1WlXFcupw,Project Tennis – Akademia Tenisa w Krakowie,Tennis court,al. 3 Maja 40,Kraków,Kraków,4.8,4,+48 512 210 945,,https://lh3.googleusercontent.com/grass-cs/ACvplmMub8KStLzzHo9oz66eM0Tmf61WN4T39-IzObZ3NnUFOlosfD0l6X3D1TqwHBYwp_KUKF8lSD6AEr7XllKy1Pvi4Jyojt0ixNe__2o9xNjFU-z-tRVd44u1Db9X_gEqi5-DDteX=w800-h500-k-no,50.0635056,19.9067957,,"klub tenisowy, Kraków",6,,Pod dachem,Zajęcia sportowe,w środku,,Kraków i okolice,2.2,treningi,Tenis i badminton,
ChIJGdp79kNDFkcRnTRMtKmQagY,Korty tenisowe Piaski Nowe,Tennis court,Podedworze 20,Kraków,Kraków,4.9,69,+48 601 539 923,http://facebook.com/kortypiaski,https://lh3.googleusercontent.com/grass-cs/ACvplmO8ZMFZP10ePnMdRlYtoqILR0s3p51WTzmka2tVqN6XNYdq3J6N1ZOMsqEHA9pLLRCmDWHBRLXcawEZtR5ULYz85t_5wtnd_PWqAd3MAQYI_s95ZGcvc-_mssmBHdeCrmqDhQ0=w800-h500-k-no,50.0131032,19.9750482,,"klub tenisowy, Kraków",6,,Pod dachem,Zajęcia sportowe,w środku,,Kraków i okolice,6.0,treningi,Tenis i badminton,
ChIJcZ6DrDpbFkcRo8jCuvWgWdE,Stowarzyszenie Klub Sportowy Grzegórzecki,Sports club,Aleja Pokoju 16,Kraków,Kraków,4.1,254,+48 695 767 676,http://www.grzegorzecki.pl/,https://lh3.googleusercontent.com/grass-cs/ACvplmMH841uxqRwH43J60mf9iJMzNRrbW7oTYcgqg-qCjOcK6mYxW42huiRdX0UFyObWbKvu3DjWNuWoJEWuBh4ekkJ8g93znhsTLBi5Kd2Cnx68Jpk_Kdl1o3o-Xg7CfovPaGiJhjH=w800-h500-k-no,50.062456,19.967812,,"klub tenisowy, Kraków",6,,Pod dachem,Zajęcia sportowe,w środku,,Kraków i okolice,2.2,treningi,Kluby i inne sporty,
ChIJzT0OWhhbFkcR4CHpnvxrdZk,KSOS Korty Tenisowe,Sports club,al. Powstania Warszawskiego 6,Kraków,Kraków,4.7,55,+48 12 430 24 89,http://www.centrum.ksos.pl/,https://lh3.googleusercontent.com/grass-cs/ACvplmOf0shwHbNX2M8H5Ly9V4ha0CHO4ked-a9Wq1-4gy3ggg_ZYLjPM30MtTB8wFduGmI1y-geUUee_9bd5HDdxwRUU9o2TDFCLMpfRFx0hWy8d8wZuBczp62HqSCF08x3-13AdfJZ=w800-h500-k-no,50.0599134,19.961235,,"klub tenisowy, Kraków",6,,Pod dachem,Zajęcia sportowe,w środku,,Kraków i okolice,1.7,treningi,Tenis i badminton,
ChIJja-witqn4QsRROf_8V0RaD4,Top Spin Tenis,Tennis court,Dąbska 1,Kraków,Kraków,4.7,61,+48 508 846 267,https://topspintenis.pl/,https://lh3.googleusercontent.com/gps-cs-s/AHRPTWkiMP8vjs4QQq09aeE9j-_E9tSW1YLKuR0yEqhroxEWlpN9fr6tVkkICfMI_VqPTW8Zy9TkYKvbeB6238nCxcleB2ybk9aCkdBoSg3X9EgUq-hGCf4YHis-6EvWMUvNXPzWFk0cbw=w800-h500-k-no,50.0629426,19.9809734,,"klub tenisowy, Kraków",6,,Pod dachem,Zajęcia sportowe,w środku,,Kraków i okolice,3.1,treningi,Tenis i badminton,
ChIJ7xAsvdpbFkcRYFOZZG1Z2qI,Klub Sportowy Bronowianka,Sports club,Zarzecze 124a,Kraków,Kraków,4.4,584,+48 12 636 94 33,http://www.bronowianka.pl/,https://lh3.googleusercontent.com/gps-cs-s/AHRPTWn3YJ4ZG3i7L6Pxq7lVVqM87ao2jq04H-wKtYDhYzflVEN9mqWioYbCzA-6YAWFQKwivSWw38A3dMHEgCkKVz9EuyuDoMt634hGHLDDr5FIbOeA4FuC9a-e6yFhdng29wEX-reV=w800-h500-k-no,50.0756127,19.8815344,,"klub tenisowy, Kraków",6,,Pod dachem,Zajęcia sportowe,w środku,,Kraków i okolice,4.3,treningi,Kluby i inne sporty,
ChIJcWjQaSlFFkcR-ZZUoCmxEUQ,Kryte Korty Tenisowe,Tennis court,,Kraków,Kraków,4.7,45,,https://obiekty.akf.krakow.pl/hale/korty-tenisowe/kontakt,https://lh3.googleusercontent.com/gps-cs-s/AHRPTWnfLZhFhV6QI-BubhwZ3FIbfD00V7LLt0BpwUmpNsf7SPFqmSVTqqOr0cK4HN6rEkI1unpRtkW0rm1pN8hQkH46wdoehFi8ryD0Zt6kPHUfFuuuHZR9hPCDDeodZjNzix6NW8N7aA=w800-h500-k-no,50.0700131,20.0022655,,"klub tenisowy, Kraków",6,,Pod dachem,Zajęcia sportowe,w środku,,Kraków i okolice,4.7,treningi,Tenis i badminton,
ChIJZbc1U1xaFkcRaBaSAnKqB3M,"Tennis-Net. Tennis courts, indoor",Tennis court,Białoprądnicka 24D,Kraków,Kraków,4.2,62,+48 794 918 918,https://www.teniskrakow.pl/korty-bialopradnicka-krakow/,https://lh3.googleusercontent.com/gps-cs-s/AHRPTWnstBKHRAbFKKJ7ETZ7B1r4aSkhoDmRWopXumUVIOqBeVDbsPBQDAFouTLxclaI_bXioMoYhNTDAvL9cd9lQacF1fCORfuNI9p3x_t9B2RZE7zaizHSTdVZzZnwd7oK5MhR-tJ6sw=w800-h500-k-no,50.0972207,19.9367336,,"klub tenisowy, Kraków",6,,Pod dachem,Zajęcia sportowe,w środku,,Kraków i okolice,3.9,treningi,Tenis i badminton,
ChIJI29939BeFkcRe013kWAOB2o,Klub Sportowy Kryspinów,Tennis club,Cholerzyn 361,Cholerzyn,Cholerzyn,4.7,318,+48 530 405 259,http://www.sportklubkryspinow.pl/,https://lh3.googleusercontent.com/gps-cs-s/AHRPTWn2OWZU9nV55RBPqttb8fPYEspm1sr-9A4_l25y_htCGxDyKNm81oQ6fUlCZMHElCq1S0Oue6H6HdkR9ANOV-KUoA4y3WncjpApJfZY8b3UY_MJlgXb2F83KtVTKXD09CePwfP9EQ=w800-h500-k-no,50.052833,19.7954562,,"klub tenisowy, Kraków",6,,Pod dachem,Zajęcia sportowe,w środku,,Kraków i okolice,10.2,treningi,Tenis i badminton,
ChIJ-d7tNYJbFkcRMthjUAxRpUM,TS Tramwaj Kraków,Sports club,Praska 61a,Kraków,Kraków,4.4,177,+48 606 253 908,https://tramwajkrakow.pl/,https://lh3.googleusercontent.com/gps-cs-s/AHRPTWnAgkK_Xp2tcK1r59xqQd6Q2VjZDqQJF54r_0jdbudD62AUkzaiRwyGw-jD_q4sgjYocIA1VN_MFGZDMvj5ReLsjO5RWpK0m0cOHemjJ83lRRNsuYQXE25go3_R7YG7-hrjvkfS=w800-h500-k-no,50.046845,19.9077754,,"klub tenisowy, Kraków",6,,Pod dachem,Zajęcia sportowe,w środku,,Kraków i okolice,2.7,treningi,Kluby i inne sporty,
ChIJ1Y8UCpdbFkcR01wUL2Xvy4s,Rzemieślniczy Klub Sportowy Juvenia Kraków,Rugby club,Na Błoniach 7,Kraków,Kraków,4.7,117,+48 509 944 904,http://juvenia.info/,https://lh3.googleusercontent.com/gps-cs-s/AHRPTWmKTOgB4gCIKs2GoWmavewztpgt1NSryfPYolrMfebWOPJ1jt8C--aGt7HwXdQse2EdEWNmrkwXJG8uNOfWPgGLugs5DbeEYKIjJ2yS_meiZAA28SzDlHhF5r-iK7pU1pMbBuw=w800-h500-k-no,50.0581355,19.906146,,"klub tenisowy, Kraków",6,,Pod dachem,Zajęcia sportowe,w środku,,Kraków i okolice,2.3,treningi,Kluby i inne sporty,
ChIJl1RmcjdDFkcRntDlwBnL_2I,Korty tenisowe,Sports,Marii i Bolesława Wysłouchów 34,Kraków,Kraków,4.3,47,,,https://lh3.googleusercontent.com/gps-cs-s/AHRPTWm_ZcjpWDW5oBhazu9cxooHQxxIglfLEicLRPSFiR7BqTQjBnL91gnYSZ2BKZtbiAMNfF6lkWW1V71_L3bWCKsMWpq_CtqE1LuufODwTo-SFiGAxnCROVckw87ONjKwYOqIMc0=w800-h500-k-no,50.00619649999999,19.9601137,do weryfikacji (dzieci?),"klub tenisowy, Kraków",6,,Pod dachem,Zajęcia sportowe,w środku,,Kraków i okolice,6.4,treningi,Tenis i badminton,
ChIJFRA3CIRbFkcRv0H3oCxCiho,Kolejowy Klub Wodny 1929,Sports club,Księcia Józefa 24a,Kraków,Kraków,4.8,223,+48 789 191 929,http://www.kkw29.pl/,https://lh3.googleusercontent.com/gps-cs-s/AHRPTWkk_QeI1HXJhEGp3RVIYb10Q2ZUZEjt_jJNgU_WE8vqMeGr9RMwWvXucB8961cRPS3EQQnnYtAXtMDnj0CedPGwITOVWv8kg8RorRFk5ziCzkMw0iyArj16ZguahR-F7oc8vtaz=w800-h500-k-no,50.04709339999999,19.9041255,,"klub tenisowy, Kraków",6,,Pod dachem,Zajęcia sportowe,w środku,,Kraków i okolice,2.9,treningi,Żeglarstwo i kajaki,
ChIJMeHwDBhdFkcR6fYF7rfDwWE,"Korty tenisowe, boiska - Park Wola Sodowa",Tennis court,Sodowa 5,Kraków,Kraków,4.3,27,+48 660 744 040,https://parkwola.pl/sport-sodowa/tenis-ziemny/wynajem-kortow/,https://lh3.googleusercontent.com/gps-cs-s/AHRPTWkYQfk3KHSZmmnXvE_J5JpEIOefyzZtM9afpoEyKBrOdKGjUtAEe1DJI1raTHu5KwmeW2iQ8RLi4ixa0BJBpqwyldQY-ZZtdC8G8ckPwnjoQa50JGOSX0eblQ5MCCb3_rkgXNsr65MhvPE=w800-h500-k-no,50.03402149999999,19.9010323,,"klub tenisowy, Kraków",6,,Pod dachem,Zajęcia sportowe,w środku,,Kraków i okolice,4.0,treningi,Tenis i badminton,
ChIJQVoBJ9FbFkcR9S2DteULuNg,Zwierzyniecki Klub Sportowy,Sports club,Na Błoniach 1,Kraków,Kraków,4.7,81,+48 12 425 18 46,http://zwierzyniecki.pl/,https://lh3.googleusercontent.com/gps-cs-s/AHRPTWkoGZEoSbxAtjXCIQJCXOW5_OjUUrvzRnMQRbPSFWOtx8XT4cAZUUw3ituRBLmEKmJpM4ZN0ealIQPk1Vv2S0cf_GgQSiX873W2fNYcgxSyt1EUVi9UD4S2EWklD5LPe9AWoHQI=w800-h500-k-no,50.0572135,19.9071832,,"klub tenisowy, Kraków",6,,Pod dachem,Zajęcia sportowe,w środku,,Kraków i okolice,2.2,treningi,Kluby i inne sporty,
ChIJAQBwcjdDFkcRJbcQwExgrhM,Klub Sportowy Grzegórzecki,Sports club,Marii i Bolesława Wysłouchów 34,Kraków,Kraków,3.8,4,+48 12 659 47 80,https://grzegorzecki.pl/tenis/korty-tenisowe-karta-multisport/,https://streetviewpixels-pa.googleapis.com/v1/thumbnail?panoid=Fbf6bBS5VdgPA1Sn0JAAOQ&cb_client=search.gws-prod.gps&w=800&h=500&yaw=232.64851&pitch=0&thumbfov=100,50.00619649999999,19.9601137,,"klub tenisowy, Kraków",6,,Pod dachem,Zajęcia sportowe,w środku,,Kraków i okolice,6.4,treningi,Kluby i inne sporty,
ChIJBTmWndldFkcRLeoIIQuxZq0,Kort tenisowy Kliny,Tennis court,,Kraków,Kraków,4.7,38,+48 889 555 966,http://tenis4u.pl/,https://lh3.googleusercontent.com/gps-cs-s/AHRPTWntdYRkK1QRQC7oPRnUEpogf8GzZ-b_B0m4T3Txq2VvY5VDsW506euYy3s2z5hIDPU5jnisl2r4ERP0YIBgQYMoKLm4KtSfNGo9IS5wEA3jadz1zCN10dADzJS6VJgdsf_4Ba8O=w800-h500-k-no,50.0016362,19.9078914,,"klub tenisowy, Kraków",6,,Pod dachem,Zajęcia sportowe,w środku,,Kraków i okolice,7.0,treningi,Tenis i badminton,
ChIJJS8DKoNbFkcRZtg_SXUtcm8,SL Salos Kraków,Sports club,Tyniecka 39,Kraków,Kraków,4.8,107,+48 697 130 313,http://salos.pl/,https://lh3.googleusercontent.com/gps-cs-s/AHRPTWnCgUXxjfT-ionJO_A9wfMkH6QgkltiwDhwBx_Ov6WITtrBHMcbmkNAziJ7Acg4jM7KRbgAlLl_4qMUthKrFynNCWUAbDkDsRqt1aKxLJkLkP1eAniBDYn16E8DRQ2sU6EmBLyJ-1SNF23s=w800-h500-k-no,50.0501838,19.9108944,,"klub tenisowy, Kraków",6,,Pod dachem,Zajęcia sportowe,w środku,,Kraków i okolice,2.3,treningi,Kluby i inne sporty,
ChIJvfDXlIRFFkcR1rm8qqw7xOY,TWOJE FLEXBODY STUDIO - Akrobatyka & Gimnastyka dla dzieci Kraków,Gymnastics center,Osiedle Szklane Domy 2,Kraków,Kraków,5,21,+48 660 975 104,https://flexbody.pl/,https://lh3.googleusercontent.com/grass-cs/ACvplmORwkqvNbizJNgJYu6d8lSkRmwkwGF7CIieQnn2Du2e6rkwjsDVFtzqHGu1d8aXusBq0UiMjZTB-kts6VZNp1rfBpSIUsUB1HD5k-ubIS51VVS45btDxSEHW8dCvSLZ4J0Xf9Py2g=w800-h500-k-no,50.0759015,20.0417813,,"szkoła gimnastyki dla dzieci, Kraków; zajęcia dla niemowląt, Kraków",6,,Pod dachem,Zajęcia sportowe,w środku,,Kraków i okolice,7.6,treningi,Gimnastyka i akrobatyka,
ChIJP74Z09RFFkcRVC3U7e2Up6I,"HI FIVE GYM - gimnastyka dla dzieci, półkolonie",Gymnastics center,Płk. Stanisława Dąbka 10,Kraków,Kraków,4.9,45,+48 734 484 610,https://www.hifivegym.pl/,https://lh3.googleusercontent.com/grass-cs/ACvplmPUV3gJaAeu3K-W8CkleoNcI3rpPWwP5ykyBZsYBfR1NH71wmAk8QPa2A-k33YS-Vww411lt8Akh-rSqZlEjyXPCur1MIKF-2dPhvycUdYyjk_ydQaq_1yF16jUg1rdCk_9BJ21=w800-h500-k-no,50.0341756,20.0106649,,"szkoła gimnastyki dla dzieci, Kraków",6,,Pod dachem,Zajęcia sportowe,w środku,,Kraków i okolice,6.1,treningi,Gimnastyka i akrobatyka,
ChIJxaR913xbFkcRE5f5nhoe-MU,"HI FIVE GYM - gimnastyka dla dzieci, półkolonie Kraków",Gymnastics center,Grochowska 20,Kraków,Kraków,5,39,+48 734 484 610,http://hifivegym.pl/,https://lh3.googleusercontent.com/grass-cs/ACvplmPTV2aPRPy1x7qZmcHT_rBbNmrz8gxchSLr6tPUn-VRmA0gglDfh4jdBN48AWUXuqt1G4uCi7gRwOrOzV4-5P03HvgoARLd8L_KqoohUMDDwxecKd760AoTKhdl5ag9EMcvnXyS=w800-h500-k-no,50.073724,19.962417,,"szkoła gimnastyki dla dzieci, Kraków; zajęcia dla niemowląt, Kraków",6,,Pod dachem,Zajęcia sportowe,w środku,,Kraków i okolice,2.2,treningi,Gimnastyka i akrobatyka,
ChIJscDFzalbFkcR68V9BLiidL8,GYMSPACE Prądnik,Gymnastics center,Pocieszka 3,Kraków,Kraków,4.9,195,+48 575 765 321,http://www.gymspace.pl/,https://lh3.googleusercontent.com/grass-cs/ACvplmOebSfH3gIExOnEVDAkC31D8l8rBFBY6hWUezKVFkoc_fiFcmWk6U7H6kP6HynigGmdi1tYPs0d5e_zMZiONTEPuk-p1Y9VBitOBWKvAbEJGI_xYw_YnrNmTAfUNykKUrlPaxow4A=w800-h500-k-no,50.0905127,19.9577803,,"szkoła gimnastyki dla dzieci, Kraków; zajęcia dla niemowląt, Kraków",6,,Pod dachem,Zajęcia sportowe,w środku,,Kraków i okolice,3.5,treningi,Gimnastyka i akrobatyka,
ChIJLa18p8JFFkcRNyWITVf_wV4,"HI FIVE GYM - gimnastyka dla dzieci, półkolonie Kraków",Gymnastics center,Stanisława Lema 7,Kraków,Kraków,4.8,24,+48 734 484 610,http://www.hifivegym.pl/,https://lh3.googleusercontent.com/grass-cs/ACvplmM45oqwiX90dWldeWqcoCeUA17Kahv7um6sG5D01NGhUvyc4jA9QPGslbTQpVVmG7BIir-NP0P3ZZEtoFoiRdk5ijx3oDKdcq6fT7kZHKcg1aQqTmm8QNRwpTsa5WSnzqhSnVIxbw=w800-h500-k-no,50.0672929,19.9917938,,"szkoła gimnastyki dla dzieci, Kraków; zajęcia dla niemowląt, Kraków",6,,Pod dachem,Zajęcia sportowe,w środku,,Kraków i okolice,3.9,treningi,Gimnastyka i akrobatyka,
ChIJ76Y5C-1dFkcR7X3uxXNZOn0,Wskocz Tu - Centrum Gimnastyczne,Gymnastics center,Księdza Franciszka Maja 40,Kraków,Kraków,4.9,95,+48 573 370 073,http://www.wskocztu.pl/,https://lh3.googleusercontent.com/grass-cs/ACvplmOPUT1uTitUIdCZ_xo8moo94seoz5Dl-HgQAD_U2h1nbrGSBNZGAEcWBPjrhN4O3mFpncgHIVEYZ4yFRqrT949BjzGfECSULPEGOxYuk6QcGsLOPyvqAj3dp_p9gzvzcuQm92YL=w800-h500-k-no,49.9905576,19.9088585,,"szkoła gimnastyki dla dzieci, Kraków",6,,Pod dachem,Zajęcia sportowe,w środku,,Kraków i okolice,8.2,treningi,Gimnastyka i akrobatyka,
ChIJoahwKBxDFkcRW5S07m2wGFU,Smyki z Gimnastyki,Physical therapist,Nazaretańska,Kraków,Kraków,4.8,31,+48 727 778 865,http://www.smykizgimnastyki.pl/,https://lh3.googleusercontent.com/grass-cs/ACvplmMdO9ZhlwSUMct4hcYwoiVdzIVRIwii80fwdmLaCwC-q3rBjcwJDphyJiPRetHx4ayPaHrJRe2_UYBiHNTltdMplMsALbQKxQBb4m-S-pPBJ0D6-Rew8sRLcMHQoSxh04XlXao7eHcScaPH=w800-h500-k-no,50.0054848,19.9721701,,"szkoła gimnastyki dla dzieci, Kraków",6,,Pod dachem,Zajęcia sportowe,w środku,,Kraków i okolice,6.7,treningi,Gimnastyka i akrobatyka,
ChIJkcNixlxbFkcR7YNQtYRn1_A,Klub Sportowy Gym Team - gimnastyka i akrobatyka,Gymnastics center,Kalwaryjska 9,Kraków,Kraków,5,4,+48 692 433 699,http://www.gymteam.pl/,https://lh3.googleusercontent.com/grass-cs/ACvplmNZioElxwcHDtMcFsEfZ5TnaoyU5FSVor45fP90jZKMpwre-STa0suUm1oQWcC5BtXjo6NPPCSigfx1Xid8-TpTUxBoxJM9oT6js32Bx7nkMvfDHx-bEvv01uSz9qc2kTa7N4rN=w800-h500-k-no,50.0430405,19.9466906,,"szkoła gimnastyki dla dzieci, Kraków",6,,Pod dachem,Zajęcia sportowe,w środku,,Kraków i okolice,2.2,treningi,Gimnastyka i akrobatyka,
ChIJmzTZSyZaFkcRwsykmBlj3xc,Centrum Sportu i Szkoła Sztuk Walki IRBIS,Recreation center,Józefa Chełmońskiego 255,Kraków,Kraków,4.7,44,+48 12 626 01 78,http://www.irbis-centrumsportu.pl/,https://lh3.googleusercontent.com/grass-cs/ACvplmNI4JoHKnDX6PNCYIsnCD1ew97STtFgmqor0OxwPENd5FrCxJw3IiYOmUv7WPBCgxbwA_8_cr4Qu6BJImPUdMQfeodcBU6-yVztlf0oNwDtq_Fyxq7pvj_OfWx3MYl841KuHn4V=w800-h500-k-no,50.0984714,19.8891063,,"szkoła gimnastyki dla dzieci, Kraków",6,,Pod dachem,Zajęcia sportowe,w środku,,Kraków i okolice,5.3,treningi,Sztuki walki,
ChIJpz75x5NbFkcRhSp3dXM8BbA,Hulahopsy | Gimnastyka akrobatyczna | Zajęcia dla dzieci Kraków,Gymnastics center,Pułkownika Francesco Nullo 23,Kraków,Kraków,4.6,9,+48 790 244 445,http://www.hulahopsy.pl/,https://lh3.googleusercontent.com/grass-cs/ACvplmOXn_gkwqqw-KGQDQ--B5cGyum3XwEMHASyprKc8IJ0EJOjZALcc2AazaBem425cnJIlpdq9FAU_wW0VnIEGYOqAuFKoDDQX2cHO2MbiE2kE73aY-Q2pdPxf-4uU2sUPQ9s3YvJ=w800-h500-k-no,50.0631899,19.964939,,"szkoła gimnastyki dla dzieci, Kraków; zajęcia dla niemowląt, Kraków",6,,Pod dachem,Zajęcia sportowe,w środku,,Kraków i okolice,2.0,treningi,Gimnastyka i akrobatyka,
ChIJO32lMAxbFkcR2XhnwBPyXxo,Krakowska Akademia Gimnastyki Zielonki,Gymnastics center,Księdza Jana Michalika 2b,Zielonki,Zielonki,5,1,+48 660 833 284,http://gimnastyka.krakow.pl/,https://lh3.googleusercontent.com/grass-cs/ACvplmO9zxu14Axv3SoHv54cu1qP4DtZes0NdXS0vVgtoViuXPK5sYl2nB7xmGBdGQ-59TzepnAYh3m_Ul1BLeHvpbccVns0cTpols7Z6CC4Y8YOpbub5oQ-KJ76B4iNIWY6dyAScsuDag=w800-h500-k-no,50.1166685,19.9142418,,"szkoła gimnastyki dla dzieci, Kraków",6,,Pod dachem,Zajęcia sportowe,w środku,,Kraków i okolice,6.3,treningi,Gimnastyka i akrobatyka,
ChIJIVSmaDpZFkcRbfhYPlNuGH4,Gymnastic,Gymnastics center,Handlowców 12,Modlniczka,Modlniczka,4.9,110,+48 12 333 60 06,http://gymnastic.com.pl/,https://lh3.googleusercontent.com/grass-cs/ACvplmMzbHazP1s22oMkrV6sFL27M80JlWX6d0_N6WcsaI3jFec9nXSJOoieqYnuGIqR7osS8aptY7HEfckKpFZtwe5BZ_VlcrJzqm5CHHDmOlWBxZ9lFaJmY4wKNQVLZ2pgZiYMgEs=w800-h500-k-no,50.10551,19.84155,,"szkoła gimnastyki dla dzieci, Kraków",6,,Pod dachem,Zajęcia sportowe,w środku,,Kraków i okolice,8.4,treningi,Gimnastyka i akrobatyka,
ChIJZ2RqZSlDFkcRweCcN9B81fA,GYMSPACE Swoszowice,Gymnastics center,Myślenicka 133,Kraków,Kraków,4.8,171,+48 575 765 123,http://www.gymspace.pl/,https://lh3.googleusercontent.com/grass-cs/ACvplmNsheXtrFZa42xIompCOPz_l0G9OCBXgI7KyZnMZ7E7ZVBdTmR6sBIPWH2_tQmd71Ng4k3ZbmRUxrznZc34jqPKGy-BuFWMCQ7y0R6tSt82AlBeC30i21CD7vKpA2FQqO5z_BrJ=w800-h500-k-no,49.9939443,19.9453903,,"szkoła gimnastyki dla dzieci, Kraków",6,,Pod dachem,Zajęcia sportowe,w środku,,Kraków i okolice,7.5,treningi,Gimnastyka i akrobatyka,
ChIJy4hbawtbFkcR3-Oj95HoMXI,"Polskie Towarzystwo Gimnastyczne ""SOKÓŁ"" w Krakowie",Gymnastics center,Marszałka Józefa Piłsudskiego 27,Kraków,Kraków,4.2,95,+48 12 421 80 55,http://www.sokol.pl/,https://lh3.googleusercontent.com/grass-cs/ACvplmMeavFOEav_LApya1Vt682BKDKzFgYdbFKm2T77589Cpm4D7dBzPjCjysCziD3RDm4W44uxgftJj9aUbhOZ8rLcr2oQqZrjgE54tlP0K-RYfDG36no4pILxlFtD_kzb79IX4rV_dvjSUD2O=w800-h500-k-no,50.0598718,19.9265621,,"szkoła gimnastyki dla dzieci, Kraków",6,,Pod dachem,Zajęcia sportowe,w środku,,Kraków i okolice,0.8,treningi,Gimnastyka i akrobatyka,
ChIJXaVaTatFFkcRFDVPtoqoj7U,Studio Gimnastyczne,Gymnastics center,Handlowców 12,Modlniczka,Modlniczka,4.8,13,+48 600 288 660,http://studiogimnastyczne.pl/,https://lh3.googleusercontent.com/grass-cs/ACvplmOCMuRkZEEqT4aVWr5g8rXYCjZo11l1MrIbOVHPoSwZ02rXecTe3_wK2KLDNPw-ooxpdDit2wZysnh7T45omsqJYgXbCDIU3zG1_7uZE6g3WzAleV9ANuCxKLpyZaCA3N3ed-Ge=w800-h500-k-no,50.1058167,19.842024,,"szkoła gimnastyki dla dzieci, Kraków",6,,Pod dachem,Zajęcia sportowe,w środku,,Kraków i okolice,8.4,treningi,Gimnastyka i akrobatyka,
ChIJk5-AyFxbFkcRocCgxiI6VDM,InterClub – Młodzieżowy Klub Sportowy,Sports club,Kalwaryjska 9,Kraków,Kraków,3.8,5,+48 600 401 270,http://www.interclub.com.pl/,https://lh3.googleusercontent.com/grass-cs/ACvplmP7W4oYk3DaF1ftCegGxJWNbKYMlyfTuPKRV9JzBg0HBjCAbFSe_LCoELAzBWgwwBdDw5vAcfCrTPZVjwvCe5LOwYgOtCI2I-ddqNtEI4_CSdkI_VAEwiK4fWIwsa3ia-KmwTg=w800-h500-k-no,50.0431846,19.9463221,,"szkoła gimnastyki dla dzieci, Kraków",6,,Pod dachem,Zajęcia sportowe,w środku,,Kraków i okolice,2.2,treningi,Kluby i inne sporty,
ChIJt1t0fQZbFkcRpbXam9jB8vs,TWOJE FLEXBODY STUDIO – Akrobatyka & Gimnastyka dla dzieci SP nr 21 Kraków,Gymnastics center,Batalionu “Skała” AK 12,Kraków,Kraków,5,5,+48 660 975 104,https://flexbody.pl/,https://lh3.googleusercontent.com/grass-cs/ACvplmPrz_B3NwkB4EN2femQPrySDuIu3M1_pb4WA3opF-bq4im4L7SSqlmQMch-XsVrjbpfO77cI1XxD0C15JHUkjUEVQspBXdJseN-i-J_joIFylvgbzN4uQ-0o7fFWo-wQe3Rs1hxyaSSv9mc=w800-h500-k-no,50.0897327,19.9229616,,"szkoła gimnastyki dla dzieci, Kraków",6,,Pod dachem,Zajęcia sportowe,w środku,,Kraków i okolice,3.3,treningi,Gimnastyka i akrobatyka,
ChIJN4uYqu1ZFkcRI7n62G9DyEo,AcroPark Balicka,Gymnastics club,Balicka 100,Kraków,Kraków,4.7,18,+48 881 388 112,https://balicka.acropark.pl/,https://lh3.googleusercontent.com/grass-cs/ACvplmOrPhrFH-HEabKC6J8P1-tdJcPVyWZGJZUDc8TmTAwhpQ8DGJCucsng3nE-JiG6SbOAXqNR94iPzXZXM5aEmMkUXir0pSG_nZv7zTavDtNniTsz0jmWaf97d-mR_KWJezjzfFrP=w800-h500-k-no,50.0797094,19.86859,,"szkoła gimnastyki dla dzieci, Kraków",6,,Pod dachem,Zajęcia sportowe,w środku,,Kraków i okolice,5.3,treningi,Gimnastyka i akrobatyka,
ChIJ-0Kmk-9cFkcRKmuhCnNU1Dw,Studio Tańca I Ruchu M-Team,Dance school,Skośna 12,Kraków,Kraków,4.9,107,+48 722 220 757,https://m-team.org/,https://lh3.googleusercontent.com/gps-cs-s/AHRPTWmQ0oKzskacumrTPfhTcCMIaXdP14TuSaBlcNaIm2SdQ5wPpteysexYZZTVn_Tzb0duAKc8RAUQbwt-2hOxojWeCQswg_jLllnw19PJYoeI1bjhRF-9yczdj_YJ6GXkrldTQ_MM=w800-h500-k-no,50.0096127,19.9024703,,"szkoła gimnastyki dla dzieci, Kraków",6,,Pod dachem,Zajęcia sportowe,w środku,,Kraków i okolice,6.3,treningi,Taniec,
ChIJyz5MszRFFkcR-GBA9hx9giA,Małopolska Akademia Tańca i Rekreacji,Dance school,Osiedle Dywizjonu 303 5/75,Kraków,Kraków,4.9,37,+48 502 352 871,http://taniec-rekreacja.pl/,https://lh3.googleusercontent.com/gps-cs-s/AHRPTWm4Z-2O_V-oTvk33c_Z2kOyFphz4iYB4_s6zmez-KBpzsLXB-RACr5tyrIXGY9EYmDAfRIDfyJa-SrBDO_xKm69_enAkeOfKG0C6qQDOHBoBqcZhovAffzItY3_rNFOEc3fHh8H=w800-h500-k-no,50.083044,20.0024549,,"szkoła gimnastyki dla dzieci, Kraków",6,,Pod dachem,Zajęcia sportowe,w środku,,Kraków i okolice,5.2,treningi,Taniec,
ChIJKZkCyCfayAoRNnt2c3azvTA,Tricker Kraków,Sports school,"Szkoła podstawowa nr 92, Osiedle Józefa Strusia 19",Kraków,Kraków,5,30,+48 505 616 081,https://www.tricker-krakow.pl/,https://lh3.googleusercontent.com/gps-cs-s/AHRPTWmuEpcAkO-LKQGmdSbheiRvj-5CCyXnTS0d1XPeGJmNNkPdorFRGGmrUsm1BgX7LHq1vNA-tPo9y3STVp0AkZ7Z8zQob5pm7a6aCSXAFJXfDQnpxUmm1mjL3Q5GDzNtu5S343UYAJI1Hk3_=w800-h500-k-no,50.0902203,20.0094841,,"szkoła gimnastyki dla dzieci, Kraków",6,,Pod dachem,Zajęcia sportowe,w środku,,Kraków i okolice,6.1,treningi,Gimnastyka i akrobatyka,
ChIJ_8L8475FFkcRZPYspcEHLE4,Pro-Sport Kraków,Sports school,Mariana Domagały 31F/2,Kraków,Kraków,5,144,+48 792 080 993,,https://lh3.googleusercontent.com/gps-cs-s/AHRPTWlNj4kRZQehqy7Mfn2TvZjbAtmML5Uey0JzRWaxMHPLLYIq80_jGwEawi9s24KSHUwnICVdPYF2sXJ_Jw4xGqidF2Fcm4gZqy88M-7HjrYSIb6-hJqll4yL7eR02is6WqWIwTABCw=w800-h500-k-no,50.0260821,20.0480602,,"szkoła gimnastyki dla dzieci, Kraków",6,,Pod dachem,Zajęcia sportowe,w środku,,Kraków i okolice,8.9,treningi,Zajęcia ogólnorozwojowe,
ChIJWdAe2otDFkcR_bbJR6BnrKo,GYMSPACE Smart,Gymnastics center,Myślenicka 133a,Kraków,Kraków,,,+48 575 765 123,http://www.gymspace.pl/,https://lh3.googleusercontent.com/gps-cs-s/AHRPTWkt6TtEjiH86ZgEFzRejhxzWG0EykrknNw8E64tyVI6zoXQja4I1iJwgRlq9wNEUfPEcPjmSm9sMZD5bO-oA7sStxBYV4fELH0sV63n2fm0ujroTUARLIG1pzjPZLxVIsgdsPfx2A=w800-h500-k-no,49.9936563,19.9458845,,"szkoła gimnastyki dla dzieci, Kraków",6,,Pod dachem,Zajęcia sportowe,w środku,,Kraków i okolice,7.6,treningi,Gimnastyka i akrobatyka,
ChIJeQEAUCgNFkcRdOOmVXTfE30,Małopolska Akademia Nabywania Umiejętności,After school program,Na Grządkach 5A/7,Kraków,Kraków,5,5,+48 534 557 010,http://manuonline.pl/,https://lh3.googleusercontent.com/gps-cs-s/AHRPTWnu-vhy_ZXjsTNBQV93jkgFQbGPkNjY8X_W7LTd53tXPpJtVOZctaMZzS0YsEbTWy_096iP1SJF2_wV9Jl4hGW-cGnXpDIBpt_fYMSEIjCCWyo6HtF7Zf58wTjplL5AIamPtR4kAA=w800-h500-k-no,50.0269298,19.9367285,do weryfikacji (dzieci?),"szkoła gimnastyki dla dzieci, Kraków",6,,Pod dachem,Zajęcia sportowe,w środku,,Kraków i okolice,3.9,treningi,Zajęcia ogólnorozwojowe,
ChIJm2RWQ4zL8WwR8mNQJVe0EHQ,Smok Sport Kraków,Sports school,Myśliwska 64,Kraków,Kraków,5,5,+48 570 080 490,http://smoksport.pl/,https://lh3.googleusercontent.com/gps-cs-s/AHRPTWlEZ09t0LmxHRZoFWT0Nvjy_v7DYiJo4VIzZqf3v1RQ2Ri7NS5_PrYbVrxGB7wcl_dhgLA2QcGmYzQHwJMDrFGLR6QrGRxrqx5qFxodudvWTXHOV0y9nIqH0wPNSklLsTLuv9cMKA=w800-h500-k-no,50.0457315,19.9924068,,"szkoła gimnastyki dla dzieci, Kraków",6,,Pod dachem,Zajęcia sportowe,w środku,,Kraków i okolice,4.3,treningi,Zajęcia ogólnorozwojowe,
ChIJa2wUxhRbFkcR7Y0voS-CTnU,Krakowska Królewska Fundacja Baletu i Tańca,Ballet school,Rondo Antoniego Matecznego 1,Kraków,Kraków,5,12,+48 790 777 343,http://www.baletkrakow.pl/,https://streetviewpixels-pa.googleapis.com/v1/thumbnail?panoid=k1f0bZRfs0inHQErl04ywA&cb_client=search.gws-prod.gps&w=800&h=500&yaw=7.827157&pitch=0&thumbfov=100,50.0364893,19.9413083,,"szkoła gimnastyki dla dzieci, Kraków; zajęcia mama i dziecko, Kraków",6,,Pod dachem,Zajęcia sportowe,w środku,,Kraków i okolice,2.8,treningi,Taniec,
ChIJ1ZjrSvlaFkcR5F1k2HbUwBU,Basen Żabiniec (szkoła pływania KRAUL),Indoor swimming pool,Żabiniec 101g,Kraków,Kraków,4.5,230,,http://www.kraul.pl/portfolio/basen-zabiniec/,https://lh3.googleusercontent.com/grass-cs/ACvplmPm4OK-iUzW6NtBH3fDT5UOuSnXWuQov8daURoSmhbabYq4PrqH8tDc0eDO7cM_TJbQbccFnr_sd35bRGLR96JVog7ZaUwesgnhVgVWgaIONiYXdpgYkjwY0lJauZmmFB9oBO6Q_Q=w800-h500-k-no,50.0818666,19.9432931,,"basen dla dzieci, Kraków",6,,Pod dachem,Szkoły pływania,w środku,,Kraków i okolice,2.3,treningi,Pływanie,
ChIJRZ3IuvJcFkcRocuWH6G_Baw,Ośrodek Sportu i Rekreacji Cascada,Sports complex,Szuwarowa 1,Kraków,Kraków,4.1,1027,+48 12 262 76 45,http://www.cascada.com.pl/,https://lh3.googleusercontent.com/grass-cs/ACvplmM_FKfrXA-vvJwSMo0GG6KVthhYb91Lsd_0XsO-wcU4r4YKOCAlV7Tk5-gm_s7F0PG5xwHkmmaNR9vRJ2AYPAFILNiFF9hS5uivDP0LVdTMFFoL5B-q8IjOwgK6_Y2tvT4rpSAw=w800-h500-k-no,50.0185033,19.9053214,,"basen dla dzieci, Kraków",6,,Pod dachem,Basen,w środku,,Kraków i okolice,5.3,z-marszu,,
ChIJvxLzcDFFFkcRgB7Zi9lurOM,"Basen Kryty ""Pływaczek""",Indoor swimming pool,Osiedle 2 Pułku Lotniczego 21,Kraków,Kraków,4.4,344,+48 887 203 379,http://www.sp155.krakow.pl/index.php/plywalnia/aktualnosci,https://lh3.googleusercontent.com/grass-cs/ACvplmPrbZWiNvQzPxZmBUg16gl03-l9svcCyBlB8uST9qSfs4d63i3-_n6PFewsh7n66v8I6W-5MO5HyAb3fGBVQ1XZSYQlxdXjA3uvuC78buY31ZCEFbahIPfyNtIgxta0x5DbXWFnow=w800-h500-k-no,50.0784757,20.0081809,,"basen dla dzieci, Kraków",6,,Pod dachem,Basen,w środku,,Kraków i okolice,5.4,z-marszu,,
ChIJ1wQkJZ9eFkcRUNdcxKWBaeo,Basen Kolna,Swimming pool,Kolna 2,Kraków,Kraków,4.4,1128,+48 12 252 40 50,http://kolna.pl/osir/basen/,https://lh3.googleusercontent.com/grass-cs/ACvplmMSLyJ42XGOWUkfvB3pr4TGWQ8XdC_U5y125jrO3U5m264zCDMWEZqGywNYzBa-xLw2ngh9unL10wa-rPpnl0XrErfHXjseLhphUkUd1GHShwOsFbonnYRud1dxRKLBsXW3ysxz0Kgql20=w800-h500-k-no,50.0309407,19.8281572,,"basen dla dzieci, Kraków",6,,Pod dachem,Basen,w środku,,Kraków i okolice,8.5,z-marszu,,
ChIJk7RIQDNFFkcRP6P57s-xpFs,Basen Mania Pływania Czyżyny,Indoor swimming pool,Franciszka Wężyka 15/B,Kraków,Kraków,4.8,204,+48 733 133 130,https://www.mania-plywania.pl/,https://lh3.googleusercontent.com/grass-cs/ACvplmNUCqLtqbXcoLXkY6KVYgT6iADIhGk3I9ufMAdFNtSLp6wLORurTzNk-9d9gkgFgxfFcppeRnt-_9sZch9fiRZaSZ6iX4gWmPtiB7x9E7j3l7Ud_DbQpgca3jFKtiq4tVBgvfEKQshX_eGo=w800-h500-k-no,50.07306699999999,20.016148,,"basen dla dzieci, Kraków",6,,Pod dachem,Szkoły pływania,w środku,,Kraków i okolice,5.8,treningi,Pływanie,
ChIJ_y1onzFDFkcRg5lGMH1oO0Q,Com-Com Zone na Kozłówce,Indoor swimming pool,Facimiech 32,Kraków,Kraków,4.1,1125,+48 882 011 195,http://comcomzone.pl/zona/kozlowek,https://lh3.googleusercontent.com/grass-cs/ACvplmOFL1Nlhd-ix5B6YfD0DeXScjnqN4IjFW2xuf9fnsTm_SdVChj0B2Gd4-j7lIBrKUkIkKOgAy5ScugbeQrNJ3m7fAZWnEQTnbqbwqtKx3DQWER6jIsidcbxPMk4wdGuJWW4xQg=w800-h500-k-no,50.015712,19.9796968,,"basen dla dzieci, Kraków; zajęcia mama i dziecko, Kraków",6,,Pod dachem,Basen,w środku,,Kraków i okolice,5.9,z-marszu,,
ChIJP8uGcSlFFkcRSqEld0IZVlc,Kryta pływalnia AWF,Swimming pool,,Kraków,Kraków,4.5,617,+48 12 683 14 64,https://basen.akf.krakow.pl/,https://lh3.googleusercontent.com/grass-cs/ACvplmN0nhYdwbpqRrCRNFTDIuhx2nxj3Kh9zglnVws5wzo0mbxAeUI93LO6UPrzaI7oLejrH2ClhaFd8xRlnleeeNA0mYHlsuNKbdl6J88MBO7dYko-2VUmj-rE-NepEUfBMnFH8qls=w800-h500-k-no,50.0694407,20.001981,,"basen dla dzieci, Kraków",6,,Pod dachem,Szkoły pływania,w środku,,Kraków i okolice,4.7,treningi,Pływanie,
ChIJ4-zUMCpbFkcRVxGfYdniw84,FLOW Szkoła Pływania Dzieci i Niemowląt,Swimming pool,al. Jana Pawła II 78,Kraków,Kraków,4.9,25,+48 519 475 255,http://www.niemowleplywanie.pl/,https://lh3.googleusercontent.com/grass-cs/ACvplmMj5PjKC12wORnv-_K64z9ITrEEOlcFA-yZ6onkUlrq7V4RWFWovwlLno7f_XItWzqrmYPSJ-O_q5vzi1064ks0j72FxSuLw5lsyd8ZV_8uKt-lWJzIvduBYlaOKOsy346aVCU=w800-h500-k-no,50.0735136,19.9987813,,"basen dla dzieci, Kraków; zajęcia dla niemowląt, Kraków",6,,Pod dachem,Szkoły pływania,w środku,,Kraków i okolice,4.6,treningi,Pływanie,
ChIJHY9PyGdbFkcRBLH5gm1Kx4k,Lemon Fitness,Gym,Ludwinowska 11,Kraków,Kraków,4.3,1334,+48 570 889 588,http://www.lemonfitness.pl/,https://lh3.googleusercontent.com/grass-cs/ACvplmOzb2F36WEfuuM3pTaaOJZv7Enz31MoaypL4HGDOzb48unQd-oLBdC_80LEl5hyfTn6bRLM0dvKLxQTu7aQ6ca-w25Mug1Ubxc2ImuNsoIXKydd5XOlF_0WWo6tAgZTipVCug-Y=w800-h500-k-no,50.0437038,19.9379583,,"basen dla dzieci, Kraków",6,,Pod dachem,Zajęcia sportowe,w środku,,Kraków i okolice,2.0,treningi,Kluby i inne sporty,
ChIJHTe4i7hbFkcRmpu5a1Apmgg,Kraul,Swimming school,"Budynek główny KS Korona, Kalwaryjska 9/15",Kraków,Kraków,4.9,466,+48 12 654 25 60,http://www.kraul.pl/,https://lh3.googleusercontent.com/grass-cs/ACvplmNDd7s7--jDja1cZBz-AiJBZwE2SNj6mUKDgfyrMhUOzsRgfSrNf6LajAFoaPkREMdY6NALFoftF0Gm-E_JLNC8n9TjVS3oF8sTMfC3QxILLymrikwOYrLzUOTaG5NlmaAAciWVjg=w800-h500-k-no,50.0431971,19.9465331,,"basen dla dzieci, Kraków; zajęcia mama i dziecko, Kraków",6,,Pod dachem,Szkoły pływania,w środku,,Kraków i okolice,2.2,treningi,Pływanie,
ChIJNcW8YqBbFkcRtBp0Bh_OdEc,Basen Uniwersytetu Pedagogicznego,Swimming pool,Romana Ingardena 4,Kraków,Kraków,4.4,188,+48 12 662 65 93,https://kp.up.krakow.pl/,https://lh3.googleusercontent.com/grass-cs/ACvplmO0GaDMKwZ6AWx8fME19pJiZerghJpARfxK3vs9RIoWsF6TB8-4fIqApJBd5T5ifEe_M31IFVHi7N61Mfw4eP3eJNOB_lPSB5Qa8ZM-gTmLbi0DKhCoZNksGOtVq_7AIhci01oncw=w800-h500-k-no,50.0619137,19.9211817,,"basen dla dzieci, Kraków",6,,Pod dachem,Basen,w środku,,Kraków i okolice,1.2,z-marszu,,
ChIJHZPtF8ZFFkcRJft0IG7f3Fg,Nauka pływania dla dzieci Kraków - Fast Swim,Swimming instructor,Os. Kolorowe 29/B,Kraków,Kraków,5,3,+48 536 027 355,https://www.fast-swim.com/nauka-plywania-dla-dzieci-krakow/,https://lh3.googleusercontent.com/grass-cs/ACvplmPpuVkJ-BuL43y4u85yurnNqZxTQASY8d-Vf4QYnEC0niwCvYlqyZ5gJKrvoEXVL5yjKsIvwiXT5m0OcZLISFUyRX-XRUVojEVlypOLca70xwQaQ5azbx0bqhUlbVktMHmJGDRy=w800-h500-k-no,50.07611,20.02321,,"basen dla dzieci, Kraków",6,,Pod dachem,Szkoły pływania,w środku,,Kraków i okolice,6.3,treningi,Pływanie,
ChIJFTFbhAVbFkcRts96yWJIr3g,Pływalnia YMCA Polska,Swimming pool,Krowoderska 8,Kraków,Kraków,4,293,+48 12 430 03 38,https://ymcapolska.pl/,https://lh3.googleusercontent.com/grass-cs/ACvplmNWeQgr5z9U-blqsi-z_stoAC8WWAd_b46xIB4_3P759yJHT_4toORB8wkYt9am5Q7DkEfaoLvGEbsi1runeoYB7KKm5CpjlcMaNTWhF18K449FU2HSgQ9vxiqWJ6VKnc-sYGw=w800-h500-k-no,50.0675034,19.9375242,,"basen dla dzieci, Kraków; zajęcia mama i dziecko, Kraków",6,,Pod dachem,Szkoły pływania,w środku,,Kraków i okolice,0.6,treningi,Pływanie,
ChIJm_tBLo1FFkcR6gNACFPiGh8,Nauka Pływania dla Dzieci Kraków - Fast Swim,Swimming instructor,Osiedle Handlowe 4,Kraków,Kraków,5,10,+48 536 027 355,https://www.fast-swim.com/,https://lh3.googleusercontent.com/grass-cs/ACvplmMy9-Lv010vbf51bpQTQEfO8Bv9brX4B_MrVnBzZ0mo53MOydG8qRpF0D0IMoPwapVE7T6OnArn4ga-WkApBAbQRydmBlCZFUhdek_BM9BUse2aY4jGjVZVdHWIbaQi84OW2OGKtQ=w800-h500-k-no,50.0744415,20.0324787,,"basen dla dzieci, Kraków",6,,Pod dachem,Szkoły pływania,w środku,,Kraków i okolice,7.0,treningi,Pływanie,
ChIJHa5D40NcFkcRC3_5UqKL1g0,J&J Sport Center,Sports complex,Winnicka 40,Kraków,Kraków,4.3,1456,+48 506 387 131,http://jjsportcenter.pl/,https://lh3.googleusercontent.com/grass-cs/ACvplmOyC4y3Re2wdtV7cfTFOSg_KPHAp5OLkzW5kcZPFLVyUcd4Ibwxp4j3GB6Kg3dPEbqeO6QFI2coyMpgGYZ3lQBYDJAaDLC680Tz1Z80tuzCYCQbrMJYLzjyjludGQV8AXE13gKLug=w800-h500-k-no,50.0218366,19.8685422,,"basen dla dzieci, Kraków",6,,Pod dachem,Basen,w środku,,Kraków i okolice,6.6,z-marszu,,
ChIJY0s6HYpFFkcRxIJupuTco8g,Mania Pływania,Swimming school,Osiedle 2 Pułku Lotniczego 21,Kraków,Kraków,4.8,109,+48 733 133 130,https://www.mania-plywania.pl/,https://lh3.googleusercontent.com/grass-cs/ACvplmN649xdDn_ywVfau81RSasKnWdfq2L4A1wab_vKDtE8MpdlPYVggkrq5ktoniYEwO3u0Qsjd-HZW67A-U0tMAMVqj4hoIjRATWiiz_fl2BK1BtYZpCHmOb4QILB8wq9cMkLps3DUg=w800-h500-k-no,50.07876719999999,20.0085383,,"basen dla dzieci, Kraków",6,,Pod dachem,Szkoły pływania,w środku,,Kraków i okolice,5.4,treningi,Pływanie,
ChIJQfcok5BbFkcRl8PZUHOAczk,Mali Nurkowie Szkoła Pływania Dzieci i Niemowląt,Baby swimming school,Fabryczna 13,Kraków,Kraków,4.8,6,+48 663 828 814,https://www.malinurkowie.pl/,,50.0626407,19.9739434,,"basen dla dzieci, Kraków",6,,Pod dachem,Szkoły pływania,w środku,,Kraków i okolice,2.6,treningi,Pływanie,
ChIJ7_6jlCRbFkcRmj0whPAxzMA,Kreatywna Nauka Pływania Kraków,Swimming pool,Pułkownika Francesco Nullo 23,Kraków,Kraków,4.9,50,+48 507 189 849,https://kreatywnanaukaplywania.pl/%3Futm_source%3Dgoogle_maps%26utm_medium%3Dorganic%26utm_campaign%3Dlisting,https://lh3.googleusercontent.com/grass-cs/ACvplmNIbbO5Szetu6fiJhcAj1sFfuVScqhCFVuj_HXiSVg9e-2paUl51eTJE1BKe_s9fEk7u7eCGnsDB9n15VNOokblDmG4UTeUUevy51jZ5cXO6fkkAriiSvFScGb3uiWtC8uXfL5Z=w800-h500-k-no,50.0631899,19.964939,,"basen dla dzieci, Kraków; zajęcia mama i dziecko, Kraków",6,,Pod dachem,Szkoły pływania,w środku,,Kraków i okolice,2.0,treningi,Pływanie,
ChIJWcJL-1hbFkcRefxsdgG6bWA,Mali Nurkowie Szkoła Pływania Dzieci i Niemowląt,Baby swimming school,Pocieszka 3,Kraków,Kraków,5,35,+48 784 626 975,https://www.malinurkowie.pl/,https://lh3.googleusercontent.com/grass-cs/ACvplmOaXET9TmYiGO3HqW6frMNLIuvbkUulYR3TDmwfFm32eobSXGtz4XUIYmvbZDgniDYOpITDJ8eujcN9HCmGVVENbKbHVm_GBoJlASmizXy7OyuVyucv08i1DW7WawxY3N_wqAP0MXRsDPL_=w800-h500-k-no,50.0904457,19.9579276,,"basen dla dzieci, Kraków; zajęcia mama i dziecko, Kraków",6,,Pod dachem,Szkoły pływania,w środku,,Kraków i okolice,3.5,treningi,Pływanie,
ChIJBd8bWt5bFkcR8vOyNnlAfKY,Basen Daisy,Swimming pool,Morelowa 26A,Kraków,Kraków,3.4,52,+48 12 425 27 97,https://basen.jrp.pl/,https://lh3.googleusercontent.com/grass-cs/ACvplmPzhzHJJqI2ShtYJaFQtbHW00kkpDA-qFphaLfMzeM2WDhBG1gdBjQgvNJLqGxBR21q2mcwx0ZnK-3UjMzLC6gBnfnkkvuHw92tV8qVkDEfwv4glmaioAutSGHNTk-JqT7xQNg=w800-h500-k-no,50.0706871,19.8692848,,"basen dla dzieci, Kraków",6,,Pod dachem,Basen,w środku,,Kraków i okolice,5.0,z-marszu,,
ChIJeTqhlCRbFkcRgryLdnFRyuU,Pływalnia Międzyszkolna,Public swimming pool,Pułkownika Francesco Nullo 23,Kraków,Kraków,4.3,258,+48 12 411 51 59,http://www.srodmiescie.ksos.pl/,https://lh3.googleusercontent.com/grass-cs/ACvplmNAKBn83FyVi_eVrZ_68wJPNUDAgTv6zhC0wVQ34fAz7nlWO9pooTqRsiY9qi80LeqnnzTXS_Sxe3jHoTqz-Ygm1uO-UsLHaz-wbjmLesufAvMa4jp0hQbyvEvugaBByG3mTUeg=w800-h500-k-no,50.0633789,19.9646385,,"basen dla dzieci, Kraków",6,,Pod dachem,Szkoły pływania,w środku,,Kraków i okolice,2.0,treningi,Pływanie,
ChIJf9C_2ONdFkcRdoZ1maC33sc,"Mali Nurkowie Nauka pływania dla dzieci i niemowląt | AWF, Kraków",Swimming pool,al. Jana Pawła II 78,Kraków,Kraków,3.4,5,+48 663 828 814,https://www.malinurkowie.pl/,https://streetviewpixels-pa.googleapis.com/v1/thumbnail?panoid=aF1tZsG3zueOeYzDUBIl5Q&cb_client=search.gws-prod.grass&w=800&h=500&yaw=196.67732&pitch=0&thumbfov=100,50.072882,20.000632,,"basen dla dzieci, Kraków",6,,Pod dachem,Szkoły pływania,w środku,,Kraków i okolice,4.7,treningi,Pływanie,
ChIJA7t1BeBaFkcRl8uUhPuAXaw,Basen Kąpielowy Międzyszkolny kryty,Sports,Grochowska 20,Kraków,Kraków,4.2,61,+48 54 555 55 55,,https://lh3.googleusercontent.com/grass-cs/ACvplmNSrem0yd6LPi9b0yrVQxYGBJZ6FEz-vIn0UJ_4B-94mjKJ3r3GM6pfO80w--jWYH2O9wdDUJfyE6b8S9S5m3Z5O48ePqjI1qdVMaoU4Rh8hBVoD1pH0cYAGjECZotF39oBExyMSA=w800-h500-k-no,50.0735533,19.9623657,,"basen dla dzieci, Kraków",6,,Pod dachem,Basen,w środku,,Kraków i okolice,2.2,z-marszu,,
ChIJiQTjYTxFFkcRKqkGRrfz89I,KSOS Międzyszkolny Basen Pływacki,Swimming pool,Os. Kolorowe 29/B,Kraków,Kraków,4.1,283,+48 12 644 59 39,http://nowahuta.ksos.pl/,https://lh3.googleusercontent.com/grass-cs/ACvplmO6A6a8embuTwOw0jtiSpL9Qac44W-3rmEnUbMz2uR7vO6Qdkr-a3dRYKzZaZxOevoqQLCi9CYy6WIjsm88TgAT7E2XhFM8BbLmzNEG-_FDNry8JXFfaaCnDi6YVEm6iDoSCQg=w800-h500-k-no,50.0761356,20.0232432,,"basen dla dzieci, Kraków",6,,Pod dachem,Basen,w środku,,Kraków i okolice,6.4,z-marszu,,
ChIJ78JSdDdbFkcRfbc9E3BAyAk,Swim Academy Nauka Pływania Kraków,Swimming pool,Ludwinowska 11,Kraków,Kraków,5,39,+48 694 486 223,https://swimacademy.pl/,https://lh3.googleusercontent.com/grass-cs/ACvplmNbeDot_Zu8iGVVx9tgAWOqE6tlWBVd_Cd9WUSKjUPpWKr5LvZzsDs-A_Rlt_bcOK497BIpV5aZ-aPeUrnGZeyeythh85E3WZhFSWyp474bmP62x9E9-UrStUtUy6qCpkymoTZEqhKIIQ4l=w800-h500-k-no,50.0437038,19.9379583,,"basen dla dzieci, Kraków",6,,Pod dachem,Szkoły pływania,w środku,,Kraków i okolice,2.0,treningi,Pływanie,
ChIJ2Xb0azdDFkcRsE8wndQ9q9Y,Szkoła Pływania Shark – ul. Wysłouchów,Swimming instructor,Zdunów 18D/lok. 17,Kraków,Kraków,4.9,86,+48 792 608 770,https://szkolarekin.pl/,https://lh3.googleusercontent.com/grass-cs/ACvplmM48bYjpR9dgpzf8Nrqwh5QCCwLVrfzQeQN-BCxJwdfvGNN93N6X2r8cqXjKtZXajeNd-uBgl4G0s56IU92N5mbSnnlfSuCSSJygL6npfuFTOQeCkrlCzz7AXHyzQ1LjuDB9zd5Kzgbves=w800-h500-k-no,50.0188533,19.9182444,,"basen dla dzieci, Kraków",6,,Pod dachem,Szkoły pływania,w środku,,Kraków i okolice,4.9,treningi,Pływanie,
ChIJIfjvzUpbFkcR_iM_TFihRuY,"Nauka pływania Kraków, obozy sportowe dla dzieci TEAM SPORT S.C.",Swimming instructor,Tadeusza Kantora 6/48,Kraków,Kraków,4.9,132,+48 786 816 064,http://teamsport.krakow.pl/,https://lh3.googleusercontent.com/grass-cs/ACvplmNQr5Dv5-BGU0ads7_UosicGy9sHAjBgIYyra_sGlA9BjGPtAvk1GtZTMbg1qYLORM7bQ8be0Ei9m5-7pQS2QHS1n8XRBMboYO-bQDGDyjb6ldyKNfp3vESvULK1pvRUODqxY8H=w800-h500-k-no,50.0722627,19.975435,,"basen dla dzieci, Kraków",6,,Pod dachem,Szkoły pływania,w środku,,Kraków i okolice,3.0,treningi,Pływanie,
ChIJzVosvVxaFkcRA4R0vq95Vp0,Nika Team Kraków nauka pływania,Swimming school,al. Jana Pawła II 78,Kraków,Kraków,5,61,+48 602 628 895,http://www.nikateam.org/,https://lh3.googleusercontent.com/grass-cs/ACvplmPiuFS0RMa-B1ZhWSqj03j7N5F77kG6O4L4Kph4oI0mrIdi6Vs1MYkZ49kQEYDbc9olC2OXxLkn4N_SofEjeg9kfoD7CbGiWZPtsQTP81e5JcrpaOs8oLzEgjlNVbUb_D523kVD=w800-h500-k-no,50.0700663,20.0014221,,"basen dla dzieci, Kraków",6,,Pod dachem,Szkoły pływania,w środku,,Kraków i okolice,4.7,treningi,Pływanie,
ChIJoecf1O1bFkcR4ZddqPlDVlM,"Mali Nurkowie nauka pływania dla dzieci i niemowląt | Natur Balance, Kraków",Swimming pool,Aleja Juliusza Słowackiego 64,Kraków,Kraków,3.4,14,+48 663 828 814,https://www.malinurkowie.pl/,https://streetviewpixels-pa.googleapis.com/v1/thumbnail?panoid=NjWkmhFq6SGdwNN0OQVIPA&cb_client=search.gws-prod.gps&w=800&h=500&yaw=358.02005&pitch=0&thumbfov=100,50.0738666,19.935181,,"basen dla dzieci, Kraków",6,,Pod dachem,Szkoły pływania,w środku,,Kraków i okolice,1.4,treningi,Pływanie,
ChIJ7zeRjztbFkcR2k8BzO3QgNs,Swim-Sport - Nauka i doskonalenie pływania w Krakowie,Swimming school,"Pawilon S sportowo-dydaktyczny, Rakowicka 27",Kraków,Kraków,4.6,100,+48 502 343 768,http://www.swim-sport.pl/,https://lh3.googleusercontent.com/gps-cs-s/AHRPTWkRVbmF2KNcHK3H1B_gwqRDH48ztyAJLUV8kK84E4HzDSP6xDL63XwniCfWuSaQwWcknegVyw94FrSVng0Xt-t0lrZloJWD-cT7TFWuvZJvWb9kVuuxXS139HQyNJ_-qPxXb25f=w800-h500-k-no,50.0677198,19.9568783,,"basen dla dzieci, Kraków",6,,Pod dachem,Szkoły pływania,w środku,,Kraków i okolice,1.6,treningi,Pływanie,
ChIJkxSEEcFdFkcRaQwNRb5xx64,Baseny Zakrzówek,Outdoor swimming pool,Pychowicka 18/14,Kraków,Kraków,4.4,579,,,https://lh3.googleusercontent.com/gps-cs-s/AHRPTWmTMAZeZgOxZuQ5nmMIes30_4ccHM7cMhmH9Ki7ckVeIEgAdmgh_f7WYZjmsycT9A8t9WHMt83h7ySP15A2JX2oiCaF6uWRVPHrK6o3Fibq5UIdf6EhZoAEnKxWlTq8DpGHnJ3f=w800-h500-k-no,50.0338529,19.9116807,,"basen dla dzieci, Kraków; kąpielisko, Kraków",6,,Pod dachem,Szkoły pływania,w środku,,Kraków i okolice,3.6,treningi,Pływanie,
ChIJVVXFbaVbFkcRXyij_D1tVKE,Basen SP5 Sauna Grota Solna Siłownia,Swimming pool,"Szkoła Podstawowa nr5 Wejście od, aleja Kijowska, Chocimska 8",Kraków,Kraków,4,111,+48 12 636 70 93,https://basenkijowska.pl/pl/,https://lh3.googleusercontent.com/gps-cs-s/AHRPTWmNw3nbL2M6XIUdWtdqyg_pNXpFAO3a_b7Z2HzBBo9lIUDjdu-iZ3dSYL8Ti-P8DhXASmKYWj6Uer9YXm4lZ10-WEfEXwwlAPBsEevd5GV9vBsy7fEPVW9cE8gQ1NMCRZnDnBB3rQ=w800-h500-k-no,50.0693961,19.9152256,,"basen dla dzieci, Kraków",6,,Pod dachem,Basen,w środku,,Kraków i okolice,1.8,z-marszu,,
ChIJ8bWG7uxdFkcRL9hNHDzRNRM,"SWIMPOWER Kraków, Ruczaj",Swimming pool,Strąkowa 3A,Kraków,Kraków,4.4,34,+48 511 032 242,https://swimpower.pl/,https://lh3.googleusercontent.com/gps-cs-s/AHRPTWlyC7qjVF1PjZ9Ot-dxB3BdWQkvNaUeixT4PJkDD5QshjhQ07AvnyOW1MWmeR9sKBSJoG6WKN7GtdT1UTU7jhJt6q9-MRv8REn9M0r1PDq2YLdholn886XimeSYQDEwvXjYKIZk=w800-h500-k-no,50.026753,19.923409,,"basen dla dzieci, Kraków",6,,Pod dachem,Szkoły pływania,w środku,,Kraków i okolice,4.0,treningi,Pływanie,
ChIJBVS4ZjxFFkcRf4c7YuwMKpU,Szkoła Pływania Rekin - Osiedle Kolorowe,Swimming instructor,Os. Kolorowe 29B,Kraków,Kraków,4.8,21,+48 792 608 770,http://www.szkolarekin.pl/,https://streetviewpixels-pa.googleapis.com/v1/thumbnail?panoid=MH1Qgjxt8vNJPFgWvHhTHA&cb_client=search.gws-prod.gps&w=800&h=500&yaw=123.34614&pitch=0&thumbfov=100,50.076123,20.0232461,,"basen dla dzieci, Kraków",6,,Pod dachem,Szkoły pływania,w środku,,Kraków i okolice,6.4,treningi,Pływanie,
ChIJZYVju9RbFkcRZ85-tl1sa18,Ciocia Rybka,Swimming instructor,Zarzecze 124A,Kraków,Kraków,5,5,+48 502 210 511,http://ciociarybka.pl/,https://lh3.googleusercontent.com/gps-cs-s/AHRPTWlZh1nreXCZ15EaFpglItdnK0wzSfih270xxRB22bUdlEA612n-lpOTUGnhxNwxilEh-RzrTEGM__-s84pcl3nizJIW4cTdg7kxuI8wJHphuqMVENuaHK-wZX1y2E8jjjviscM=w800-h500-k-no,50.0759007,19.8817045,,"basen dla dzieci, Kraków",6,,Pod dachem,Szkoły pływania,w środku,,Kraków i okolice,4.3,treningi,Pływanie,
ChIJ96IrwDxbFkcRSA7KqcN0_44,Krakowski Szkolny Ośrodek Sportowy im. Szarych Szeregów,Recreation center,al. Powstania Warszawskiego 6,Kraków,Kraków,4.4,571,+48 12 411 58 66,http://www.ksos.pl/,https://lh3.googleusercontent.com/gps-cs-s/AHRPTWnVvCTEUjTDNVRL6B4Q3vAMhikjNv-3yejTALv2e-7Octc3YU8ncaNxOl6H5b5J3KkpmcGsNsQkml9lpUZgCqg2--tbZD2BXB1a2LRwDyIL7M8M4laJZswLxEK6GLf4F_nV80tR=w800-h500-k-no,50.060856,19.961229,,"basen dla dzieci, Kraków; zajęcia mama i dziecko, Kraków",6,,Pod dachem,Basen,w środku,,Kraków i okolice,1.7,z-marszu,,
ChIJzzzkCRJbFkcRMO8oa6hXSKs,"Nauka pływania Kraków Michał Gawor Basen YMCA Polska Nurkowanie, Szkoła SUP",Swimming instructor,Krowoderska 8,Kraków,Kraków,5,13,+48 605 228 435,https://michalgawor.pl/,https://lh3.googleusercontent.com/gps-cs-s/AHRPTWnKDMGW9-8_AUIp5Lgx6YAbJR44m15JPU0qjyl8m-fqx8qYS381RjIjkqk0fBTixbZPGi67Or-O1aeQT4u-lIzFY_Xi6RFyI0H8K1VLa2y-4_r9AQKvAHhqPKmerhav1SKAXTU=w800-h500-k-no,50.06750659999999,19.9375449,,"basen dla dzieci, Kraków",6,,Pod dachem,Szkoły pływania,w środku,,Kraków i okolice,0.6,treningi,Pływanie,
ChIJae0BCmtFFkcRYZeuUg9VgBU,Nauka pływania Mania Pływania Kraków,Swimming instructor,al. Jana Pawła II 78,Kraków,Kraków,5,90,+48 733 133 130,https://www.mania-plywania.pl/,https://lh3.googleusercontent.com/gps-cs-s/AHRPTWlx7MsmgbxrCF4Ag9EHLR7qHwIIhg391gI6LjJs4kkwMECVyTOmmPn5H4LvJN_DiaYl4jLlYgfudbVM8q8Uu7MQjeDfavYFjDDRMVyi9fucPkofjlUUp3GAmk3IRuE2tGq1t3JA=w800-h500-k-no,50.072882,20.000632,,"basen dla dzieci, Kraków; zajęcia dla niemowląt, Kraków",6,,Pod dachem,Szkoły pływania,w środku,,Kraków i okolice,4.7,treningi,Pływanie,
ChIJVRtiEABbFkcRAgriP32k6e4,Basen KSOS Bohaterów Września,Swimming pool,Osiedle Bohaterów Września 13,Kraków,Kraków,4.3,156,+48 12 250 51 41,https://bohaterow.ksos.pl/,https://lh3.googleusercontent.com/gps-cs-s/AHRPTWkDr0Di3gY0fw5saYpUPtpG78qynXRksLYtTutCqxgadI1bjdiIPYn9qv3UPyAyEp5fVhiJdZAF71ibyAZZWbhYCC-gasQOt3ydRHba81wYbjA74l0KBWYjWEjSl26MtGI9SNrk5g=w800-h500-k-no,50.0981156,20.0088998,,"basen dla dzieci, Kraków",6,,Pod dachem,Basen,w środku,,Kraków i okolice,6.5,z-marszu,,
ChIJkRvb2vNbFkcRJWVg_YEKcXo,Kursy pływania Mania Pływania Kraków,Swimming instructor,Filipa Eisenberga 4,Kraków,Kraków,5,149,+48 733 133 130,https://www.mania-plywania.pl/,https://lh3.googleusercontent.com/gps-cs-s/AHRPTWkXw4DKsArHNXZLX7teSvScUKLc3J3qz4RIReVRa6-VtADr0HNe_nc_QYzj7K0QVkBmRMvp9a5_an73nhVhIjaGN_T7ZJO--rJsftSUi5oKWxC7VnDbeYEdkR3rDsgDvDEwKvzimA=w800-h500-k-no,50.06988699999999,19.967054,,"basen dla dzieci, Kraków; zajęcia dla niemowląt, Kraków",6,,Pod dachem,Szkoły pływania,w środku,,Kraków i okolice,2.3,treningi,Pływanie,
ChIJ23xKM1ZbFkcRWVTD0Sx_oI8,Nauka pływania dla dorosłych Kraków | Fast Swim,Swimming school,Osiedle Bohaterów Września 13,Kraków,Kraków,5,18,+48 536 027 355,https://www.fast-swim.com/nauka-plywania-dla-doroslych-krakow/,https://lh3.googleusercontent.com/gps-cs-s/AHRPTWlKiBlHTkmyr6ENtfsKV02R0zauHWl9G5sLxG0H_fIaWZ8ED1jtK004Ze3Qp-rT9YCuG8QzACNtgD-_chHZJgYs6smLm4VMzOZcwqDT3uqFERXuiqLXOLkh35n5X_1SKoizwT22QQ=w800-h500-k-no,50.0979644,20.0073975,,"basen dla dzieci, Kraków",6,,Pod dachem,Szkoły pływania,w środku,,Kraków i okolice,6.4,treningi,Pływanie,
ChIJNxuooo5bFkcR4vRTVgom778,SwimDreams - Profesjonalna Szkoła Nauki Pływania - Kraków,Swimming school,aleja Kijowska 8,Kraków,Kraków,5,23,+48 515 200 750,http://swimdreams.pl/,https://lh3.googleusercontent.com/gps-cs-s/AHRPTWnv9g6_rlia9A1RJUt4-Qh3xcnPfKqZiTXNLIxOolg2YdDBQRXEOU7XET1Kx0lO1zXMAJQGjktgW7YZ_KNQ4Z5KrkwWIui0qtIm9ZHwfmZCHiasZ_SDGgzfhpJvfEDr94MVyLKn=w800-h500-k-no,50.0699668,19.9148536,,"basen dla dzieci, Kraków",6,,Pod dachem,Szkoły pływania,w środku,,Kraków i okolice,1.8,treningi,Pływanie,
ChIJsbQXNgBbFkcR_moJvHDrTbM,Szkoła pływania Akademia Fala - Basen na Osiedlu Bohaterów Września 13,Swimming pool,Osiedle Bohaterów Września 13,Kraków,Kraków,4.9,12,+48 782 942 880,http://www.akademiafala.pl/,https://streetviewpixels-pa.googleapis.com/v1/thumbnail?panoid=7-2wfZRJiNq_qMMTV-UXKg&cb_client=search.gws-prod.gps&w=800&h=500&yaw=153.27443&pitch=0&thumbfov=100,50.0983314,20.0090598,,"basen dla dzieci, Kraków",6,,Pod dachem,Szkoły pływania,w środku,,Kraków i okolice,6.5,treningi,Pływanie,
ChIJTwgw7VdFFkcRL9KkddaikOk,Basen Osiedle Handlowe,Swimming pool,Osiedle Handlowe 4,Kraków,Kraków,4.3,93,+48 12 644 24 75,https://www.facebook.com/profile.php%3Fid%3D100095763960542,https://lh3.googleusercontent.com/gps-cs-s/AHRPTWkzGurSpJC8s6pZcJBYbGrhyIdZxlEUxOjb_l_gss-dM1r8vM02bL_fUDfq4nRRGgH0KzVeUs8aCLghvKYqUzQsJQh91kFTee7e6FKjcN7FvuQ1WIRzM8rN_Nr6wQMEErxBcL5AZg=w800-h500-k-no,50.0748227,20.0308359,,"basen dla dzieci, Kraków",6,,Pod dachem,Basen,w środku,,Kraków i okolice,6.8,z-marszu,,
ChIJ-2n2ESZFFkcR69SMDbrFZeY,Swim Test Kordian Lach,Swimming school,"ul, Księdza Ignacego Jana Skorupki 19/1",Kraków,Kraków,4.8,52,+48 12 410 98 50,http://www.swimtest.pl/,https://lh3.googleusercontent.com/gps-cs-s/AHRPTWmZbOPCCZRT5PVeppllykZmR8ZtVVNRLz3cpLt3jBAb8iEzt2TOZTa5bboQkJ2tA__tCFTaXEkZfoGJ6R3EOOqn18rUZeH-Zk4AYWXIwvOIHARuJWCgYXSGsIMxgU7Pe1eO-phG=w800-h500-k-no,50.0752813,19.960553,,"basen dla dzieci, Kraków",6,,Pod dachem,Szkoły pływania,w środku,,Kraków i okolice,2.2,treningi,Pływanie,
ChIJaZ2oLcVFFkcRlufKv-4kpa0,Szkoła pływania Aligator AKF,Swimming school,al. Jana Pawła II 78,Kraków,Kraków,4.7,20,+48 501 036 604,http://szkolaaligator.pl/,https://lh3.googleusercontent.com/gps-cs-s/AHRPTWlIaTP-CSiguSwFUj0frALzEZpp566lgHe0gRgYHZGYSBzJkKZEyWeLJZE_DQTBJ6P5DzprVC2PKd6BcerF8DlKmWsgsF5cd8TSnfzXhvKmYPPGOJSh_PYwo5CcyO9zhHGv7lA2tg=w800-h500-k-no,50.072882,20.000632,,"basen dla dzieci, Kraków",6,,Pod dachem,Szkoły pływania,w środku,,Kraków i okolice,4.7,treningi,Pływanie,
ChIJVVVFik1aFkcR-SYMpIuVJp8,KriSport,Swimming school,Władysława Łokietka 60 w,Kraków,Kraków,4.8,34,+48 501 535 944,"http://krisport.com.pl/ad,11/4,weekendowa-szkolka-narciarsko-snowboardowa-sezon-2017-2018.html",https://streetviewpixels-pa.googleapis.com/v1/thumbnail?panoid=ebw04N7MKqdGkZ_EiFlJlQ&cb_client=search.gws-prod.gps&w=800&h=500&yaw=179.27963&pitch=0&thumbfov=100,50.0841861,19.9222824,,"basen dla dzieci, Kraków",6,,Pod dachem,Szkoły pływania,w środku,,Kraków i okolice,2.7,treningi,Pływanie,
ChIJQxLXNARbFkcRyXo7OhgVmrM,Krakowska Jaskinia Solna Agnieszki Urban,Spa and health club,Długa 48/21,Kraków,Kraków,4.8,767,+48 12 623 71 90,http://www.krakowskajaskiniasolna.pl/,https://lh3.googleusercontent.com/gps-cs-s/AHRPTWloNNuLbyAbalWyksmTUJ-tDHwPv5DzUEJ5gkmXIkgmqgdtoD71Q4Orgl4yEr9t-Ye93dBGbRxpht6NPa4M0gTfcUGMaXuawcqNi85dJLuGjxfHAq7Z5fTEwhTXARhaNFGNP1XKJw=w800-h500-k-no,50.0698496,19.9371749,,"basen dla dzieci, Kraków; komora solna, Kraków",6,,Pod dachem,Zdrowie i relaks,w środku,,Kraków i okolice,0.9,z-marszu,,
ChIJOaU6OUhbFkcRlpFbPVQ4d5s,Kursy pływania | MySportsAcademy Kraków,Swimming school,Filipa Eisenberga,Kraków,Kraków,5,12,+48 788 416 940,https://www.facebook.com/MySportsAcademyKrakow,https://lh3.googleusercontent.com/gps-cs-s/AHRPTWkCm6OKosWb3AQKaC9IpzdKv-ZGzYXfz-BHCXiTxyNqTW6fBq42nmTMkRqmVGyAGyRVEwzfhgaAVW73M6o_evcmr5I3Xke-0X9kvXFCbu77nhs7DGKQfbNUaSs8vwSJYi8H1QVi9ZjVRQWx=w800-h500-k-no,50.0698375,19.9675529,,"basen dla dzieci, Kraków",6,,Pod dachem,Szkoły pływania,w środku,,Kraków i okolice,2.3,treningi,Pływanie,
ChIJb3_Fy4ddFkcRVTKqtcz8Z_k,Kraul - Nauka Pływania Kraków,Swimming school,Strąkowa 3A,Kraków,Kraków,5,1,+48 575 977 123,http://www.kraul.pl/,,50.0276843,19.9245001,,"basen dla dzieci, Kraków",6,,Pod dachem,Szkoły pływania,w środku,,Kraków i okolice,3.9,treningi,Pływanie,
ChIJFVRPAPVdFkcRv8A0BQguVWw,Kryta pływalnia przy Szkole Podstawowej nr 158,Swimming pool,,Kraków,Kraków,4.4,247,+48 12 252 39 87,https://www.facebook.com/Basen-przy-Szkole-Podstawowej-nr-158-w-Krakowie-2268657196575519/,https://lh3.googleusercontent.com/gps-cs-s/AHRPTWkHuuwGReDKMH_VEkl6GuCtCnWLzdt6Hin2vZ7K9VuZp38Npvt1DGPnblgWFmVmO1r5AI8EZsbS_tSq2Sgx0kY_9ctajbdMPj4_WjbwQv5S8DMHm0XmFIS6WZLcN8i8CrHM4-7kyg=w800-h500-k-no,50.0275902,19.924559,,"basen dla dzieci, Kraków",6,,Pod dachem,Basen,w środku,,Kraków i okolice,3.9,z-marszu,,
ChIJf4_XPKdbFkcR_nSEeVgk4kM,"Sportowa Frajda - nauka jazdy na rolkach i łyżwach, nauka pływania Kraków",Swimming instructor,Henryka Reymana,Kraków,Kraków,5,78,+48 733 588 648,https://sportowafrajda.pl/,https://lh3.googleusercontent.com/gps-cs-s/AHRPTWnr7FEWDfsEDnAScFb62RuqDoT7dHWYuPcbgkOH6DcQ_KUqKRnwJwqzgYkaQ1q9WS9PE5GOOO-jBMMMeT7MChS_JDuJoDBe1D57SeUGiFs1eTVuQ1El-MUwG5TwX2SL4S9_bks5=w800-h500-k-no,50.0621261,19.9126089,,"basen dla dzieci, Kraków",6,,Pod dachem,Szkoły pływania,w środku,,Kraków i okolice,1.8,treningi,Pływanie,
ChIJ6Uq_h3JFFkcRUBsppuKS0Kg,Basen Wandzianka,Swimming pool,Bulwarowa 39/31-968,Kraków,Kraków,4.2,614,+48 12 642 24 80,https://www.facebook.com/basenwandzianka/%3Flocale%3Dpl_PL,https://lh3.googleusercontent.com/gps-cs-s/AHRPTWk-_SdqO3qwxESFv6UZTOWQ1iRuyL2VFKCg86InYXhy0cMQjufeB60hBxTR_qjgif5zBmNmLeYrEEOYgzkIM_VvCQs_V3pHJdmh0zcX7UqTcPxP19WY55F2FuRV33Ech_kE8EcE=w800-h500-k-no,50.0814741,20.0497131,,"basen dla dzieci, Kraków; kąpielisko, Kraków",6,,Pod dachem,Basen,w środku,,Kraków i okolice,8.3,z-marszu,,
ChIJgRu3_gxbFkcRBerqNYVmwMg,Szkoła przy Krowoderskiej. Pływalnia,Swimming pool,Krowoderska 8,Kraków,Kraków,,,+48 12 430 03 38,http://krowoderska8.pl/,https://streetviewpixels-pa.googleapis.com/v1/thumbnail?panoid=IEcYCMebvXAyfMHMjbn4dg&cb_client=search.gws-prod.gps&w=800&h=500&yaw=270.72073&pitch=0&thumbfov=100,50.06750659999999,19.9375449,,"basen dla dzieci, Kraków",6,,Pod dachem,Szkoły pływania,w środku,,Kraków i okolice,0.6,treningi,Pływanie,
ChIJB6JrIbpbFkcRSZ72Pjdk7ik,INTOSPORT,Swimming instructor,al. 29 Listopada 130/423,Kraków,Kraków,4.8,31,+48 577 117 287,http://www.intosport.pl/,https://lh3.googleusercontent.com/gps-cs-s/AHRPTWmSMdLfs34rjbH0Xs3uY2sbl1Fr8L3hs3AjGoWvX1L0IdYIaYmh6z2PT0A7Cn1085OY9ykcLfaZlqyZlQYJsZ6aSTopuskRKiyaaTOoe-TePbSZwuqHcrpdWDwnpN0aXoNQQfHmmQ=w800-h500-k-no,50.0911278,19.959318,,"basen dla dzieci, Kraków",6,,Pod dachem,Szkoły pływania,w środku,,Kraków i okolice,3.6,treningi,Pływanie,
ChIJaekURGRFFkcRFDpplqujgxs,Przystań Brzegi,Sports complex,Trakt Papieski,Kraków,Kraków,4.4,1049,,http://przystanbrzegi.pl/,https://lh3.googleusercontent.com/gps-cs-s/AHRPTWn84iaeWO-AhEbmC-nf8l_uKtNfzgq-NxBuUFY9AAABbRQCCCxBfrixf3tHG5DFKFTF3Xc_fPYi0bz4jmPrNRlyoUa6PINkuT5bHdYxwViKBoojDSVrONjeT71TwLs0Qj1fhKd9=w800-h500-k-no,50.0364753,20.0732119,,"basen dla dzieci, Kraków; kąpielisko, Kraków",6,,Pod dachem,Basen,w środku,,Kraków i okolice,10.1,z-marszu,,
ChIJ_flmV95bFkcR_nHousKCq10,Lodowisko Daisy,Ice skating rink,Morelowa 26A,Kraków,Kraków,3.7,122,+48 12 425 27 97,https://lodowisko.jrp.pl/,https://lh3.googleusercontent.com/gps-cs-s/AHRPTWl7WjazfbJI5JUNhEIgqD1wIRJnCUyxc-cfGkqb1UMpKatoYuS_ltlthh7eJow6s5YRgZF8FRAnMIca8ZdDiYOfE5oWZ-Toki_XcdZl_MG101P-M0HRFT6tYiKFhF96MxwrxDY=w800-h500-k-no,50.0709638,19.8693905,przyszła kategoria: Lodowisko / rolki,"basen dla dzieci, Kraków",6,,Pod dachem,,w środku,,Kraków i okolice,5.0,z-marszu,,
ChIJaUOqt-BbFkcRbkPPwFm9EZw,Basen UEK,Swimming pool,Rakowicka 27,Kraków,Kraków,4.6,103,+48 12 293 56 73,http://plywalnia.uek.krakow.pl/,https://lh3.googleusercontent.com/grass-cs/ACvplmNh02ffJhKmX0v-t01yoR-wBp7ywSanOwjagwvWZfWtnrsuIjxqtk6by9E9ma5eE3xSnQ6tqcwV1EeOzjev9sLAduVR2bFWJHirWRgu55z9yH-g6F-DE3XdGxqqlaYlQnVdFXFw=w800-h500-k-no,50.06799669999999,19.9563915,,"kryta pływalnia, Kraków",6,,Pod dachem,Basen,w środku,,Kraków i okolice,1.5,z-marszu,,
ChIJ2flxioBHFkcRcLfxJYzuM_E,Kryta pływalnia,Swimming pool,Janusza Korczaka 5,Niepołomice,Niepołomice,4.2,1090,+48 12 281 39 65,https://plywalnia.eu/,https://lh3.googleusercontent.com/grass-cs/ACvplmMWOFpTKUCEXmr_AnMTc8vhs1w29_B2jOU721a6ANBWwW_a0LdTC6mEEhvnNlaUm-JQxcKYlMgG_XSmRvlioi3w6CH_lp7v_uskBWbLuMGgpkD7_8BG0KqjiB-CkjHkhnN1uL8P=w800-h500-k-no,50.0294295,20.2201518,,"kryta pływalnia, Kraków",6,,Pod dachem,Basen,w środku,,Kraków i okolice,20.5,z-marszu,,
ChIJA-hxjudfFkcRrUZJyStV8TM,Basen pływacki Radosna Nowina,Swimming pool,Piekary 2,Piekary,Piekary,4.1,154,+48 600 088 341,https://osir.siemaszka.pl/,https://lh3.googleusercontent.com/grass-cs/ACvplmOHGpF8mRMXlX3AfgWXmRK8ITTZPoWvI9Ji9FZ8JlZgulAyn-mJnHrS1BP_ymDXLDgCcAnH41mT9s-JEb4yVCzax2tFXKXZU5DohnA8Ni2W4Yw0qhPmzdzR-YQ03oqBGrwfxQU=w800-h500-k-no,50.0200015,19.7876842,,"kryta pływalnia, Kraków",6,,Pod dachem,Basen,w środku,,Kraków i okolice,11.7,z-marszu,,
ChIJC48E7qhFFkcRHOjLSlJhwDg,Com-Com Zone,Sports complex,Tadeusza Ptaszyckiego 6,Kraków,Kraków,4.2,533,+48 882 054 724,http://comcomzone.pl/zona/nowa-huta,https://lh3.googleusercontent.com/grass-cs/ACvplmORnFmhqk4NMYv7g4yzBnSIIKHxsbL7Mkl59Q67a8HkkZcCmAeUX6SlHwKbfPTE_-fzPdIAcUeS2Kldp0vWZhoTf7yTyWGU8vvd22VQViq6VchzLqxAlCrqKFD0Y3EWDLdflASn=w800-h500-k-no,50.0648387,20.0584496,,"kryta pływalnia, Kraków",6,,Pod dachem,Basen,w środku,,Kraków i okolice,8.7,z-marszu,,
ChIJu6MWudZXFkcR3Jv2xU3AdqI,Basenova,Swimming pool,Władysława Hermana 18,Giebułtów,Giebułtów,4.5,114,+48 730 530 770,https://basenova.pl/,https://lh3.googleusercontent.com/grass-cs/ACvplmNBivPkxTo7T6qv2eTQVl-yHhecuTsjacjI8SLjox5xC-StXAhFI5La7ZFhfQpvmSwFm247Dd7kKMSUDM-4IXzkYgeCmSG3K7PMzhHkilkc9H4sZcXK0ph-74DfLUzXdpXU4PK-uA=w800-h500-k-no,50.1386692,19.8880682,,"kryta pływalnia, Kraków",6,,Pod dachem,Basen,w środku,,Kraków i okolice,9.2,z-marszu,,
ChIJLeD_IItdFkcRetGD6qWiKg8,Basen Camena – Centrum Kultury i Sportu,Indoor swimming pool,Żwirki i Wigury 11,Skawina,Skawina,4.4,2041,+48 12 256 95 60,https://ckis.pl/basen-camena/,https://lh3.googleusercontent.com/grass-cs/ACvplmPLsqSSFEObBiXYL-nBZOztD6WU0rAcvT2a1ueqMTF_SpTa30H8cRcxX2dFQSI4WINtNfuUrBeUnsinzK_DK2jI5DIHfeunrXSA-bX6QW8zBe09_IVPgo41LR9qgpkDfR5N2RwrAA=w800-h500-k-no,49.9722099,19.8259678,,"kryta pływalnia, Kraków",6,,Pod dachem,Basen,w środku,,Kraków i okolice,12.7,z-marszu,,
ChIJmQebmXlDFkcRVuncLayVmJQ,Basen,Swimming pool,Jana Kurczaba 29,Kraków,Kraków,4.3,15,,,https://streetviewpixels-pa.googleapis.com/v1/thumbnail?panoid=QJIR5WlAlvCkwTVCciHLLA&cb_client=search.gws-prod.grass&w=800&h=500&yaw=32.179504&pitch=0&thumbfov=100,50.0126184,20.0087811,do weryfikacji (otwarty dla wszystkich?),"kryta pływalnia, Kraków",6,,Pod dachem,Basen,w środku,,Kraków i okolice,7.5,z-marszu,,
ChIJ5bxrCBlbFkcRZwVeKfRL19w,Szkoła Tańca AT,Dance school,Topolowa 22,Kraków,Kraków,4.5,149,+48 500 800 464,http://naukatanca.com/,https://lh3.googleusercontent.com/grass-cs/ACvplmNEiW593ltf4jrvvF5ddw6GngI7CkCZbAGYjKOu96sFsRfVn1iO55frNJ0mO5EdPicDVxdWEyYieOZI5mAvjUBrR8P943IGnPX6lh6hedavw3PFvNv_xFhDP1Fl31cMSVc0_0Y=w800-h500-k-no,50.0669319,19.953051,,"szkoła tańca dla dzieci, Kraków",6,,Pod dachem,Zajęcia sportowe,w środku,,Kraków i okolice,1.3,treningi,Taniec,
ChIJ-XfMsVJaFkcRq0Mk9vKMlp4,Szkoła Tańca Dancefloor,Dance school,Racławicka 60,Kraków,Kraków,4.9,112,+48 723 689 655,http://www.szkoladancefloor.pl/,https://lh3.googleusercontent.com/grass-cs/ACvplmOWvpf3InSvWuD7o4BO-M3xcFnUpScRDGtUXRymBXqgTV1-2ijCrTFqK6W7WO-oulzDBgoF4q-3VHrh1ugm8JaJsZs4MHwk70vnnIOlzJqHig9HBuVOz-wyPDU_ghGmzICQuZb4vA=w800-h500-k-no,50.0810539,19.921256,,"szkoła tańca dla dzieci, Kraków",6,,Pod dachem,Zajęcia sportowe,w środku,,Kraków i okolice,2.4,treningi,Taniec,
ChIJNz-EsGxbFkcRkdPzUA1yCDU,Krakowska Szkoła Tańca,Dance school,Świętej Gertrudy 19/10,Kraków,Kraków,4.8,708,+48 508 460 598,https://www.krakowskaszkolatanca.pl/,https://lh3.googleusercontent.com/grass-cs/ACvplmOsF_FIwJEa2WNkKQJpaKT2aZV2NQXld9NZG2-WoV1du1d0-a0tb4OH9pro6yBh7ln6o5_pS3LJJymANS8Tx_JJllPQ5Ubl-WnQpt5ygdtIiC0S3tOytLDk_itlhGKqhnRMm2I=w800-h500-k-no,50.0552182,19.9402264,,"szkoła tańca dla dzieci, Kraków",6,,Pod dachem,Zajęcia sportowe,w środku,,Kraków i okolice,0.7,treningi,Taniec,
ChIJy1lxMAhbFkcR9SAczdl9LoM,Szkoła Tańca Nova,Dance school,Ambrożego Grabowskiego 11,Kraków,Kraków,4.4,62,+48 728 986 198,https://www.novaszkolatanca.pl/krakow/,https://lh3.googleusercontent.com/grass-cs/ACvplmMQJpkKxRE4fXX72zWWAC_uaU-WsXFjosl1Sw4_2o1QXTeV6CWTLiCi_bI7zcwftxhmBsK6XPVUrNtBwPb1egwsNAix07Z2Zz-GIb1cqhTO1HZS6ZwJSf0AdrY7OVkDBraQdaKn=w800-h500-k-no,50.0668136,19.9270056,,"szkoła tańca dla dzieci, Kraków",6,,Pod dachem,Zajęcia sportowe,w środku,,Kraków i okolice,0.9,treningi,Taniec,
ChIJ41TeSehbFkcRjGecgaiu9u0,Taneczny Krok | Pierwszy Taniec Kraków Krowodrza | Lekcje Tańca Od Podstaw,Dance school,Juliusza Lea 114,Kraków,Kraków,5,15,,https://twojadomena.pl/%3Futm_source%3Dgoogle%26utm_medium%3Dorganic%26utm_campaign%3Dgmb-website,https://lh3.googleusercontent.com/grass-cs/ACvplmOX3uBBg_PtoOqt_BHGaDnHS1ENqSU9uuYcSXJ_gySEluFuXEtxqk9uVbtIjSefACgmBG4WwJ2p7eXAa5ChDR0eQODDNdtVCvmlkWgwYTFIWRYoq3lPrOxqTmnowdQ31EZMX_ArOjrW5AKS=w800-h500-k-no,50.0719955,19.9024869,,"szkoła tańca dla dzieci, Kraków",6,,Pod dachem,Zajęcia sportowe,w środku,,Kraków i okolice,2.7,treningi,Taniec,
ChIJp4g9My5FFkcRS0W6D1yswHo,Pierwszy Taniec Kraków,Dance school,Osiedle 2 Pułku Lotniczego 47 B,Kraków,Kraków,5,134,+48 793 351 005,https://pierwszytanieckrakow.pl/,https://lh3.googleusercontent.com/grass-cs/ACvplmNl_pwJ4tbtedZeABFO2a7DCXvnOkShu8m4dhEJrEXmCsgK3E8fzyt8byhSXg2tUjKn0vKAcjQdLz1ePdbvBlUJok5WoRHVX-lOQrJN2e3JUgklLS4RMie0oVHBdldD2xYbBJXH=w800-h500-k-no,50.074804,20.008337,,"szkoła tańca dla dzieci, Kraków",6,,Pod dachem,Zajęcia sportowe,w środku,,Kraków i okolice,5.3,treningi,Taniec,
ChIJN8PeFT9bFkcR60g9rbQkpog,Szkoła Tańca Egurrola Dance Studio Kraków,Dance school,Podgórska 34,Kraków,Kraków,4.2,111,+48 601 534 534,https://egurrola.com/lokalizacje/szkola-tanca-krakow/,https://lh3.googleusercontent.com/grass-cs/ACvplmNc_e-TSuIcOMlnfHr__6s-QDisXG9y6ZLH2sJsLOfaXGjMLQ6Gg-JzAX2jMSHAzpNH0gC925T3IDsvFjqIxe0CmRxnSZgJAoSBSOcsUfsnt1YJAN1KLuTb35SD8CasUyx6lHGL=w800-h500-k-no,50.0534571,19.9545323,,"szkoła tańca dla dzieci, Kraków; zajęcia mama i dziecko, Kraków",6,,Pod dachem,Zajęcia sportowe,w środku,,Kraków i okolice,1.5,treningi,Taniec,
ChIJXSf5_1ZbFkcRt8vH1o-suvM,Master Dance Kraków,Dance school,Królewska 67,Kraków,Kraków,5,61,+48 660 673 864,https://www.masterdancegliwice.com/pro-am-krakow,https://lh3.googleusercontent.com/grass-cs/ACvplmPS8cVg0D5MxagE6CZjbCxZvDM_yuKLm5yZRCqDcIlfvscsy_tCGHBdgXdFApzm4mTAoUTpUFGkh7BaIAXGlomj4XviCDOHLjY27e5w2n6CcVMqiHTrIK89jXv55M_bUN11xNJIHVpbAk-y=w800-h500-k-no,50.0742704,19.9118964,,"szkoła tańca dla dzieci, Kraków",6,,Pod dachem,Zajęcia sportowe,w środku,,Kraków i okolice,2.3,treningi,Taniec,
ChIJU_KFSBVbFkcRrCgoa761Lx4,Szkoła Tańca Sempre,Dance school,Berka Joselewicza 26,Kraków,Kraków,4.7,156,+48 509 656 214,http://www.sempretaniec.pl/,https://lh3.googleusercontent.com/grass-cs/ACvplmMkQGyqfFsajnDawW8aZK2vYXiIS5wdl0iiFYskxu54PZKX2icKvpyLRHRYzAk-doIoqYSJ1gck6mn2Chc85yk_tHswqUiVAajAi7FNldo-gIWIGDEjopuZo9XAklRQqZWJ3JI=w800-h500-k-no,50.0551284,19.9475303,,"szkoła tańca dla dzieci, Kraków",6,,Pod dachem,Zajęcia sportowe,w środku,,Kraków i okolice,1.0,treningi,Taniec,
ChIJGTR6HWdbFkcRCXz4qUaxi5o,Dream Dance ® - Studio Tańca Kraków,Dance school,Por. Halszki 28/LU3,Kraków,Kraków,4.9,100,+48 510 633 988,http://www.dream-dance.pl/,https://lh3.googleusercontent.com/grass-cs/ACvplmO43odm_VNQ4ANIz0Lnh-t5rKM9hx19P11EPol8UTE_eXn2A5qpyVyIwLUrppLRDboo6i7NKV_ry4gnkXsz6W7oddP0HAS9maoKCNdrw7jaASRcvMst_KLztgB5goAdL1SBAcdJIntyGAR1=w800-h500-k-no,50.0074574,19.9478251,,"szkoła tańca dla dzieci, Kraków",6,,Pod dachem,Zajęcia sportowe,w środku,,Kraków i okolice,6.1,treningi,Taniec,
ChIJvWabhT5bFkcRFmhmSoTw7Gc,DANCE CENTER M.I.,Dance school,Przemysłowa 13/1u,Kraków,Kraków,4.9,38,+48 507 011 717,http://www.centrumtancami.pl/,https://lh3.googleusercontent.com/grass-cs/ACvplmPuXpYe8bPjfi0PbMDGgils-SOWnj_0ybWSH229nEFpoznMAonowpwt52wL90fdJApo7Qlqyx2iklghHbLB74Z7cGUKiQ2QW0SJm6S2zShHik1q4wRUP0TAb3AOlRju3sh-v530o4sGHQna=w800-h500-k-no,50.04928,19.9611889,,"szkoła tańca dla dzieci, Kraków",6,,Pod dachem,Zajęcia sportowe,w środku,,Kraków i okolice,2.2,treningi,Taniec,
ChIJ0yvKN1JbFkcRasa3CnEFVBI,Szkoła Tańca FunkyFree Dance Studio,Dance school,Zakopiańska 58a,Kraków,Kraków,4.8,37,+48 515 370 850,http://www.funkyfree.pl/,https://lh3.googleusercontent.com/grass-cs/ACvplmM_voXnadgHCYa7KnAK7mU9vUT-AjSoIXctOT4R1L2AKLC6J6PcbSVgoqb9tD8_4TkxoZh8LjNPSq82NfjrvlgxBxiyoBY3jIs1KlcF4SYA3vgVv8AjKdrxIruSDC4utHRFzHqasP5vIaI=w800-h500-k-no,50.01724249999999,19.9309592,,"szkoła tańca dla dzieci, Kraków",6,,Pod dachem,Zajęcia sportowe,w środku,,Kraków i okolice,5.0,treningi,Taniec,
ChIJ0yLk2kRbFkcRr4iAUwm58rM,Impresja Dance | Pierwszy Taniec i Taniec Użytkowy,Dance school,Zawiła 61c,Kraków,Kraków,5,89,+48 795 039 119,http://www.impresjadance.pl/,https://lh3.googleusercontent.com/grass-cs/ACvplmPPxmmQGE2NM0rZ7jwW9PqVs-viJlbPaGkPYrxWW_ljRem56jZ7H5bSmb__ZtSDTN_29KYorS4wHasQ76_HfFuCf_OxlXvFMB4XwiI7N2g_Hk-LUGGkZG48VhvvzwARrQPGzmii=w800-h500-k-no,50.0073348,19.897881,,"szkoła tańca dla dzieci, Kraków",6,,Pod dachem,Zajęcia sportowe,w środku,,Kraków i okolice,6.7,treningi,Taniec,
ChIJwU20zWRFFkcRtUlKooXa5o8,Szkoła Tańca PierwszyTaniec.pl,Dance school,Osiedle Zielone 22,Kraków,Kraków,5,154,+48 531 755 859,https://pierwszytaniec.pl/,https://lh3.googleusercontent.com/grass-cs/ACvplmPqHchIxuFtqrK7BQhimVLjU0UNDVCy9BuxMUEyAbTN_TzeUmQP-dm6I6lDEQZN6bpahGlqS0fZ7NtvF2uCOHntuul9VsnnUflntqNc1ZHsXcCjbGCeQTUm0-Kri_nyANU6811H=w800-h500-k-no,50.079037,20.0412927,,"szkoła tańca dla dzieci, Kraków",6,,Pod dachem,Zajęcia sportowe,w środku,,Kraków i okolice,7.7,treningi,Taniec,
ChIJ2Q2iCBVdFkcR8B2I6u9zl_k,Elegants Dance Studio | Szkoła tańca Kraków,Dance school,Rydlówka 32,Kraków,Kraków,5,32,,https://www.instagram.com/elegants__dance%3Figsh%3DMWRwcXZzZXE4eTNqMg%3D%3D,https://lh3.googleusercontent.com/grass-cs/ACvplmMrQZoDtUEDshiW0tv2eGWi1sQYiARdc9OnOW6WHEeaPw0ODHNbIdsxjw4aIaHDskLLVibMJe-CvYsHpKscOskgmSPU6WUvm3SwFPKh_ooR0eF-MZXkiO9sv8YUg34I-a9Xkqdwd5LIqIpI=w800-h500-k-no,50.0350299,19.9323775,,"szkoła tańca dla dzieci, Kraków",6,,Pod dachem,Zajęcia sportowe,w środku,,Kraków i okolice,3.0,treningi,Taniec,
ChIJnYYuPatbFkcRoBqRP_A7t2Q,Szkoła Tańca Wild Dance Academy,Dance school,Kalwaryjska 62,Kraków,Kraków,4.7,272,+48 609 003 233,https://www.wild-dance.pl/,https://lh3.googleusercontent.com/grass-cs/ACvplmNGCLMGUaIYZTgwK5-TWwfK139oDU2hZbStVSXNzOy6UUeD_rKdpDmM_lf9Ps5jvyJ2h9QBLW9xdMKb-iNo118dH9qpCi7FBOnH4TXQJOMAVgM7wiZSHyE-xKldXFf1Iy9zBLjq=w800-h500-k-no,50.0399556,19.9420639,,"szkoła tańca dla dzieci, Kraków",6,,Pod dachem,Zajęcia sportowe,w środku,,Kraków i okolice,2.4,treningi,Taniec,
ChIJCTCuBaNcFkcRn0_Fc4d39hQ,Prima Dance - rozwój ruch taniec zmiana,Dance school,Aleja Zygmunta Krasińskiego 10,Kraków,Kraków,5,99,+48 518 482 868,https://www.primadance.pl/,https://lh3.googleusercontent.com/grass-cs/ACvplmMKzkxycJRs1TY3q-UrIapQbvI4E_OrT39OpEhHlkt4yNPu0uKB4sNODx_g1k7T_zmnFtENBJZqUtJ2dW2vM8wo0AjBV_eHUAaD-Z_XTJwiiQumQRCMT8GPKIUW7SEv-SuBa_xi=w800-h500-k-no,50.0556885,19.9267713,,"szkoła tańca dla dzieci, Kraków",6,,Pod dachem,Zajęcia sportowe,w środku,,Kraków i okolice,1.0,treningi,Taniec,
ChIJCbowprhEFkcRZsjUmcSBMCo,Centrum Sztuki Tańca,Ballet school,Krowoderska 48,Kraków,Kraków,4.7,43,+48 794 799 019,http://centrumsztukitanca.pl/,https://lh3.googleusercontent.com/grass-cs/ACvplmMGc7BQVkdaSQYDP1YNft1WXZHHkWx8gErRqaRSDBPfsjrXzcpl8Mqqhu1rgG8DIRLJTaz_wf1s79XYKsD09tpk3mcSsDjd7WjyzkS0PsqAgYDQeKLXQkSJzFm10LIHHuWc-GooKw=w800-h500-k-no,50.07099909999999,19.9340263,,"szkoła tańca dla dzieci, Kraków; zajęcia mama i dziecko, Kraków",6,,Pod dachem,Zajęcia sportowe,w środku,,Kraków i okolice,1.1,treningi,Taniec,
ChIJgXJbssdbFkcRY_qbzf2TyIc,Kuźnia Tańca,Dance school,Juliusza Lea 202,Kraków,Kraków,4.9,39,+48 606 399 994,https://kuzniatanca.pl/,https://lh3.googleusercontent.com/grass-cs/ACvplmN5IObnTCQ71tTgBRGWqKvUroJ4Zcfc18ZxgI4QxV0Coyy9quUsmpCU0OhCbnNDrn21XNVygsI73lhbvuayY8dm27H9W3ql8DALHnuXvfD97lBu-lMekfxwd_AT-nOdIvMXVSsgeL9l_kK9=w800-h500-k-no,50.0725754,19.8941721,,"szkoła tańca dla dzieci, Kraków",6,,Pod dachem,Zajęcia sportowe,w środku,,Kraków i okolice,3.3,treningi,Taniec,
ChIJVVUVsDxbFkcRej2tnz_lArw,Studio Ruchu New Move,Dance school,al. Powstania Warszawskiego 6,Kraków,Kraków,4.9,49,+48 509 877 739,https://www.newmove.pl/,https://streetviewpixels-pa.googleapis.com/v1/thumbnail?panoid=M3F7gfhJh-vWwUExxvrbjA&cb_client=search.gws-prod.grass&w=800&h=500&yaw=145.40852&pitch=0&thumbfov=100,50.0607816,19.9611433,,"szkoła tańca dla dzieci, Kraków",6,,Pod dachem,Zajęcia sportowe,w środku,,Kraków i okolice,1.7,treningi,Taniec,
ChIJH3gAX69bFkcRxtetSoSuA7g,Szkoła Tańca Skalski Dance School,Dance school,Tatarska 5,Kraków,Kraków,5,131,+48 507 374 555,http://www.skalskidance.pl/,https://lh3.googleusercontent.com/grass-cs/ACvplmNF7n718fEU3ENrcXsweS1M7MoJ5sVxNiLSu5gGlwBk3jW0jIfIj4af3XiOKvLuer0_yKFAkI9vWSUbU9ai66WBu89E1mKOposTjq91cnJOWpSiFged2bEKsjJHTLGo1kWn3jTK=w800-h500-k-no,50.0548405,19.9239201,,"szkoła tańca dla dzieci, Kraków",6,,Pod dachem,Zajęcia sportowe,w środku,,Kraków i okolice,1.2,treningi,Taniec,
ChIJ34CJP6BbFkcR3ZLq1j_Gc9g,Szkoła Tańca U2Dance,Dance school,al. 3 Maja 11A,Kraków,Kraków,5,34,+48 888 128 855,http://www.u2dance.pl/,https://lh3.googleusercontent.com/grass-cs/ACvplmOuA4pxJrXuFmn_US-2SAlnOaZRh8v4cP1UAtnVtEQyEc73J5Uq0qlUD43xqL9fKGclzguH3e6B2fPsp0oIi3TlX58z1xwlFfc64QsHhRB1MEJVD9hVODR3Q63azysjMfPYgnW_Hg=w800-h500-k-no,50.060864,19.9192661,,"szkoła tańca dla dzieci, Kraków",6,,Pod dachem,Zajęcia sportowe,w środku,,Kraków i okolice,1.3,treningi,Taniec,
ChIJxy9f9qddFkcR9051xG0mzx0,Elita Dance Center,Dance school,Zakopiańska 105,Kraków,Kraków,4.9,83,+48 12 307 77 76,http://www.taniec-elita.pl/,https://lh3.googleusercontent.com/grass-cs/ACvplmPphYGQzUenkqpB4vN0N0ABTdH6jhOyeNwTl-lNo2n_IoUhEQCe1yfkrEsStOiWl18Rn9H-fRWB5R9W2XETCY3j3I7Jrv3USh-Ktznr7GkzQHR0OnxCQVMG9A3nM7U8pzQhNozzRqKWjno=w800-h500-k-no,50.0139757,19.9272939,,"szkoła tańca dla dzieci, Kraków",6,,Pod dachem,Zajęcia sportowe,w środku,,Kraków i okolice,5.3,treningi,Taniec,
ChIJcV8Ewh9bFkcRQxpdN5aiSSg,Studio Tańca Sihir,Dance school,Orląt Lwowskich 1,Kraków,Kraków,4.9,50,+48 696 943 114,http://www.sihir.pl/,https://lh3.googleusercontent.com/grass-cs/ACvplmNMKU2NPCbBogByPh3FjCyMN92cMsn0JU4XDdzm2mVXNUoJTAWlhEDQ4WcXSivfpSLZgPXYO3cNQ8hCs68fhwjpS4XUXcVDDgM0BSqlrLFIutzPEX5kXa2GPir_NmvRJ8-K-9Yi=w800-h500-k-no,50.072567,19.960275,,"szkoła tańca dla dzieci, Kraków",6,,Pod dachem,Zajęcia sportowe,w środku,,Kraków i okolice,2.0,treningi,Taniec,
ChIJP4W6DdxbFkcRmEDLjXphYXk,Step To Dance,Dance school,Szlak 77/222,Kraków,Kraków,4.8,6,+48 730 700 420,http://steptodance.pl/,https://lh3.googleusercontent.com/grass-cs/ACvplmP24lnsU_KAN0EPJPu52zpXXPoULkgjCXCjGoZqVpPd10ALE8vTYYo6qvhkNUNU5uKGa_tgqM9WeyIPg2vEMPJAeUeSdx0vaz_Vx2WvWSv-4M_GM3hR6Y3DCaF0PIgOUQfBs2c=w800-h500-k-no,50.0699096,19.9446918,,"szkoła tańca dla dzieci, Kraków",6,,Pod dachem,Zajęcia sportowe,w środku,,Kraków i okolice,1.1,treningi,Taniec,
ChIJYwY061xDFkcRtl3zMBK6E8M,Szkoła Tańca Wena,Dance school,Kapelanka 56,Kraków,Kraków,4.7,14,+48 600 175 145,http://www.stwena.pl/kontakt/,https://lh3.googleusercontent.com/grass-cs/ACvplmMq97SZPdeCjL6FrQS_qNTQFCIXPASua_VjDQq5P-nlPgSXctU5MyFBT8i4qGe6lLdFnj9fX6ycYBcH6kNpWBzAPb-oCKXCk9GSKpYCt-X40I76VyhvK7mmW0K-HOCmhqAtwecs=w800-h500-k-no,50.0323666,19.9253223,,"szkoła tańca dla dzieci, Kraków",6,,Pod dachem,Zajęcia sportowe,w środku,,Kraków i okolice,3.4,treningi,Taniec,
ChIJv6FcU-9aFkcR5W45AcSvPF8,Strefa 51 Studio Tańca,Dance school,Walerego Eljasza-Radzikowskiego 53,Kraków,Kraków,4.8,137,+48 574 515 152,https://strefa51krakow.pl/,https://lh3.googleusercontent.com/grass-cs/ACvplmPIg5344N3kVgI4w7cQp5Mkk2ccEvdUp2gr1uSUQfCATkwp8yI1LbqJYBdTzt4sZrJO1N6mstjke2geRUdudtV3S31xwIRrUoc0VPAWY4Ko7V96YVDcV_PxsAaQJPSCxKowrU2YtQ=w800-h500-k-no,50.0840259,19.8983984,,"szkoła tańca dla dzieci, Kraków",6,,Pod dachem,Zajęcia sportowe,w środku,,Kraków i okolice,3.7,treningi,Taniec,
ChIJERWj_jdDFkcRFfDmnQ_9wn4,EVOLUTION. Szkoła Tańca,Dance school,"biuro, Kordiana 64/53",Kraków,Kraków,4.6,17,+48 668 177 555,http://www.szkolatancaevolution.pl/,https://lh3.googleusercontent.com/grass-cs/ACvplmMN_G9D8ixEJL5__gQxhRtCA-7S4f5ckVb-ehU8cNN3VH4-TlmfZJ6-7OQjh6c9zwFrX91d9xhTAKKYBPceyVzes93w37W2NVaw-YVb8WB3FPHdGkWGNU94pRu8oLksslVM3mKy=w800-h500-k-no,50.0087894,19.9633287,,"szkoła tańca dla dzieci, Kraków",6,,Pod dachem,Zajęcia sportowe,w środku,,Kraków i okolice,6.2,treningi,Taniec,
ChIJx6sgBIlbFkcRdowxTAP4yIQ,Studio Tańca Flow,Dance school,Stanisława Pigonia 2,Kraków,Kraków,4.2,15,+48 791 356 998,http://www.flowstudio.pl/,https://streetviewpixels-pa.googleapis.com/v1/thumbnail?panoid=r19o0gWyVWvos5dqR2vXfw&cb_client=search.gws-prod.grass&w=800&h=500&yaw=146.1747&pitch=0&thumbfov=100,50.09395749999999,19.9340239,,"szkoła tańca dla dzieci, Kraków",6,,Pod dachem,Zajęcia sportowe,w środku,,Kraków i okolice,3.6,treningi,Taniec,
ChIJaQycY_NbFkcRkBZEjkNeTec,Szkoła Tańca Myplace Sebastian Szul,Dance school,Ludowa 6,Kraków,Kraków,5,33,+48 721 726 906,https://www.myplace.dance/,https://lh3.googleusercontent.com/grass-cs/ACvplmN8vCz-1cQzKJEPzadUr2qVRwe14hI2mMjRRwXzpC_GraETM_izBuwDEjc598TvBZHCGz41q8WpvRAKRcyvN6upMk2G3vss2CDYPwFvRNM6NWsPDkzdtQkX1i-_SHmiGEWnevsy2BrmtpKm=w800-h500-k-no,50.0387563,19.9635517,,"szkoła tańca dla dzieci, Kraków",6,,Pod dachem,Zajęcia sportowe,w środku,,Kraków i okolice,3.2,treningi,Taniec,
ChIJLZhXRXxbFkcRXVMNynO22to,Studio Tańca - Roztańczeni,Dance school,Spółdzielców 5,Kraków,Kraków,4.9,35,+48 505 135 657,http://www.roztanczeni.pl/,,50.0181268,19.9811431,,"szkoła tańca dla dzieci, Kraków",6,,Pod dachem,Zajęcia sportowe,w środku,,Kraków i okolice,5.8,treningi,Taniec,
ChIJj1_g1jFbFkcRcczRz6yVqYQ,Szkoła Tańca Obsession 2.0 Sebastian Nabielec,Dance school,Powstańców Wielkopolskich 18B,Kraków,Kraków,5,68,+48 730 829 776,http://www.obsessionclub.pl/,https://lh3.googleusercontent.com/grass-cs/ACvplmOtflZpj_95SLTiCLD-eiqfYzew32FsFxorETKQ1CoBSQmCEX8g3R9W5ZYdSTqavqqsk1WmodAdUSrW0cRoJGq0trTLKZkEYo277JoUFgE0nrwPcGR_Mqj9KmmfuEoI7r_z-VPk=w800-h500-k-no,50.0430199,19.9702665,,"szkoła tańca dla dzieci, Kraków",6,,Pod dachem,Zajęcia sportowe,w środku,,Kraków i okolice,3.1,treningi,Taniec,
ChIJT5SQDJhbFkcR1FKeZlbAmRw,Żyrafowo,Dance school,Balicka Street 18A,Kraków,Kraków,4.8,48,+48 792 777 399,http://www.zyrafowo.pl/,https://lh3.googleusercontent.com/grass-cs/ACvplmPQIGBFjcEQAtnOyZ9jAxt9J1jy340juR-ePXz-u0kPzvoYNH9Jjq1hA1vw4Iw3ev48cufSxlGz5woy8sboymfjyCdw-8i3sOQKK9yYIEsB1XAceQd7mR6l4ujotc2CbNE5Ygqj=w800-h500-k-no,50.0813859,19.8814879,,"szkoła tańca dla dzieci, Kraków",6,,Pod dachem,Zajęcia sportowe,w środku,,Kraków i okolice,4.5,treningi,Taniec,
ChIJewY_vDhbFkcRsyhmPme8YAI,Szkoła Tańca Pasja,Dance school,Osiedle Kalinowe 17,Kraków,Kraków,3.7,3,+48 505 955 584,,https://streetviewpixels-pa.googleapis.com/v1/thumbnail?panoid=DgwJ5ifJULdjvWTAw4KIwQ&cb_client=search.gws-prod.grass&w=800&h=500&yaw=123.99903&pitch=0&thumbfov=100,50.0910845,20.0122837,,"szkoła tańca dla dzieci, Kraków",6,,Pod dachem,Zajęcia sportowe,w środku,,Kraków i okolice,6.3,treningi,Taniec,
ChIJ2T2ClfNbFkcRFDUvssodlZs,BNB Academy of dance - Szkoła Tańca Kraków,Dance school,al. 29 Listopada 130,Kraków,Kraków,5,32,+48 509 514 502,https://bnbacademyofdance.pl/,https://lh3.googleusercontent.com/grass-cs/ACvplmNY7XZvnfeIO5PrOA2qB4ZlCwsU9HPv-Oeaf7f5DCAmiC6Pn5cT0kSrv-qeiyifUOXAfKZlF9O1x9wttX_gumJb4RbTdF3uYPnldbeI-rUDuBoTnBIgCahy121AmmRbtH52iAWGDFBPYQbU=w800-h500-k-no,50.0910577,19.9593483,,"szkoła tańca dla dzieci, Kraków",6,,Pod dachem,Zajęcia sportowe,w środku,,Kraków i okolice,3.6,treningi,Taniec,
ChIJLZOxyMhbFkcRy-F5HiNMuFY,"""A.S. Smoroń"" Szkoła Tańca Kraków",Dance school,Jerzego Szablowskiego 1,Kraków,Kraków,4.9,15,+48 602 496 503,http://www.naukatanca.krakow.pl/,https://streetviewpixels-pa.googleapis.com/v1/thumbnail?panoid=NalEzkkjory-fCu6-I00ow&cb_client=search.gws-prod.grass&w=800&h=500&yaw=180.20508&pitch=0&thumbfov=100,50.076369,19.8936737,,"szkoła tańca dla dzieci, Kraków",6,,Pod dachem,Zajęcia sportowe,w środku,,Kraków i okolice,3.5,treningi,Taniec,
ChIJbWgKlz9aFkcRHXsWjlpQnF4,Studio Ruchu SK-ART,Dance school,Balicka 18 a,Kraków,Kraków,3.9,29,+48 606 632 976,http://sk-art.pl/,https://streetviewpixels-pa.googleapis.com/v1/thumbnail?panoid=vcWH8ba2grAp6Akc_kJOEw&cb_client=search.gws-prod.gps&w=800&h=500&yaw=50.06023&pitch=0&thumbfov=100,50.0813859,19.8814879,,"szkoła tańca dla dzieci, Kraków",6,,Pod dachem,Zajęcia sportowe,w środku,,Kraków i okolice,4.5,treningi,Taniec,
ChIJ6Si4x7cEHGARcnH2jTliacY,Akademia Tańca Master Move,Dance school,Powstańców Wielkopolskich 18b,Kraków,Kraków,5,23,+48 791 687 826,http://www.mastermove.pl/,https://lh3.googleusercontent.com/gps-cs-s/AHRPTWmQUfSx21eawNpfiRJjpniIol0QHHCt6ALh_Y-J-zNVI0OV-uVsLKmSgw-V-dqbVSKz0sttY5ObwKHqC2WdjCnCLAziXoWGGFMSr2WugEa9h8NgLv9D_uXlHvu-nBBTqqQ-ZDq0pg=w800-h500-k-no,50.04312789999999,19.969518,,"szkoła tańca dla dzieci, Kraków",6,,Pod dachem,Zajęcia sportowe,w środku,,Kraków i okolice,3.1,treningi,Taniec,
ChIJ--BKRxBbFkcRiGkkhu5u4Aw,Przestrzeń Ruchu i Tańca Kontakt,Dance school,Szpitalna 40,Kraków,Kraków,4.9,100,+48 788 496 365,https://kontaktprzestrzen.pl/,https://lh3.googleusercontent.com/gps-cs-s/AHRPTWkLYz7fLjNdPa3VDnjZOInrBC2UXrS_oM_Y8fPVCxoEL3FCQ8_QLgy3FuQiDJ36mTlACifJxUNmtis6QyT9gIK3cMbCYhCLoG9r3HCLn5ML1hX4VAHnYQjR5ZWypcibidr_h1-I=w800-h500-k-no,50.0643815,19.9421164,,"szkoła tańca dla dzieci, Kraków",6,,Pod dachem,Zajęcia sportowe,w środku,,Kraków i okolice,0.5,treningi,Taniec,
ChIJpTBKp9lbFkcRRtZEU1Dryw0,Męski Taniec,Dance school,Aleja Zygmunta Krasińskiego 10/4,Kraków,Kraków,4.8,21,,https://meskitaniec.pl/,https://streetviewpixels-pa.googleapis.com/v1/thumbnail?panoid=VQrUCwfNP5wz2HgffGUbDA&cb_client=search.gws-prod.gps&w=800&h=500&yaw=253.91245&pitch=0&thumbfov=100,50.0556885,19.9267713,,"szkoła tańca dla dzieci, Kraków",6,,Pod dachem,Zajęcia sportowe,w środku,,Kraków i okolice,1.0,treningi,Taniec,
ChIJI0A-XUpFFkcRvhLrxM5y9XM,Strefa 51 Gromadzka 46a | Studio Tańca,Dance school,Gromadzka 46a,Kraków,Kraków,5,35,+48 574 515 150,https://strefa51krakow.pl/,https://lh3.googleusercontent.com/gps-cs-s/AHRPTWlOw1-CEqt_yrOtG3xovoQxfDs1EaFau29MFYAfJZg87G-B3WmIPnv-hYa7aRocsKpbsgLxdJONtTm37vV7h93obZPtuNmsz8a6p7gpLyrR9VTdPIqFp_C57D6EugukE8bAXVta4gIeZzUi=w800-h500-k-no,50.0394388,19.9790987,,"szkoła tańca dla dzieci, Kraków",6,,Pod dachem,Zajęcia sportowe,w środku,,Kraków i okolice,3.9,treningi,Taniec,
ChIJ8x8MpQhbFkcR6-JsKWliwLY,HEAVEN Aerial Dance Studio Kraków,Dance school,Krowoderskich Zuchów 15b/3,Kraków,Kraków,5,39,,https://app.fitssey.com/Heaven,https://lh3.googleusercontent.com/gps-cs-s/AHRPTWl7uj_Xao6ByfEi7Ox75Mos2JpbPTLRReX-aRsBX7Z3pfca-lh7ZtrGwbDHObs7CInUI8qLYHrhfp8GMUZLR7RPrWtO6wAy7SqvacUVbvm1Knv5mgTJ0s0YLb4vmxNNEOfFn1V3=w800-h500-k-no,50.087704,19.9275734,,"szkoła tańca dla dzieci, Kraków",6,,Pod dachem,Zajęcia sportowe,w środku,,Kraków i okolice,3.0,treningi,Taniec,
ChIJlUxoiUtaFkcRh7ASpKeSBC0,Studio Tańca Bolero,Dance school,Jana Stanisławskiego 42,Kraków,Kraków,4.9,9,+48 792 172 164,http://www.facebook.com/studiotancabolero/,https://streetviewpixels-pa.googleapis.com/v1/thumbnail?panoid=NoGWPFT1R_A90UXwwBLDSQ&cb_client=search.gws-prod.gps&w=800&h=500&yaw=293.69406&pitch=0&thumbfov=100,50.0853305,19.9148718,,"szkoła tańca dla dzieci, Kraków",6,,Pod dachem,Zajęcia sportowe,w środku,,Kraków i okolice,3.1,treningi,Taniec,
ChIJu07ADT1bFkcRAZ_3jvvIGSs,”L'Art de la Danse” Towarzystwo Wspierania i Rozwoju Sztuki Baletowej w Krakowie,Dance school,Rynek Główny 34,Kraków,Kraków,3.7,3,+48 12 429 62 83,http://balet-krakow.pl/kontakt/,https://lh3.googleusercontent.com/gps-cs-s/AHRPTWku2LmSbUkY7Nl0gwTsymHYc5hVLGh4tbwFxNE-FfkVcUUMK36ol1f0wQpUqeIyS_d5lCeCeqVXAKDjFou7VNT7bfqfTD3IUqp-jMHDyUZzriA6_Hj9OgBD4DotNX1DyHvyiup83nqSRuNU=w800-h500-k-no,50.06248,19.936336,,"szkoła tańca dla dzieci, Kraków",6,,Pod dachem,Zajęcia sportowe,w środku,,Kraków i okolice,0.1,treningi,Taniec,
ChIJzdMAr0FFFkcRqsqWDDrQ-rY,StarTDance Szkoła Tańca,Dance school,Os. Kolorowe 29B,Kraków,Kraków,5,6,+48 788 379 308,http://www.facebook.com/StartDance,,50.076094,20.0231739,,"szkoła tańca dla dzieci, Kraków",6,,Pod dachem,Zajęcia sportowe,w środku,,Kraków i okolice,6.3,treningi,Taniec,
ChIJR6EAyw5bFkcRzOx4wyCC0lM,Studio Tańca Sabrosa,Dance school,rondo Mogilskie 1,Kraków,Kraków,4.8,136,+48 732 632 061,https://salsasabrosa.pl/grafik/,https://lh3.googleusercontent.com/gps-cs-s/AHRPTWkO9gQirLGS3BrfHQKYymV6VVoXKnk8NhsVfSas54_3GpmEpK9128J4nMP_7uxoVKDpmBYSdUPhoS6Qasb2-233rc1onaBqKulsMUaXQBBCrje1M_ELrJa2eG20YjOd5eAST6d2JQ=w800-h500-k-no,50.0665768,19.9575473,,"szkoła tańca dla dzieci, Kraków",6,,Pod dachem,Zajęcia sportowe,w środku,,Kraków i okolice,1.5,treningi,Taniec,
ChIJ2a4-IlTDFUcRbXvD_zP7zf4,Studio Ruchu Simple,Ballet school,"Nowa Hala przy SP151 w, Wacława Lipińskiego 2",Kraków,Kraków,5,11,+48 793 104 353,http://www.bellartekrakow.com/,https://lh3.googleusercontent.com/gps-cs-s/AHRPTWm42IrhzvvHcnKtRoXExFtxeIoq5it1GAJZtey5OWOB9IYXCHHqDJLjC1GIB6k1rTWDQ7PegNvq9mAMlWGcYrEv4-YNSduKM7IKZB7kvnlZ6YnTOTuZhoJoQDFoosoRvb0NkiD4RTPdsDQY=w800-h500-k-no,50.0305277,19.9235736,,"szkoła tańca dla dzieci, Kraków",6,,Pod dachem,Zajęcia sportowe,w środku,,Kraków i okolice,3.6,treningi,Taniec,
ChIJv2_S0wBbFkcRYEvmymxMtVE,"Studio Teatru, Muzyki i Tańca Elżbiety Armatys",Performing arts theater,Aleja Juliusza Słowackiego 41/1,Kraków,Kraków,4.8,46,+48 502 149 678,http://www.stmit.pl/,https://lh3.googleusercontent.com/gps-cs-s/AHRPTWlF_8k5P9NmWCXeFWq6FkS1yqYhhB_ZGhLpPDvzq7bjpHnoxhasge2K7MR6s6hwun7Isndl2EojK8RN6Q1H_BsRXNLU4-uEQ3p8SKZZ1wWvNoSaqsrJd8ELQZ_v8s6AvNwEfBIN=w800-h500-k-no,50.07317,19.933935,,"szkoła tańca dla dzieci, Kraków",6,,Pod dachem,Zajęcia sportowe,w środku,,Kraków i okolice,1.3,treningi,Taniec,
ChIJD4jN66ZDFkcROjXKM57MN2Y,Studio Tańca - Roztańczeni,Dance school,Tadeusza Kościuszki 36a,Wieliczka,Wieliczka,5,105,+48 690 191 036,https://roztanczeni.pl/,https://streetviewpixels-pa.googleapis.com/v1/thumbnail?panoid=npR3cF8OyYZ3e7jqFGeaMg&cb_client=search.gws-prod.gps&w=800&h=500&yaw=24.314268&pitch=0&thumbfov=100,49.9914042,20.0408795,,"szkoła tańca dla dzieci, Kraków",6,,Pod dachem,Zajęcia sportowe,w środku,,Kraków i okolice,10.8,treningi,Taniec,
ChIJuy62vQJbFkcRqmfii-TuS8Y,Studio Tańca Annavi,Dance school,Rajska 6,Kraków,Kraków,4.7,10,,https://www.facebook.com/annavi.dance.studio/,https://lh3.googleusercontent.com/gps-cs-s/AHRPTWkAY-0DD24wPilwLf2EisxDsDB_3SJh2U6yDTgJd7KttGd9QnPGW8JsgdXctwgXdrDsQhk3VUlCwZlGgk-p78vVQtujvmkj2-oOxBUSjwPvNN0jedvpNe8OZ0tLHICmKH6JXbAF=w800-h500-k-no,50.0647901,19.9306699,,"szkoła tańca dla dzieci, Kraków",6,,Pod dachem,Zajęcia sportowe,w środku,,Kraków i okolice,0.6,treningi,Taniec,
ChIJnSuK4xRbFkcRKPVfkczKNiM,MyTap,Dance school,Józefa Dietla 93,Kraków,Kraków,5,16,+48 534 568 546,http://www.mytap.pl/,https://lh3.googleusercontent.com/gps-cs-s/AHRPTWnDLcYGrW70Uyv6k9RJXXOnrXVrMe0FfiTPHKmwYCeBPXDArMVZufRbwXsrjDCCt9gWpSQOGuJPwM9itsYZgbnZkfoYSAlo17X-7hl-Y3z7tK25KQ3i0RLvqz2iIXJaIx4cHeED=w800-h500-k-no,50.0565369,19.946011,,"szkoła tańca dla dzieci, Kraków",6,,Pod dachem,Zajęcia sportowe,w środku,,Kraków i okolice,0.8,treningi,Taniec,
ChIJv_f_565bFkcRweHaSOdKaN0,Gosza Studio Tańca,Dance school,,Kraków,Kraków,3,1,+48 604 473 666,http://www.gosza.pl/,https://streetviewpixels-pa.googleapis.com/v1/thumbnail?panoid=n9SnIr3EbCaQLLV0_lP59Q&cb_client=search.gws-prod.grass&w=800&h=500&yaw=267.31448&pitch=0&thumbfov=100,50.0733577,19.9205556,,"szkoła tańca dla dzieci, Kraków",6,,Pod dachem,Zajęcia sportowe,w środku,,Kraków i okolice,1.8,treningi,Taniec,
ChIJLUHatgZFFkcR6ro5nY5p2Eg,Motyl Studio Ruchu,Dance school,Bagrowa 80/43,Kraków,Kraków,5,3,+48 784 681 547,http://www.motylstudioruchu.pl/,https://lh3.googleusercontent.com/grass-cs/ACvplmPecclhBbNBtOlcvOufllLuC7044bMKLXcikaacObnfwuqFJlUhV5asQn9nShoCbApIu5ApdL72rBhjyti8xGwmIy4OUQpB_ww1Oj7M_3HuW3mRWUN6TPmv9ARpsuI_NyD6lcN1aohvfb_-=w800-h500-k-no,50.0351848,19.9997893,,"szkoła tańca dla dzieci, Kraków; zajęcia mama i dziecko, Kraków",6,,Pod dachem,Zajęcia sportowe,w środku,,Kraków i okolice,5.4,treningi,Taniec,
ChIJs4BEbjVDFkcRgb9RDsGcYFg,Krakowiak. Międzyszkolny Ludowy Zespół Pieśni i Tańca,Dance school,Franciszka Bujaka 15,Kraków,Kraków,4.8,44,+48 12 654 42 68,https://krakowiak.edu.pl/,https://lh3.googleusercontent.com/grass-cs/ACvplmPKY-5jfwGigGeYczCWXkXesPor-q5ngmZalEIFyZn2wzsJ86V67PBYPPWQaK_cmbxt7p4Y9TYkEP4kGZanalP4EtgitW11t-v5i7Hr9zsNFToA2IhBRevrLDIhhsm3fGVHtV9Rng=w800-h500-k-no,50.0100936,19.9518778,,"szkoła tańca dla dzieci, Kraków",6,,Pod dachem,Zajęcia sportowe,w środku,,Kraków i okolice,5.8,treningi,Taniec,
ChIJY2PEERlbFkcRC9WGR5FnYJE,Kursy Tańca,Dance school,Aleksandra Lubomirskiego 21,Kraków,Kraków,,,,,https://streetviewpixels-pa.googleapis.com/v1/thumbnail?panoid=LWRFAHnddvOVHiGLyi_HSA&cb_client=search.gws-prod.grass&w=800&h=500&yaw=196.59172&pitch=0&thumbfov=100,50.06755279999999,19.9532731,,"szkoła tańca dla dzieci, Kraków",6,,Pod dachem,Zajęcia sportowe,w środku,,Kraków i okolice,1.3,treningi,Taniec,
ChIJ6U1htFZdFkcReoNlFolyGXk,Motyl - Studio Baletowe,Ballet school,Generała Juliana Filipowicza 10/60,Kraków,Kraków,5,3,+48 784 681 547,http://www.studiobaletowemotyl.pl/,https://lh3.googleusercontent.com/grass-cs/ACvplmNe8KcQWAavZg0itqjZRhJPhrkTmwu8M2e8Yza1FNuOlWOOr4np4kb6YBnFA9X6nN_PLoOK8agQA8-pH_T3RDgYFo32A-UgMgsDrk2Lstzqr1n664fuOh411OC_6bx9VcEq2s00og=w800-h500-k-no,50.0109602,19.9466827,,"szkoła tańca dla dzieci, Kraków",6,,Pod dachem,Zajęcia sportowe,w środku,,Kraków i okolice,5.7,treningi,Taniec,
ChIJy9_XglFaFkcRoG6qp-LwnoU,Studio Tańca Styl,Dance school,Rusznikarska 12/25,Kraków,Kraków,,,+48 604 071 669,https://www.facebook.com/Studio-Ta%25C5%2584ca-Styl-198925860141263/,https://streetviewpixels-pa.googleapis.com/v1/thumbnail?panoid=b0ISqnp0kWlYlB2tTozDyg&cb_client=search.gws-prod.grass&w=800&h=500&yaw=72.808975&pitch=0&thumbfov=100,50.086003,19.927239,,"szkoła tańca dla dzieci, Kraków",6,,Pod dachem,Zajęcia sportowe,w środku,,Kraków i okolice,2.8,treningi,Taniec,
ChIJd29eoOVbFkcRkRs7L7tTXVA,House of Art - Profesjonalne Szkoły Musicalowe,Dance school,al. 29 Listopada 104/U1,Kraków,Kraków,4.8,52,+48 730 003 190,https://www.szkolywokalne.pl/,https://lh3.googleusercontent.com/grass-cs/ACvplmMoDJDD-SU0bN2Kk9Spaff_z5sfI4b3EkhNI1OMWWPSOTxkq53FDLlmqY6EVYHc9spjDO0Zs9ZKRZZvhJnwzK7Zk9ty7taXplPsUZTeJDHn_XsFJ22iq1-JdbjOIfFd1vSbHU-d=w800-h500-k-no,50.0890989,19.9575926,,"szkoła tańca dla dzieci, Kraków",6,,Pod dachem,Zajęcia sportowe,w środku,,Kraków i okolice,3.4,treningi,Taniec,
ChIJz0f-P2NBFkcRI-WZ4txaBGQ,Małopolskie Centrum Tańca,Dance school,Tomaszkowice 440,Tomaszkowice,Tomaszkowice,4.9,54,+48 511 000 180,http://mctwieliczka.pl/,https://lh3.googleusercontent.com/grass-cs/ACvplmOPr3pvbWDubdWJK30hlS7RgCTa52IOtJpwFkv1rX7XEJrdS7PpXinT_6kLMHV0bSuMoxdvL_Ug1tGnhSDZ8Cs3PC5QnhjAM-3GkDWeoS9dWcziIYBzsBaaxp4US9RNxtVXH1k=w800-h500-k-no,49.9766135,20.101099,,"szkoła tańca dla dzieci, Kraków",6,,Pod dachem,Zajęcia sportowe,w środku,,Kraków i okolice,15.0,treningi,Taniec,
ChIJx76K2tZaFkcRRruxln15Pnc,Szkoła Baletowa w Krakowie,Ballet school,Stanisława Jachowicza 5,Kraków,Kraków,4,4,+48 12 411 57 66,http://szkolabaletowawkrakowie.pl/,https://lh3.googleusercontent.com/grass-cs/ACvplmOV3AvwvhTIzRjN9Db4Nuv-gLOs7LgjX_POceC30GuSDCUl-yv2brwYuoEiN68LOMzxvTSXXHYGeGfvfqWrbCljB_IvqZMU_Xv_LDclgmJFuk1peb3GU1NMl-wL4NMuRn0ciYH_=w800-h500-k-no,50.0619491,19.978111,,"szkoła tańca dla dzieci, Kraków",6,,Pod dachem,Zajęcia sportowe,w środku,,Kraków i okolice,2.9,treningi,Taniec,
ChIJyd-GotBaFkcRXSKLHPM0RoQ,Studio Tańca Styl,Dance school,Ugorek 10,Kraków,Kraków,,,+48 604 071 669,http://www.studiostyl.com/,https://streetviewpixels-pa.googleapis.com/v1/thumbnail?panoid=9lQC-KR6BhGYzzJNJIqWRQ&cb_client=search.gws-prod.grass&w=800&h=500&yaw=323.9115&pitch=0&thumbfov=100,50.0763569,19.982094,,"szkoła tańca dla dzieci, Kraków",6,,Pod dachem,Zajęcia sportowe,w środku,,Kraków i okolice,3.6,treningi,Taniec,
ChIJK5xbNU1FFkcR6GAdwo8H5JY,First Steps. Studio tańca i ruchu,Dance school,Generała Franciszka Kleeberga 1A,Kraków,Kraków,,,+48 12 357 53 78,,https://streetviewpixels-pa.googleapis.com/v1/thumbnail?panoid=9_mCqXDZQmlpOE77eHDBlg&cb_client=search.gws-prod.grass&w=800&h=500&yaw=321.55215&pitch=0&thumbfov=100,50.095209,20.0116198,,"szkoła tańca dla dzieci, Kraków",6,,Pod dachem,Zajęcia sportowe,w środku,,Kraków i okolice,6.5,treningi,Taniec,
ChIJjxB0IK1DFkcREJxTkeKAZMs,Szkoła Tańca EVOLUTION,Dance school,"sala sportowa Szkoły Podstawowej nr 90, Czarnogórska 14",Kraków,Kraków,,,+48 668 177 555,https://www.szkolatancaevolution.pl/,https://lh3.googleusercontent.com/grass-cs/ACvplmMb-NxZDdQh9Ld5lGR44Y42M9_LzbM0jXzbWHO--Ho-TI_j7Gn8xuiPndFxiaE1jINSpdU90wYXhpJPq6UmcDpZMXwq6DQvBSh2bH_TOyK4UYI8cgWZLkYLMukkxBa-bL3BKmnvvQ=w800-h500-k-no,50.0193781,19.971352,,"szkoła tańca dla dzieci, Kraków",6,,Pod dachem,Zajęcia sportowe,w środku,,Kraków i okolice,5.3,treningi,Taniec,
ChIJi4pzDNBbFkcRfjNwSKmYfcU,Edukacja Artystyczna Dzieci Niepubliczna Pozaszkolna Specjalistyczna Placówka Oświatowo-Wychowawcza,Ballet school,Krowoderska 48/2,Kraków,Kraków,5,6,+48 504 676 955,http://www.edukacjaartystyczna.pl/,https://streetviewpixels-pa.googleapis.com/v1/thumbnail?panoid=54xdk0aWSMK7Wn8MJwrdQg&cb_client=search.gws-prod.grass&w=800&h=500&yaw=211.36678&pitch=0&thumbfov=100,50.07099909999999,19.9340263,,"szkoła tańca dla dzieci, Kraków; zajęcia mama i dziecko, Kraków",6,,Pod dachem,Zajęcia sportowe,w środku,,Kraków i okolice,1.1,treningi,Taniec,
ChIJpW7NyHhQFkcRm40sKnw6la0,EKOLAND,After school program,A9 2,Węgrzce,Węgrzce,4.9,65,+48 503 473 555,http://www.ekoland.edu.pl/,https://streetviewpixels-pa.googleapis.com/v1/thumbnail?panoid=p_yLtNpea-VKRM5aL77WQw&cb_client=search.gws-prod.grass&w=800&h=500&yaw=185.0955&pitch=-7.2644844&thumbfov=100,50.1162052,19.9695893,do weryfikacji (dzieci?),"szkoła tańca dla dzieci, Kraków",6,,Pod dachem,Zajęcia sportowe,w środku,,Kraków i okolice,6.5,treningi,Zajęcia ogólnorozwojowe,
ChIJZVDh6YNbFkcRLPBCJpy7zB0,EVOLUTION.Szkoła Tańca,Dance school,"sale sportowe Liceum Ogólnokształcącego nr XIV, Józefa Chełmońskiego 24",Kraków,Kraków,,,+48 668 177 555,https://www.szkolatancaevolution.pl/,https://lh3.googleusercontent.com/grass-cs/ACvplmPAkLPWToco-WB6CnFU9enPErpD2V9WKsu2IrwgNnoC--B2pnxR2cpiSSdL5NI1jRqtch8LPJggvmy7yoArvHBBBnSf5hWMIBlNu3QKP0qZ_Rs9OhYfqVdjCl85oeWAR0qCgfaK=w800-h500-k-no,50.0870653,19.9135862,,"szkoła tańca dla dzieci, Kraków",6,,Pod dachem,Zajęcia sportowe,w środku,,Kraków i okolice,3.3,treningi,Taniec,
ChIJa2wUxhRbFkcR04RfkHLlqM8,Krakowska Zawodowa Szkoła Baletowa o uprawnieniach szkoły publicznej,Ballet school,Księdza Franciszka Blachnickiego 1,Kraków,Kraków,4.3,16,+48 12 421 57 66,http://szkolabaletowa.art.pl/,https://lh3.googleusercontent.com/grass-cs/ACvplmP4Dtycjtycyp434dL5lVmWHgAmdgX6PA-FBfK36UGpVJcsDRKgueV55RUu3eDUJOzWyxMoKkFynSp9UWJ5x5Vj5t8pG_1KH7eM6D4Cl0EBjxkWniHkcqvrmfON2d92gI3TfrY=w800-h500-k-no,50.0553563,19.951441,,"szkoła tańca dla dzieci, Kraków",6,,Pod dachem,Zajęcia sportowe,w środku,,Kraków i okolice,1.2,treningi,Taniec,
ChIJyVpqoXpbFkcRfHmSXIKPsgI,Teatr Tańca Terpsychora,Performing arts theater,Świętej Gertrudy 4,Kraków,Kraków,5,6,+48 502 334 220,https://terpsychora.pl/%23,https://lh3.googleusercontent.com/grass-cs/ACvplmOZu1-xYi4GHPVoxlgRGrtTP8i0NEoKhXkBAH3PLsh23GWGgwpXH5zST9s5YGjU-afqFLBhqHZnJQNHOuKKTjIfN2pq5m-QjyyWDApp79LyZqpdmm4L80M5YCKEngXPrxzv4hcY=w800-h500-k-no,50.0587952,19.9413235,,"szkoła tańca dla dzieci, Kraków",6,,Pod dachem,Zajęcia sportowe,w środku,,Kraków i okolice,0.4,treningi,Taniec,
ChIJ0R6XOBBbFkcRmu_QiW7TqMA,Dziecięcy Ogród Ruchu,Dance school,Rynek Główny 34/I piętro,Kraków,Kraków,,,+48 601 519 027,http://warsztattanca.com.pl/,https://lh3.googleusercontent.com/grass-cs/ACvplmOYlEaEt8DAgGCuh0V1IehzkKVnl77DlfaiGSGOIWugl1AfMIlV0tKHm8Rop-gpASi4rEoSaXdQDUX_vC6tZWOOqEsFRVFG9Ox705aJepW1ZlC9RX3qArP2GcsLAbumlcGX4Bou7A=w800-h500-k-no,50.06248,19.936336,,"szkoła tańca dla dzieci, Kraków",6,,Pod dachem,Zajęcia sportowe,w środku,,Kraków i okolice,0.1,treningi,Taniec,
ChIJm30Jv-1bFkcRcxhP-xWFVoY,Centrum Rozwoju i Rekreacji Kraków - The Best,Dance school,Pułkownika Francesco Nullo 42,Kraków,Kraków,5,3,+48 507 660 300,,https://lh3.googleusercontent.com/grass-cs/ACvplmMdRf7JCa-s1ghDyFUBc2DAzIUZFnzzZFnUdiIfKPCluBMgPd_w-FL3PkCx--EB2xmWA0x2FAF4I-wF_U9ALT4HSVxjQ7KrPfCZkkB-eg3lqvYQmtCYWzOCUY9UMiPVm9IwW3ag=w800-h500-k-no,50.0653458,19.9662572,,"szkoła tańca dla dzieci, Kraków",6,,Pod dachem,Zajęcia sportowe,w środku,,Kraków i okolice,2.1,treningi,Taniec,
ChIJR8etUVBaFkcRoPw0428I-A8,Klub Sportowy PODWAWELSKI,Sports club,Komandosów 21,Kraków,Kraków,4.6,134,+48 12 266 54 05,http://www.rocknroll.pl/,https://lh3.googleusercontent.com/gps-cs-s/AHRPTWlrgZIl0jycQIkgvCN_wHK7W6Wpi4YzP0urzFixuFPJvEi8d6b2Vg8QuPRjoQS7kYOOgU27Xylwo2bstlg-Z_ijJLuUaxc4Ii1IUhZIBAzWgQvipuv6eBIC991us--o0q7V6Kg0=w800-h500-k-no,50.0429541,19.9320386,do weryfikacji (dzieci?),"klub gimnastyczny, Kraków",6,,Pod dachem,Zajęcia sportowe,w środku,,Kraków i okolice,2.1,treningi,Kluby i inne sporty,
ChIJjTGKo4lDFkcR3tvLnfXVdNo,Bieżanowianka Kraków,Sports club,Wojciecha Lipowskiego 5,Kraków,Kraków,4.7,431,+48 12 630 29 98,http://biezanowianka.pl/,https://lh3.googleusercontent.com/gps-cs-s/AHRPTWlfVkiBYxINAlvgiaefPtd9GMcjhkE8f8pmhsbWttqd_urR4DEYhwnSTAr46u0ws2z5ehLKkWwhZEPhxQ3U8s7bhlJgIUs_EYoB_oz0SlCnKJwe6gPGtNwbVbCI-FcemZk8Ops=w800-h500-k-no,50.0145388,20.0381398,do weryfikacji (dzieci?),"klub gimnastyczny, Kraków",6,,Pod dachem,Zajęcia sportowe,w środku,,Kraków i okolice,8.9,treningi,Piłka nożna,
ChIJLeq4F9tFFkcRCAL9ca7I_G8,"HI FIVE GYM - gimnastyka dla dzieci, półkolonie",Sports club,Stadionowa 1,Kraków,Kraków,,,+48 734 484 610,https://hifivegym.pl/,https://lh3.googleusercontent.com/gps-cs-s/AHRPTWkIx6giNnfH5TwG9f3qpam5-qH8DLD-qqdwZ-s3axynsrIKpcIMLsbzd19G4UK3QyOBKKcWazYgFB3yJW59gUeb9jS51SFSonTHOLU5crl9L6eptGMQymNY65oqMpQCAa4WbafqsmZ_VAIB=w800-h500-k-no,50.0855499,20.0402183,,"klub gimnastyczny, Kraków",6,,Pod dachem,Zajęcia sportowe,w środku,,Kraków i okolice,7.8,treningi,Gimnastyka i akrobatyka,
ChIJLbwxnRZFFkcRh6Om3iesosw,"Interschool Sport Centre Kraków ""East""",Recreation center,Osiedle Szkolne 39,Kraków,Kraków,4.4,669,+48 12 644 22 72,http://www.moswschod.pl/,https://lh3.googleusercontent.com/gps-cs-s/AHRPTWni1b59rTw50l2mMUoYyK1MHfV5xcvOLuAeHEiVWygaJVtbQwL1Z97lDCb7T8aNA4DniAL1papM-F2-cnNV2f4eOnrRlBNOCIjyfM_Cm3VBQq29rfej-rGA5Tyo3SvsKXOaY26xbA=w800-h500-k-no,50.0792002,20.0483272,do weryfikacji (dzieci?),"klub gimnastyczny, Kraków",6,,Pod dachem,Zajęcia sportowe,w środku,,Kraków i okolice,8.2,treningi,Kluby i inne sporty,
ChIJEe8UIWxbFkcRcuXCdqkCCDo,Klub Sportowy Nadwiślan Kraków,Soccer club,Koletek 20,Kraków,Kraków,4.4,601,+48 12 422 21 22,http://www.nadwislan.com/,https://lh3.googleusercontent.com/grass-cs/ACvplmNrDTDR9QvgXr5_QBZ7kkApKEsJe0RSiEajaPwHdoOGojNH8p6wJGb4SDrt2D-13SDnpg1XGmx8xfgC9g6olD5bzL8UaKY_POQbqqr8eewnn9xVk_z272WLKLYhktSfYFDW43eQUA=w800-h500-k-no,50.0513628,19.9363155,do weryfikacji (dzieci?),"klub gimnastyczny, Kraków",6,,Pod dachem,Zajęcia sportowe,w środku,,Kraków i okolice,1.1,treningi,Piłka nożna,
ChIJ59Aw9d9bFkcR67nBNx_a-mQ,CENTER,Sports club,Świętokrzyska 14,Kraków,Kraków,4.9,172,+48 451 056 161,https://center-krakow.pl/,https://lh3.googleusercontent.com/grass-cs/ACvplmMYdVNp0EOo9qm9mHKahr1OHsDCbiF-Ef7mPjlHOS5VdGUKvVl7UlCy6eaZPEygDdTE6KVy2QNyfrtJ_T9uYcyjjBhKGjjm9udHh1wElP53F_I26DlH7do2TnxcDFekABf9UWfCn85OETkL=w800-h500-k-no,50.075577,19.9293148,do weryfikacji (dzieci?); do weryfikacji (dzieci?),"klub gimnastyczny, Kraków",6,,Pod dachem,Zajęcia sportowe,w środku,,Kraków i okolice,1.6,treningi,Kluby i inne sporty,
ChIJOwOgMe5aFkcRz4Dta-O5D7A,Klub Sportowy Prądniczanka Kraków,Football club,świętego Andrzeja Boboli 5,Kraków,Kraków,4.6,362,+48 12 265 69 48,http://www.pradniczanka.krakow.pl/,https://lh3.googleusercontent.com/grass-cs/ACvplmM06lOVPUrDNrZ9KgRSbgbUMWrC6u8aq29qJC6Ak6MJVeAa9QtC68DzV6fTCBhd2wYod63SsxAQ3QEAUYdLsb7ArBxWVN1tXDlYBMbSw30uWoSxr0ji7sOVRqWXWfLvcFDUV6ST=w800-h500-k-no,50.0878278,19.9573595,do weryfikacji (dzieci?),"klub gimnastyczny, Kraków",6,,Pod dachem,Zajęcia sportowe,w środku,,Kraków i okolice,3.2,treningi,Piłka nożna,
ChIJVcPiM2VEFkcRMVtbbtP2VE4,Klub Sportowy Petarda Kraków,Club,Rozrywka 1,Kraków,Kraków,5,23,+48 737 338 218,http://www.kspetarda.pl/,https://lh3.googleusercontent.com/grass-cs/ACvplmPfPp6JwfaWcb4erFqriPeUivkyiB9lkpYwV_ZEV-ESkNITtbjDjpBRWabdv9gOthQGF6zxi2fGU9ZTOXVYPkPl6KwRWxZDTqw8OrSjCXuY1GrzZxG0CHi7i-h_k_28hc2MD68o=w800-h500-k-no,50.0963429,19.9812275,do weryfikacji (dzieci?),"klub gimnastyczny, Kraków",6,,Pod dachem,Zajęcia sportowe,w środku,,Kraków i okolice,5.0,treningi,Kluby i inne sporty,
ChIJBzJSEDVaFkcRtX_X6qm76zs,Krakowski Klub Szermierzy KKS Kraków,Association / Organization,Bolesława Czerwieńskiego 16,Kraków,Kraków,4.9,47,+48 883 773 767,http://www.kks.krakow.pl/,https://lh3.googleusercontent.com/grass-cs/ACvplmOE2gi_frHaTQ1lOf7m5oWJb1Y0ZKRUAVDQz2Ni1dwNqrJgpvNMFky3ey8of_p7FuDl0oZLqgfJtQdFTFPiBbrwRcrb4BIcY6nUUj_7302RXgYqHeWUgBPXh3WK60QjCrXPLpoOMA=w800-h500-k-no,50.0854358,19.9044418,do weryfikacji (dzieci?),"klub gimnastyczny, Kraków",6,,Pod dachem,Zajęcia sportowe,w środku,,Kraków i okolice,3.5,treningi,Sztuki walki,
ChIJBVS4ZjxFFkcRyCXfBLnzfTg,"Międzyszkolny Klub Sportowy ""Jordan"" Kraków",Sports club,Osiedle Handlowe 4,Kraków,Kraków,5,4,+48 504 040 816,http://jordankrakow.com.pl/,https://streetviewpixels-pa.googleapis.com/v1/thumbnail?panoid=Ed2Fxr7vWgbMvDFFNQvtZg&cb_client=search.gws-prod.grass&w=800&h=500&yaw=7.9298916&pitch=0&thumbfov=100,50.0740357,20.0306354,do weryfikacji (dzieci?),"klub gimnastyczny, Kraków",6,,Pod dachem,Zajęcia sportowe,w środku,,Kraków i okolice,6.8,treningi,Kluby i inne sporty,
ChIJ6TOOoFpDFkcRalgTwp5-F7w,Klub Sportowy Grappling Kraków,Martial arts school,Alfreda Dauna 66,Kraków,Kraków,4.9,412,+48 790 494 625,http://grapplingkrakow.pl/,https://lh3.googleusercontent.com/grass-cs/ACvplmM-AuYh9xBxr-Lx9hC8A-31XzwFdazkIHxsnnc3c5lrP2phzmuiY2KZhBo28TmyWQKeXPlaXZlFz6Qza4ORaCEKf4hzpO0IZaXCazEHCdUni6QF9wgeTv9cFyHs-UhoXhUmhlEoSg=w800-h500-k-no,50.0228188,19.9741776,do weryfikacji (dzieci?),"klub gimnastyczny, Kraków",6,,Pod dachem,Zajęcia sportowe,w środku,,Kraków i okolice,5.1,treningi,Sztuki walki,
ChIJzbqa9PVaFkcRrx9OgbkyqQM,UMKS Olimpic Kraków,Soccer club,Józefa Mackiewicza 15,Kraków,Kraków,4.5,24,+48 792 225 213,http://facebook.com/Olimpickrakow,https://streetviewpixels-pa.googleapis.com/v1/thumbnail?panoid=KWRhTx86ktUkoDkfTnZyRA&cb_client=search.gws-prod.grass&w=800&h=500&yaw=191.91646&pitch=0&thumbfov=100,50.09343819999999,19.9459355,do weryfikacji (dzieci?),"klub gimnastyczny, Kraków",6,,Pod dachem,Zajęcia sportowe,w środku,,Kraków i okolice,3.6,treningi,Piłka nożna,
ChIJy9szIb1FFkcRkutHVL718Ro,"Klub Sportowy Grappling Kraków, Nowa Huta",Sports club,Osiedle Teatralne 11,Kraków,Kraków,5,147,+48 510 447 103,https://grapplingkrakow.pl/,https://lh3.googleusercontent.com/grass-cs/ACvplmPO9S9EEhc1zKy8BVO7L2VnrIEZhxHv7q3ZRzDil1k5rPM2jUbwTmLokPUmGx21R9Xx1u9NGyOuokFq4278hVpiYZU7_fXWg1YBYRM1oQ1-l8b6ToAu1-07ybuxJXhSjV5V7rvGJSaO5910=w800-h500-k-no,50.0778831,20.0307018,do weryfikacji (dzieci?),"klub gimnastyczny, Kraków",6,,Pod dachem,Zajęcia sportowe,w środku,,Kraków i okolice,6.9,treningi,Sztuki walki,
ChIJ2fZJb2xFFkcRsMj6Re8fpjE,KS Wanda Kraków,Sports club,Odmogile 1B,Kraków,Kraków,4.3,525,+48 12 642 24 80,http://wandakrakow.com.pl/,https://lh3.googleusercontent.com/grass-cs/ACvplmP0e89Sn1TZx2dnP_K92jPKE65K8LbXYjW1_Kk6GDNdI70lCckdoqRtyyulvT1tclVbPcfX3nhcxj-4ZjALN7N4DxTniJZnp6SQ-Uy28xRGdt5UKgl16WeRiK7qrJpzLYqE5Uw=w800-h500-k-no,50.0846996,20.0442931,do weryfikacji (dzieci?),"klub gimnastyczny, Kraków",6,,Pod dachem,Zajęcia sportowe,w środku,,Kraków i okolice,8.1,treningi,Kluby i inne sporty,
ChIJddTUeqtEFkcRarZ-dfRE-ak,Klub Sportowy Kabel Kraków,Sports club,Parkowa 12a,Kraków,Kraków,4,62,+48 516 293 775,http://kskabel.pl/,https://lh3.googleusercontent.com/grass-cs/ACvplmN09BI3mDo--faiept9rNrVxf5vbu6iSQeX4WXJQPxS_adcmLajROoHXaa931TtDVwHWD6j7zCLU6kZ_M-xQibAQ-C2S6DbEfDJZCMi9O0z2xotc5sWrF7ztDus0Cf8k2Li3wg6MQ=w800-h500-k-no,50.0405867,19.9513126,do weryfikacji (dzieci?),"klub gimnastyczny, Kraków",6,,Pod dachem,Zajęcia sportowe,w środku,,Kraków i okolice,2.5,treningi,Kluby i inne sporty,
ChIJCxA6lfFaFkcR6oK9CLaRk0k,"Klub Sportowy Grappling Kraków, Prądnik",Martial arts school,Nad Strugą 7,Kraków,Kraków,4.9,281,+48 790 494 625,http://grapplingkrakow.pl/,https://lh3.googleusercontent.com/gps-cs-s/AHRPTWkEcd4IoxJ3cmVYEjQRJhZaTehdruVHE6GyjbXkhvJpOBVfMEvrGa9GZwhx9dA9twOrvfX1vJw6nvmCqJmO1MON-5S0ImEvwhS_1hwCvqfzmFxBBRPFiLS-9uMdzdQDWj8lNg0=w800-h500-k-no,50.08953469999999,19.9573764,do weryfikacji (dzieci?),"klub gimnastyczny, Kraków",6,,Pod dachem,Zajęcia sportowe,w środku,,Kraków i okolice,3.4,treningi,Sztuki walki,
ChIJCyZJT7FEFkcRyBCFb15NIjU,Klub Sportowy Płaszowianka Kraków,Stadium,Stróża Rybna 19,Kraków,Kraków,4.4,335,+48 12 653 28 21,http://plaszowianka.pl/,https://lh3.googleusercontent.com/gps-cs-s/AHRPTWlkiBsxdQDp56FQ-_tEFflC_HIa7b-52p02LkgJunlJSyGrbeuR9KheBwmGhUDyyU4cctkiHn1N5j6O5Nn0PODtqQ6Ubvv8nYWYRHp2D42CbEK5ngHRS3PsO6k0WNndqtMsy82MMg=w800-h500-k-no,50.0430625,19.9818123,do weryfikacji (dzieci?),"klub gimnastyczny, Kraków",6,,Pod dachem,Zajęcia sportowe,w środku,,Kraków i okolice,3.8,treningi,Piłka nożna,
ChIJIYyy3lpbFkcRATgSWsBzH_E,Centrum Sportu Parkowa,Stadium,Parkowa 12a,Kraków,Kraków,4.6,673,+48 885 414 987,http://parkowa-sport.pl/,https://lh3.googleusercontent.com/gps-cs-s/AHRPTWluY8Pe4kMfmn14zuu7UXHD5YpeCwDsRF3_UEn8g4N23eqLVp7kv4CAXL2L1G5iAof8MnuCvSR6sgm_5flMVsnvPHcFcnpcvG7OeLyavGTVMdm2ANEfNBiG4HykHHV35guwWqUV=w800-h500-k-no,50.0405084,19.9515065,do weryfikacji (dzieci?),"klub gimnastyczny, Kraków",6,,Pod dachem,Zajęcia sportowe,w środku,,Kraków i okolice,2.6,treningi,Kluby i inne sporty,
ChIJJ3Z00oVbFkcRrsYAnoA35Ug,Klub Sportowy Hajime,Club,Osiedle Oświecenia 30,Kraków,Kraków,5,3,+48 509 465 444,http://hajime.com.pl/,https://lh3.googleusercontent.com/gps-cs-s/AHRPTWmUMe9EsQWrm5C7457Ro2AOH43kxc_Bu7K1nIkMM4xgLlDXesP6WYpZTphSgRxqJDZnP5wIUc2HOwsGTORyXk0qCNVvk3Ny75pWt1k26bKEkyAlcjBQweurw7kSn_keasArimbA=w800-h500-k-no,50.0898544,19.9899287,do weryfikacji (dzieci?),"klub gimnastyczny, Kraków",6,,Pod dachem,Zajęcia sportowe,w środku,,Kraków i okolice,4.9,treningi,Sztuki walki,
ChIJ9T4TvHJbFkcRxVffJv7cLN4,Międzyszkolny Ośrodek Sportowy Kraków-Śródmieście,Sports complex,plac Na Groblach 23,Kraków,Kraków,3.9,116,+48 12 422 12 21,http://www.mos-zachod.pl/,https://lh3.googleusercontent.com/gps-cs-s/AHRPTWnT9CYbrGwg7_oUTv2wof4pTVgZ0-jm9p0v-FcGVxWCg3jyT8oqyvS_RySXV6CZRUvzzh5eQfUbCLVN6K_aEeu6NYmSPyXIDgBM9GkNe4sUFivaqHxDgfiQgdJvWhT14Neh5NMtKapWd2GJ=w800-h500-k-no,50.056446,19.9329471,do weryfikacji (dzieci?),"klub gimnastyczny, Kraków",6,,Pod dachem,Zajęcia sportowe,w środku,,Kraków i okolice,0.7,treningi,Kluby i inne sporty,
ChIJlZlNaOxaFkcROPs6qsiY5Tg,Klub Sportowy Hala Prądniczanka,Futsal court,Jakuba Majora 12A,Kraków,Kraków,4.5,256,+48 12 265 69 48,http://pradniczanka.krakow.pl/,https://lh3.googleusercontent.com/gps-cs-s/AHRPTWlgBTsfp_54F7Y6CwaiXAPqsSe51TlTwCQUIC2Q6CVmXg5tJCtARHsmV5TS4kq4MFIadlDB7WHTHnztP9LovPkdW4imRhK4hmuq46q6ZMDcXR_qx7z5QyxFWsWS-pjB_0kXdctQ=w800-h500-k-no,50.09052639999999,19.9657016,do weryfikacji (dzieci?),"klub gimnastyczny, Kraków",6,,Pod dachem,Zajęcia sportowe,w środku,,Kraków i okolice,3.8,treningi,Piłka nożna,
ChIJMw8N07RcFkcRK08YzW_iHu8,Klub Sportowy Sportwise,Club,Gołaśka 7,Kraków,Kraków,4.5,2,,http://www.sportwise.pl/,https://streetviewpixels-pa.googleapis.com/v1/thumbnail?panoid=JpfnUgDY7L6aKNE_SEMoyA&cb_client=search.gws-prod.gps&w=800&h=500&yaw=204.07677&pitch=0&thumbfov=100,50.014156,19.951358,do weryfikacji (dzieci?),"klub gimnastyczny, Kraków",6,,Pod dachem,Zajęcia sportowe,w środku,,Kraków i okolice,5.4,treningi,Kluby i inne sporty,
ChIJOQ5GWpVcFkcRMHzg-_ebXJ4,"Klub Sportowy „Borek""",Sports club,Żywiecka 13,Kraków,Kraków,4.4,427,+48 533 919 886,https://ksborek.com.pl/,https://lh3.googleusercontent.com/gps-cs-s/AHRPTWk5k0yVXZJCrTfK0eAoB8P3jYUjXHAaxm706OfZeYx5TfXw9Iz43pzPFrRFmOecTycrrzTayRl9rcGt3WUFKIdi8OvW5IV3kFeUViFxmN4VsmoH-wG0xL_QEFkb2mwAlm4YfK1hwA=w800-h500-k-no,50.0170092,19.9214187,do weryfikacji (dzieci?),"klub gimnastyczny, Kraków",6,,Pod dachem,Zajęcia sportowe,w środku,,Kraków i okolice,5.1,treningi,Kluby i inne sporty,
ChIJv4Y7szFbFkcRD_rrnnHNNYI,Klub Szachowy Dwie Wieże Kraków,Sports club,Armii Krajowej 12,Kraków,Kraków,5,14,+48 727 179 749,https://www.dwiewieze.krakow.pl/,https://lh3.googleusercontent.com/gps-cs-s/AHRPTWk0FQTDoF6RmsOFP0Q6rn1SUvI4CMtRWVq6EEV73uoiNqV11K_rg9S3ov9IaGZuC6Res0o60pcuhRVLEclgMohMF7HzP0V3dozrcPU4MC-2lVAzINd2K9zaZm56zjZ6gWi9ZlpEg2HWjDh_=w800-h500-k-no,50.0712226,19.9004481,do weryfikacji (dzieci?),"klub gimnastyczny, Kraków",6,,Pod dachem,Zajęcia sportowe,w środku,,Kraków i okolice,2.8,treningi,Kluby i inne sporty,
ChIJSWc5pI1FFkcR0iVLmQ0mt9c,UKS Grot Judo Kraków,Sports club,Stanisława Lema 7,Kraków,Kraków,4.8,17,+48 509 500 377,https://uksgrotjudo.com/,https://lh3.googleusercontent.com/gps-cs-s/AHRPTWm9rKrLc-r3zWRf1GMj6yUqAfMfZnUR-nbXQWm1pw_mcedaTFw7WRoQ33bsMVO5RjG9TciZ8yvYAiFGVaEckBKs-G_br5ixK808hn6WtDqHV6JcBDZxZ966rGEh9FeVyrpteAgQ=w800-h500-k-no,50.0677903,19.9929823,do weryfikacji (dzieci?),"klub gimnastyczny, Kraków",6,,Pod dachem,Zajęcia sportowe,w środku,,Kraków i okolice,4.0,treningi,Sztuki walki,
ChIJcT5KGmBbFkcRi3BISM_Rig0,RKS Garbarnia Kraków,Soccer club,Rydlówka 21G,Kraków,Kraków,4.4,662,+48 574 079 088,http://www.garbarnia.krakow.pl/,https://lh3.googleusercontent.com/gps-cs-s/AHRPTWknFeLfpEWWr4aLNk8JC2NepWb-cUuAp7cI9YerFOcZojq6LrPcsXblTiQpB4fDshTe1kpgtcW82KSQ90PU5dYBDa8iByJF6yD8lkoxJ0zjHtbpfulVAWHjV4bis-DMCkhxWmSQ=w800-h500-k-no,50.03731879999999,19.9349413,do weryfikacji (dzieci?),"klub gimnastyczny, Kraków",6,,Pod dachem,Zajęcia sportowe,w środku,,Kraków i okolice,2.7,treningi,Piłka nożna,
ChIJCxGjthhFFkcRKqfQc1-U0-o,Klub Sportowy Albertus Kraków,Soccer field,Bp. Piotra Tomickiego,Kraków,Kraków,4.3,161,,http://www.ksalbertus.pl/,https://lh3.googleusercontent.com/gps-cs-s/AHRPTWnldUQjmBKrIgFE02Tff4FzObVHJZhIjimEnN9c2yIz99KXuc51KxpMiP0DZqgNJ2BeiR-n2SSVWcMpEFV1vLD_D3SXPJx1ttFkrX2jb-MPCmhKStpXrVUl31GexRkEO1DS10E7fg=w800-h500-k-no,50.06786229999999,20.0249244,do weryfikacji (dzieci?),"klub gimnastyczny, Kraków",6,,Pod dachem,Zajęcia sportowe,w środku,,Kraków i okolice,6.3,treningi,Piłka nożna,
ChIJyza5EMhbFkcRaXND1BuRids,Yeti. Klub sportowy,Ski club,Jerzego Samuela Bandtkiego 27,Kraków,Kraków,4.2,16,+48 12 637 57 03,http://yeti.org.pl/,https://streetviewpixels-pa.googleapis.com/v1/thumbnail?panoid=jtRlbbTid86Qtoc-45lEdA&cb_client=search.gws-prod.gps&w=800&h=500&yaw=280.52908&pitch=0&thumbfov=100,50.0748909,19.8983836,do weryfikacji (dzieci?),"klub gimnastyczny, Kraków",6,,Pod dachem,Zajęcia sportowe,w środku,,Kraków i okolice,3.1,treningi,Narty i snowboard,
ChIJpwAlPCxbFkcRdScAVlNw1dc,Dąbski Klub Sportowy Kraków,Soccer club,Dąbska 1,Kraków,Kraków,4.3,68,+48 12 411 05 13,https://www.facebook.com/dabskiks,https://lh3.googleusercontent.com/gps-cs-s/AHRPTWk4K1cZAtustl9UHEnaiTSKN_gQTllFjotQOj1-ZjUiUqsy_Hlbd7usP1w6crgzLiKxKAUJU53f5lIZdSfvB2QorkrzCu6yq53LWOVYEfu4M4LOmxTM1UZNthSCUxWHgFtwMiAK=w800-h500-k-no,50.0630448,19.9807107,do weryfikacji (dzieci?),"klub gimnastyczny, Kraków",6,,Pod dachem,Zajęcia sportowe,w środku,,Kraków i okolice,3.1,treningi,Piłka nożna,
ChIJf9pGiO1bFkcROYB0A2Ccjs0,Kotwica MMA Team Kraków,Martial arts school,Kuźnicy Kołłątajowskiej 13,Kraków,Kraków,5,282,+48 533 632 009,https://www.kotwicammateam.pl/,https://lh3.googleusercontent.com/gps-cs-s/AHRPTWnvmmkoBToN19mGU-1O93PjX_loSanGjzm5TEZllFdh7XCMqJ_s9Yvv3RK5D9IachI6uzAr1lWcMSH5Oz7oiI724Am-CoNXzWfbdsIKHvXElMwLj-hvq68RaGnHJOmWL-vs-T-nVw=w800-h500-k-no,50.0975748,19.9591656,do weryfikacji (dzieci?),"klub gimnastyczny, Kraków",6,,Pod dachem,Zajęcia sportowe,w środku,,Kraków i okolice,4.3,treningi,Sztuki walki,
ChIJR_zYPL1EFkcR6nwLFv1QM5Q,UKS Bagry Kraków - Klub Sportowy Osób Niesłyszących,After school program,Grochowa 19,Kraków,Kraków,5,1,+48 12 653 26 84,,https://streetviewpixels-pa.googleapis.com/v1/thumbnail?panoid=5HpdiS4wyC7HkmJPOsH_PA&cb_client=search.gws-prod.gps&w=800&h=500&yaw=44.470726&pitch=0&thumbfov=100,50.0360944,19.9972194,do weryfikacji (dzieci?),"klub gimnastyczny, Kraków",6,,Pod dachem,Zajęcia sportowe,w środku,,Kraków i okolice,5.1,treningi,Zajęcia ogólnorozwojowe,
ChIJZY9of2tbFkcRruLa0ZjHjzU,Stowarzyszenie Szkolny Klub Sportu i Turystyki GLOSATOR,Sports club,Stradomska 10,Kraków,Kraków,5,2,+48 502 639 233,http://glosator.pl/,https://streetviewpixels-pa.googleapis.com/v1/thumbnail?panoid=Yn0Ar0CRMfd8xHWRr_UAdw&cb_client=search.gws-prod.gps&w=800&h=500&yaw=357.9071&pitch=0&thumbfov=100,50.0531498,19.9403284,do weryfikacji (dzieci?),"klub gimnastyczny, Kraków",6,,Pod dachem,Zajęcia sportowe,w środku,,Kraków i okolice,1.0,treningi,Kluby i inne sporty,
ChIJkQaTxqJEFkcRBH8-ZzYddTA,Klub Żeglarski Horn Kraków,Sailing club,Kozia 22,Kraków,Kraków,4.5,460,+48 510 459 596,http://www.hornkrakow.pl/,https://lh3.googleusercontent.com/gps-cs-s/AHRPTWkzb9xw0gsaXqwJ81SFBH9gNJ2tA3kbc-X2MOjaXFxUxio2H41sqn5OFOeknVoPenttj9F9kxQvKXUi_Aa6GjcgSWF5uyAISlfoPSn9S6Rkfn9L_y_P-Van5JDH43Daqibwf8foca7-ugFC=w800-h500-k-no,50.0329843,19.9953846,do weryfikacji (dzieci?),"klub gimnastyczny, Kraków",6,,Pod dachem,Zajęcia sportowe,w środku,,Kraków i okolice,5.2,treningi,Żeglarstwo i kajaki,
ChIJf2dzU-pbFkcRgoQXhVYFUvY,Klub Łyżwiarstwa figurowego Lajkonik,Ice skating club,Michała Siedleckiego 7,Kraków,Kraków,4.3,17,,http://www.lajkonik.net/,https://lh3.googleusercontent.com/gps-cs-s/AHRPTWm7usqqe9gFKJuwSHPlNqUOUiMyk7dvoOvz3XLIzcdUf51M9OZBM_kicX-G47sbE1h86Kg9prbVY_x-1lhZveMTTCuG-kViUx2l3zOTkS6mwXJQN2Lt-xIM1jwxf4PcyllVMqhw0Q=w800-h500-k-no,50.0564271,19.9494395,przyszła kategoria: Lodowisko / rolki,"klub gimnastyczny, Kraków",6,,Pod dachem,,w środku,,Kraków i okolice,1.0,z-marszu,,
ChIJ2ferMTVaFkcRT66ac_kspcU,Ippon Judo Kraków,Sports club,Stawowa 10,Kraków,Kraków,4.8,41,+48 730 300 590,http://www.ippon-judo.pl/,https://lh3.googleusercontent.com/gps-cs-s/AHRPTWkWaNhldiVqmC0WImGoYGz4F_U1mLImxOF-7E43vxoEXfTs-hjtUc1a31J0UxIEhsYtPjODRQFLYdSG5D_xZxkH-eRsjbb-pVWYELkwk9evjiKglMMnR3s-yeznaPxMd8Wv4nc4D4HgGaOc=w800-h500-k-no,50.091762,19.9028245,do weryfikacji (dzieci?),"zajęcia mama i dziecko, Kraków; klub gimnastyczny, Kraków",6,,Pod dachem,Zajęcia sportowe,w środku,,Kraków i okolice,4.1,treningi,Sztuki walki,
ChIJExtFuLBbFkcRIP8WqerQg5Q,Stowarzyszenie Zawsze w Ruchu,Sports club,Łobzowska 15/lok. 10,Kraków,Kraków,,,+48 510 123 516,http://zwruchu.pl/,https://lh3.googleusercontent.com/gps-cs-s/AHRPTWmYBXRfrW4RaVbRVGyrbUMcdqNJGMbdnbilIteKEOqAj5pYGaVtCZ8oUmoCQM4nWexOzXHMe_A3dOol_ydkizP4Ts4sMDC7WX4gKnISG0mTTFcBy9mnbPeAMugYa326e7RhrgwrKFdQWkDY=w800-h500-k-no,50.06764889999999,19.9339351,do weryfikacji (dzieci?),"klub gimnastyczny, Kraków",6,,Pod dachem,Zajęcia sportowe,w środku,,Kraków i okolice,0.7,treningi,Zajęcia ogólnorozwojowe,
ChIJ93bCZdVbFkcR3cmvEX0DDAw,Klub Sportowy KN Lider Kraków,Association / Organization,Warszawska 24,Kraków,Kraków,5,13,+48 601 550 300,http://www.lider.krakow.pl/,https://lh3.googleusercontent.com/gps-cs-s/AHRPTWnWfSuTqFkI0pkTuDHGUaSQng8LNbi9teScUliIt41D-08VKEHcZJNhvE3t0DZeK_E6VzgmnJfLJ2xnEiWr7mbixTvSu6qolKaip8S6EOs0wGFO2pxNcBkQ56y2FVlmz0A_ypT1=w800-h500-k-no,50.07124899999999,19.9408046,do weryfikacji (dzieci?),"klub gimnastyczny, Kraków",6,,Pod dachem,Zajęcia sportowe,w środku,,Kraków i okolice,1.1,treningi,Kluby i inne sporty,
ChIJdVIZ8ytbFkcRfowjNT9UjYY,Walley - łyżwy dobra zabawa Kraków,Sports club,"Lodowisko, ul, Michała Siedleckiego 7",Kraków,Kraków,5,8,+48 606 355 300,http://www.walley.pl/,https://lh3.googleusercontent.com/gps-cs-s/AHRPTWmx7M4mYLXXbHOdINTnmigItzZNXc6MGwWGVxA7T2D5jWOvDJZZiRbODccoY6Jrfc4GETUZMskiEw9eA5k33DEyhW9ZbiXKyPmgrdM6pKjDLi9AvzUEEPSdABfPMirfX503x0Wr=w800-h500-k-no,50.056813,19.948864,przyszła kategoria: Lodowisko / rolki,"klub gimnastyczny, Kraków",6,,Pod dachem,,w środku,,Kraków i okolice,1.0,z-marszu,,
ChIJT4m5vyRbFkcRUOAqGFoetuk,Krakowska Akademia Taekwon-do,Sports club,Pułkownika Francesco Nullo 23,Kraków,Kraków,5,33,+48 601 443 894,http://taekwondo.org.pl/,https://lh3.googleusercontent.com/gps-cs-s/AHRPTWnQhB-KmjF-B9Qx0p7Es2uSX4cZ7r6D0Ge6wr05PO02XXa9FeQQnY9RpRUX-nAyoyXDTEM2SRDgJPUnqJtfw_Vs7CqwZFjWKFqJ7qOffm0f6zIwBKU3r_YeYyxbKueH_heUAd9SzD0V4aU=w800-h500-k-no,50.0634305,19.9653444,,"klub gimnastyczny, Kraków",6,,Pod dachem,Zajęcia sportowe,w środku,,Kraków i okolice,2.0,treningi,Sztuki walki,
ChIJXWLiI2RbFkcRaGWnJpUx3SA,Klub sportowy TK,Club,Komandosów 21,Kraków,Kraków,,,+48 604 473 666,,https://streetviewpixels-pa.googleapis.com/v1/thumbnail?panoid=CjPICx-2MnndBvLDGGpArw&cb_client=search.gws-prod.gps&w=800&h=500&yaw=146.93059&pitch=0&thumbfov=100,50.0428781,19.931611,do weryfikacji (dzieci?),"klub gimnastyczny, Kraków",6,,Pod dachem,Zajęcia sportowe,w środku,,Kraków i okolice,2.1,treningi,Kluby i inne sporty,
ChIJSRQblZlFFkcRzZDjcgfLJ8A,Klub Sportowy Yacht Club Kraków - Sekcja Kajakowa,Canoe and kayak club,Stanisławy Dowgiałło 2,Kraków,Kraków,5,7,+48 508 143 021,https://www.facebook.com/profile.php%3Fid%3D61573131638322%23,https://lh3.googleusercontent.com/gps-cs-s/AHRPTWlWfXJpsyyCJb6nvRzXhXu12F66pp8pGqjb8r_emsSTsdvCV-3tdpfOhRSrkNoDeL64kk6H8xDX6T7ph9LVqaHKkcSzAtGStChuVOkUVrKqR8Co8e70htV-pz-X0jAeIZIMxlJ3=w800-h500-k-no,50.0513082,20.0587234,do weryfikacji (dzieci?),"klub gimnastyczny, Kraków",6,,Pod dachem,Zajęcia sportowe,w środku,,Kraków i okolice,8.8,treningi,Żeglarstwo i kajaki,
ChIJs5f46UFbFkcRoboouDCDfIM,Capoeira Camangula,Martial arts club,Długa 72,Kraków,Kraków,4.9,28,+48 504 217 007,http://www.capoeira.krakow.pl/,https://lh3.googleusercontent.com/gps-cs-s/AHRPTWkYsTAr12x5IYVqFPrArHRaq4jbJCdpZ94wZT_dRjo-DqEAM6xcI1_WA29d0To39V3ja1SCxDMfHLpjvDa0X3TIiSO7lwkv1md00mY5j_jPIPkYmshHJB7SOmK78I6CxZA3M3ak=w800-h500-k-no,50.0719376,19.9354151,do weryfikacji (dzieci?),"klub gimnastyczny, Kraków",6,,Pod dachem,Zajęcia sportowe,w środku,,Kraków i okolice,1.1,treningi,Sztuki walki,
ChIJX8YOUKNbFkcREPTnPePXVik,Judo Wisła Kraków,Judo school,Władysława Reymonta 22,Kraków,Kraków,4.8,66,+48 698 670 812,http://www.tswislajudo.pl/,https://lh3.googleusercontent.com/gps-cs-s/AHRPTWksOTRQddo9zxZNadPSQgStMQezc14obLX3D5h0XYjtmDc9trlISuDFNgnIkG-IieikaUFgBvAZk-dSywDTHXDRtkje9CfpsDBzFWZCVmPQ9SYA0oTFdk3pWRwZ-3ErfhQNQL9S=w800-h500-k-no,50.065825,19.910112,do weryfikacji (dzieci?),"zajęcia mama i dziecko, Kraków; klub gimnastyczny, Kraków",6,,Pod dachem,Zajęcia sportowe,w środku,,Kraków i okolice,2.0,treningi,Sztuki walki,
ChIJN1zw-J9EFkcRX0F6Z3iAf_4,Kolejowy Klub Sportowy Prokocim Kraków,Club,Bieżanowska 71,Kraków,Kraków,,,,,https://streetviewpixels-pa.googleapis.com/v1/thumbnail?panoid=rKP5Xn0qH4TU89ECuUtYXg&cb_client=search.gws-prod.grass&w=800&h=500&yaw=91.10194&pitch=0&thumbfov=100,50.025551,19.9924189,do weryfikacji (dzieci?),"klub gimnastyczny, Kraków",6,,Pod dachem,Zajęcia sportowe,w środku,,Kraków i okolice,5.6,treningi,Kluby i inne sporty,
ChIJ-2o8uM5bFkcRmryav22q9vI,Stowarzyszenie Futbolowe Fairant,Sports club,Henryka Sienkiewicza 9/11,Kraków,Kraków,5,1,,https://fairant.pl/,https://streetviewpixels-pa.googleapis.com/v1/thumbnail?panoid=8wwB1WvXF-Db4gfmnKjEOg&cb_client=search.gws-prod.grass&w=800&h=500&yaw=98.39583&pitch=0&thumbfov=100,50.070664,19.926274,do weryfikacji (dzieci?),"klub gimnastyczny, Kraków",6,,Pod dachem,Zajęcia sportowe,w środku,,Kraków i okolice,1.3,treningi,Piłka nożna,
ChIJt4ETQqpbFkcRcezkDfRSQyE,Akademia Latania - Quidditch dla dzieci,Sports club,Jana i Jędrzeja Śniadeckich 12b,Kraków,Kraków,,,+48 723 896 836,https://krakowdragons.pl/treningi-dla-dzieci,https://lh3.googleusercontent.com/grass-cs/ACvplmMYnelM0f8h1FEi9x__asQ6drsaszU308SZcRxXOnM1QUhafvovrF1RVm24zmrFTyQNM8LB942zJkblSLU2F9_X56sPeF8XDwqb0zv9xSqQMPpgtNgSXK0XZb88M5x_1PjxLDgo9osh6Edr=w800-h500-k-no,50.0602201,19.9562127,,"klub gimnastyczny, Kraków",6,,Pod dachem,Zajęcia sportowe,w środku,,Kraków i okolice,1.4,treningi,Zajęcia ogólnorozwojowe,
ChIJZbyh_8z3owgRT3YjvbSrQuA,Aloha Riders Klub sportowy Kraków Snowboard - Koszykówka Zajęcia,Sports club,Gustawa Morcinka 2a,Kraków,Kraków,,,+48 513 799 317,https://alohapark.pl/,https://streetviewpixels-pa.googleapis.com/v1/thumbnail?panoid=CyA4k-OUHUtO15qDiuXg_A&cb_client=search.gws-prod.grass&w=800&h=500&yaw=144.71796&pitch=0&thumbfov=100,50.105348,20.0388634,do weryfikacji (dzieci?),"klub gimnastyczny, Kraków",6,,Pod dachem,Zajęcia sportowe,w środku,,Kraków i okolice,8.7,treningi,Narty i snowboard,
ChIJA8v1MQpbFkcRpRPvGlKZcKs,Slalom. Klub narciarski,Club,Krupnicza 38,Kraków,Kraków,5,4,+48 607 656 292,http://www.slalom.krakow.pl/,https://streetviewpixels-pa.googleapis.com/v1/thumbnail?panoid=-Q_FgW2avKRxH6TbNPULXg&cb_client=search.gws-prod.grass&w=800&h=500&yaw=95.61637&pitch=0&thumbfov=100,50.0628562,19.9263973,do weryfikacji (dzieci?),"klub gimnastyczny, Kraków",6,,Pod dachem,Zajęcia sportowe,w środku,,Kraków i okolice,0.8,treningi,Narty i snowboard,
ChIJB76nq4BbFkcRWODcu3eh_5I,Krakowskie Stowarzyszenie Narciarskie,Ski club,Aleja Zygmunta Krasińskiego 24b,Kraków,Kraków,5,8,+48 695 996 024,http://www.stowarzyszenienarciarskie.pl/,https://lh3.googleusercontent.com/grass-cs/ACvplmPFVaahTFoxM7d09T3dCObCSPxtIjagqx3qwZaPx2BRbAa7J9ULy1x77ymDzu8qXbOnOAzzem4GylUXNweIY1k3_dChhE-3Vs87h06dHoT4tOA-JPNZKhTd3Zkqq3AHuytspBDn=w800-h500-k-no,50.057162,19.9260595,do weryfikacji (dzieci?),"klub gimnastyczny, Kraków",6,,Pod dachem,Zajęcia sportowe,w środku,,Kraków i okolice,0.9,treningi,Narty i snowboard,
ChIJlTmkrSVbFkcR1qjXqjenfO8,Dębnicki PKS. Klub sportowy,Club,Cystersów 15,Kraków,Kraków,,,,,https://streetviewpixels-pa.googleapis.com/v1/thumbnail?panoid=r8SNJNPMU2I-wcPPo1s6DA&cb_client=search.gws-prod.gps&w=800&h=500&yaw=338.67044&pitch=0&thumbfov=100,50.064512,19.9688069,do weryfikacji (dzieci?),"klub gimnastyczny, Kraków",6,,Pod dachem,Zajęcia sportowe,w środku,,Kraków i okolice,2.3,treningi,Kluby i inne sporty,
ChIJrU6X_llbFkcRkJfS8TBE17g,MMA Academy Kraków,Martial arts school,Tadeusza Romanowicza 19b,Kraków,Kraków,5,175,+48 798 417 452,https://mmaacademykrakow.pl/,https://lh3.googleusercontent.com/gps-cs-s/AHRPTWn7QIMQ-JAGWHnfcX25tGj4vCzN-gSWArqbHmoIORFQ-ogiqjlHPOe9ER9kJPnCz-T9VxHPTPSTFcSpVONJscmSo3PE1axFSP2rkpmIiPUVtcqtpvIqYAOT0wY9PmxN62fDdAqi=w800-h500-k-no,50.0457741,19.9616877,do weryfikacji (dzieci?),"klub gimnastyczny, Kraków",6,,Pod dachem,Zajęcia sportowe,w środku,,Kraków i okolice,2.5,treningi,Sztuki walki,
ChIJEez9GWZbFkcRjSc_ic-sSR0,"Arcade Bee – Atrakcje, Restauracja i Cocktail Bar",Bar,"Unity Centre, Aleksandra Lubomirskiego 24",Kraków,Kraków,4.7,236,+48 882 327 516,https://arcadebee.com/,https://lh3.googleusercontent.com/gps-cs-s/AHRPTWnFM6t0KneKTefzky0V5Hhg7CX-9x7Qh9pkxHsx3ctsTZ6yPUuAFYrtNxpeQ0rNyM2jXnOZZBPJiu2dV8TUUYeNawb6G59q17FGKUYh5X3MgPxDRCG4Awgpb9aLAonQ6BHOFBjVd06IYEA=w800-h500-k-no,50.0676466,19.9580299,do weryfikacji (dzieci?),"klub gimnastyczny, Kraków",6,,Pod dachem,Sala zabaw,w środku,,Kraków i okolice,1.6,z-marszu,,
ChIJ5WmBW6lbFkcRby39HlI3T4I,Promnik Gończyce,Sports club,Bosacka 18,Kraków,Kraków,,,+48 501 857 504,,https://streetviewpixels-pa.googleapis.com/v1/thumbnail?panoid=KWW2lzEQjmPVHKKYaYWheg&cb_client=search.gws-prod.gps&w=800&h=500&yaw=263.57825&pitch=0&thumbfov=100,50.0679343,19.9496698,do weryfikacji (dzieci?),"klub gimnastyczny, Kraków",6,,Pod dachem,Zajęcia sportowe,w środku,,Kraków i okolice,1.1,treningi,Kluby i inne sporty,
ChIJ02JQcFtbFkcRsfCny-kxrO0,Bestie Rugby Kraków,Rugby club,Jana i Jędrzeja Śniadeckich 12b,Kraków,Kraków,,,,https://www.rugbykrakow.pl/,https://lh3.googleusercontent.com/gps-cs-s/AHRPTWlAl1HDE_azOZpsbk-V4HbUB6NVWV6ub5q1mCFINL9vtVfd7pX5y0QsabDj6TWOJatzXGyOeOX3bEnM7XJMyZ7t5rJfgpDPbcBZNG6NEI84XxWdC0gzCYXvEvgLdUOp8ISTMyw4EMm3j00=w800-h500-k-no,50.0600548,19.9567071,do weryfikacji (dzieci?),"klub gimnastyczny, Kraków",6,,Pod dachem,Zajęcia sportowe,w środku,,Kraków i okolice,1.4,treningi,Kluby i inne sporty,
ChIJq4lYYhVbFkcRUgA7fUPxdmM,Cracovia Ice rink,Ice skating rink,Michała Siedleckiego 7,Kraków,Kraków,4.4,2824,+48 12 421 13 17,https://cracovia.pl/hokej/klub/lodowisko,https://lh3.googleusercontent.com/gps-cs-s/AHRPTWkSsoAKB8NZyb0DFDlWJrqxMIqDGs7vXfVoGJEM6ysjtZ5AGFVfiOvQJfiEo0wr2cpBcwVTsN3hQ7v0mKvWnvwsHTliFeXg_u7EOQ-vF6VY5hO6gFMqkPlRlQsdamwfjIQx0AEjyw=w800-h500-k-no,50.0568746,19.948917,przyszła kategoria: Lodowisko / rolki,"klub gimnastyczny, Kraków",6,,Pod dachem,,w środku,,Kraków i okolice,1.0,z-marszu,,
ChIJcRNj2W1bFkcRt3-f7bO_peM,Krakowska Żegluga Pasażerska,Cruise agency,bulwar Czerwieński 3,Kraków,Kraków,4.3,1084,+48 505 102 677,https://www.e-statek.pl/,https://lh3.googleusercontent.com/gps-cs-s/AHRPTWlxB3p5uQLF8ais4Y1S3uiKhVC0TB8shl422NVS0vvVM0focssVosUBtANJNwthW5T7cBt3wXbpQuBSWJqELjRnegBRqnNF9T4_qWBdKBo4RuW5zWx1Zx6k41i6A0UMQe7DIblb=w800-h500-k-no,50.0508162,19.9343832,przyszła kategoria: Rejsy / atrakcje turystyczne,"klub gimnastyczny, Kraków",6,,Pod dachem,,w środku,,Kraków i okolice,1.2,z-marszu,,
ChIJNwA0QDhbFkcRXRrD6Ph75_U,Kraków Watertram,Boat club,,Kraków,Kraków,4.7,21,,https://www.tramwajwodny.net.pl/,https://lh3.googleusercontent.com/gps-cs-s/AHRPTWnFj0pCLfgax45_iXyz7L73-t_zcLHhr8MuzM3cnKAtnmVH-1KC1bxrfPoLuLk5p5O1NVHeAsNvxsKXNRxnVpb1qqowkkQ03unYHB_JkK99Ou31J0Nvw7t_63dblgktgmuttsP_=w800-h500-k-no,50.05334389999999,19.9620486,przyszła kategoria: Rejsy / atrakcje turystyczne,"klub gimnastyczny, Kraków",6,,Pod dachem,,w środku,,Kraków i okolice,2.0,z-marszu,,
ChIJ3aZPs5RbFkcRpccXrxzIolQ,Stadion Zwierzyniecki KS Kraków im. Mieczysława Wawrzusiaka,Stadium,,Kraków,Kraków,,,+48 12 425 18 46,http://zwierzyniecki.pl/,https://lh3.googleusercontent.com/gps-cs-s/AHRPTWm1s8v-J5Ceen49a5fWZVywEz_3ZdPBsu8Yajxu7kncHeK2OUSmqyRmOmoyKWEBw7NF-isO9JnuH-Tqg6TOxTVPnRGRbRvOsXb3Uyt0jf2MO5SMthavxSjwnBqZ9cJCji7jpYaMITwyCJk=w800-h500-k-no,50.0579006,19.9079233,do weryfikacji (dzieci?),"klub gimnastyczny, Kraków",6,,Pod dachem,Zajęcia sportowe,w środku,,Kraków i okolice,2.1,treningi,Kluby i inne sporty,
ChIJWzmBiqhbFkcRUolBzO2p_DY,Krakowski Klub Karate Tradycyjnego,Karate school,Racławicka 26,Kraków,Kraków,5,101,+48 727 712 000,http://www.karatekrakow.pl/,https://lh3.googleusercontent.com/gps-cs-s/AHRPTWmL-fmFfNdhcLIFyBWbvtaPpEGJZlO18oPBNXi7zXNZvJ93Onzg1Ml0mA97lv0aNwBxHW5lvUDgiQEz6pyOftZzGn9OwWindQUOOOORsK8gLFkG9hvcTDtHGC1yiijEAJezkI4v=w800-h500-k-no,50.07613569999999,19.9192181,,"szkoła karate dla dzieci, Kraków",6,,Pod dachem,Zajęcia sportowe,w środku,,Kraków i okolice,2.1,treningi,Sztuki walki,
ChIJJSVR3KlbFkcRbBU7s1WpkX8,Krakowski Klub Karate Tradycyjnego,Sports club,Szuwarowa 4,Kraków,Kraków,5,41,+48 606 248 108,http://www.karatekrakow.pl/,https://lh3.googleusercontent.com/gps-cs-s/AHRPTWl8SY7vfXuYn3J4K39Lyr6CLqjAxeKZXWjXN9Jm3rPO88_a-2MHYdXrj4zD1ccu0kKMT3X59QRFZD90mai_VyxFpuHUGJEMiKwF-b0wMHWVQGpROG1xYu5JJO4tDSnvXXOGkjrE=w800-h500-k-no,50.0192176,19.905412,,"szkoła karate dla dzieci, Kraków",6,,Pod dachem,Zajęcia sportowe,w środku,,Kraków i okolice,5.2,treningi,Sztuki walki,
ChIJ4fUivdBaFkcRbONSuYkn9Hc,Klub Mistrzostwa Karate Kyokushinkai,Karate club,Ułanów 3,Kraków,Kraków,5,34,+48 605 683 260,http://kmkk.pl/,https://lh3.googleusercontent.com/gps-cs-s/AHRPTWn0PZQ6ESfYL9EwOGitilSltEzq8sMIgTWtfMQQcSBfGOgCEIpYe5b5ej3wKCmX91Po5WrkqR80PgtMLFQ-QTbrZFCK0EBg2aFVOgHhxqpSv5xEaI7qp5YOXwOfTbSaIenM1I_4bEl7ELBw=w800-h500-k-no,50.0744363,19.9861029,,"szkoła karate dla dzieci, Kraków",6,,Pod dachem,Zajęcia sportowe,w środku,,Kraków i okolice,3.8,treningi,Sztuki walki,
ChIJvatwuzlDFkcRmzzf0adXkiY,Małopolski Klub Sportowy Koyama - Oyama Karate,Martial arts school,Stanisława Stojałowskiego 31,Kraków,Kraków,4.2,14,,http://www.koyama.pl/,https://lh3.googleusercontent.com/gps-cs-s/AHRPTWmgHN_Uy84dS89I5c-OkrOt1fLCVOMxRNWJB3WokxCnitdGBrGiCzSkyeSegZj_ezjIH8RGxvbBvwKnkr_hcUv2Xm_zBIlbDX2Sqeta-KT7I-qw1VYGDFQXc2rvUztppE_E5Fml=w800-h500-k-no,50.0070681,19.9539607,,"szkoła karate dla dzieci, Kraków",6,,Pod dachem,Zajęcia sportowe,w środku,,Kraków i okolice,6.2,treningi,Sztuki walki,
ChIJedrMdDtdFkcRY6ubtEFGEQI,OYAMA KARATE i KICKBOXING - RUCZAJ,Karate club,Pszczelna 13,Kraków,Kraków,5,2,,https://koyama.pl/,https://lh3.googleusercontent.com/gps-cs-s/AHRPTWnzf4uMTSqYT3Y-aJjSISBwO6dvXaI_11DPuZ7eOIjLx4Z6Q15jazuu_mpAsXhpK4AGrrQTZl3Oesp4lc2h7b7COzEU8Tek4NqnCzZ2p5TkJkwx5z2JQex6bWzLCjiaHAlcS9HD=w800-h500-k-no,50.0259047,19.9159015,,"szkoła karate dla dzieci, Kraków",6,,Pod dachem,Zajęcia sportowe,w środku,,Kraków i okolice,4.3,treningi,Sztuki walki,
ChIJNz-CL5hdFkcRpi2IaSKgyvg,Krakowski Klub Karate Tradycyjnego,Sports club,Beskidzka 30/B,Kraków,Kraków,,,+48 606 248 108,https://www.karatekrakow.pl/,https://streetviewpixels-pa.googleapis.com/v1/thumbnail?panoid=dzc92VFhdmO1W18zIpyXxg&cb_client=search.gws-prod.gps&w=800&h=500&yaw=190.1887&pitch=0&thumbfov=100,50.01605199999999,19.9512825,,"szkoła karate dla dzieci, Kraków",6,,Pod dachem,Zajęcia sportowe,w środku,,Kraków i okolice,5.2,treningi,Sztuki walki,
ChIJ4Zs9fghbFkcRTqa2oY4rS-k,Krakowski Klub Karate Kyokushinkai,Karate school,Kremerowska 3,Kraków,Kraków,5,5,+48 12 634 08 49,,https://lh3.googleusercontent.com/gps-cs-s/AHRPTWkCfjpOeOQAhGXXGchiQXJVeEaNEIuKPR0CD1jXFOD_PKqwUbc1x6-ltzM7yQUeKKzD8OftA7r_p7D9jROrs9yTyKlDudi7AQRdK4ggCK11bxT9GlZCDk7OMnzLpyoV00bCt8791g=w800-h500-k-no,50.0680308,19.9306222,,"szkoła karate dla dzieci, Kraków",6,,Pod dachem,Zajęcia sportowe,w środku,,Kraków i okolice,0.8,treningi,Sztuki walki,
ChIJGw3UQINHFkcRNMAv_El36wE,Akademia Tradycyjnego Karate Niepołomice,Karate school,Grunwaldzka 15D,Niepołomice,Niepołomice,4.9,77,+48 12 346 42 00,http://www.karateniepolomice.pl/,https://lh3.googleusercontent.com/gps-cs-s/AHRPTWk9jR1G-xUOy8b_WuiamSmMnfRTOJP9qertPBnJz-M5cWq3v8nS0BzvL7TSrlBsMytlEpmmwQnhu1_vA0QeOaKa4_xKqdg3xUSGZG919oW5TvEDxopYBh1yTRxBAty3aKHy53tH=w800-h500-k-no,50.032463,20.2090492,,"szkoła karate dla dzieci, Kraków",6,,Pod dachem,Zajęcia sportowe,w środku,,Kraków i okolice,19.7,treningi,Sztuki walki,
ChIJpf3qmfFFFkcRF4vG2s-JAp0,Krakowskie Centrum Taekwon-do (Bieńczyce),Martial arts club,Osiedle Niepodległości 3,Kraków,Kraków,5,68,+48 530 000 104,http://www.kct.pl/,https://lh3.googleusercontent.com/gps-cs-s/AHRPTWn2YFKS208pBHKSwVJmp5W-H20iTA4BpQM3hGiQtaqP9opIb4EgR5buR3ME4sp7slv4QlmBT5jayErquR44K_uiKJs-JLu2M0FfF0W_c8vsSLilqvLDIOzR61N0tKLfq7L-A_di=w800-h500-k-no,50.082315,20.022631,,"szkoła karate dla dzieci, Kraków",6,,Pod dachem,Zajęcia sportowe,w środku,,Kraków i okolice,6.5,treningi,Sztuki walki,
ChIJVVVF4HpDFkcRohJPZNqAr58,Krakowska Akademia Sportu,Martial arts school,Czarnogórska 14,Kraków,Kraków,4.5,22,+48 504 295 123,http://akademiasportu.com.pl/,https://lh3.googleusercontent.com/gps-cs-s/AHRPTWmouNn8VQUZfVgRb8B5Ha0rqFnrK-wBd14CO-mI6anfX-DlhTLd0UP26Io2-f_C0w5o0YXwVfycdGEfYo1mKkE5YbffChrrxnshiLUB6n_m4CvGOXjp8lQ4hyhmWQOC-PYOEi0=w800-h500-k-no,50.0193781,19.971352,,"szkoła karate dla dzieci, Kraków",6,,Pod dachem,Zajęcia sportowe,w środku,,Kraków i okolice,5.3,treningi,Sztuki walki,
ChIJ9dBaEBlbFkcRX9zSkjCXUXg,Kraków Karate – Dojo Okinawa Kempo,Karate school,Aleksandra Lubomirskiego 21,Kraków,Kraków,5,9,+48 609 494 474,https://www.fight-defence-mind.pl/,https://lh3.googleusercontent.com/gps-cs-s/AHRPTWkuX_wo0ETziL0TNHDGS2Da367GQYhmcYNzhyBGWByDwkXCgwXMz7BaG7dy8KdLaIBcNUK5nBEM1YxjLY-IiF9_nVGWD-_3bqgg9Yk7BKEZ3v2kaMCL1Pm_Uq6DS-ZuHkd5bUvMtw=w800-h500-k-no,50.06751209999999,19.9532412,,"szkoła karate dla dzieci, Kraków; zajęcia mama i dziecko, Kraków",6,,Pod dachem,Zajęcia sportowe,w środku,,Kraków i okolice,1.3,treningi,Sztuki walki,
ChIJh8Ja4wxbFkcRSUYPgYFmBiE,Kyokushin Karate SECTION SMOLEŃSK,Karate school,Smoleńsk,Kraków,Kraków,5,8,,,https://lh3.googleusercontent.com/gps-cs-s/AHRPTWkxM7QwxzHWaXZR-QHXoY_KUcmaIxEI7sccPBr7LDw6B24X9HegDgBLJWpdJfWtwZMrIebmS3DFqCN4sDvJL11zDiqhPejTOcUZADGLCSn19CCSY1FeM8QPbpngoeMkBccn0Q-b=w800-h500-k-no,50.0594095,19.93189,,"szkoła karate dla dzieci, Kraków",6,,Pod dachem,Zajęcia sportowe,w środku,,Kraków i okolice,0.5,treningi,Sztuki walki,
ChIJUWaPbl5bFkcRqR5IrSdczeI,"Klub Karate Kyokushin MDK ""DH""",Educational institution,Władysława Reymonta 18,Kraków,Kraków,5,11,+48 531 366 311,http://www.mdk-dh.krakow.pl/dzial-imprez-sportu-i-rekreacji/35-karate-kyokushin,https://streetviewpixels-pa.googleapis.com/v1/thumbnail?panoid=xVHmLm9ZMhGjRQdejMnpXg&cb_client=search.gws-prod.gps&w=800&h=500&yaw=199.64273&pitch=0&thumbfov=100,50.0652054,19.9143543,,"szkoła karate dla dzieci, Kraków",6,,Pod dachem,Zajęcia sportowe,w środku,,Kraków i okolice,1.7,treningi,Sztuki walki,
ChIJk1KojrRbFkcRi-ko_4I14O8,Wielicki Klub Karate Kyokushinkai sekcja Azory,Karate school,Józefa Chełmońskiego 24,Kraków,Kraków,5,10,+48 604 473 380,https://www.wkkk.pl/,https://lh3.googleusercontent.com/gps-cs-s/AHRPTWkivVRPjSZeE3n3Ih4GvUWiDXT1n3AAhyphI3Z4od9J3FCJhQnJ-3HY7vRKE64G9m1wBP8gduu0c2B6KWlYhd1xI4LRvavXoJXS_GRtCf6iu_k0Zue_aA8C3R9V_GQ-RTU_Cgw=w800-h500-k-no,50.0870043,19.9135075,,"szkoła karate dla dzieci, Kraków",6,,Pod dachem,Zajęcia sportowe,w środku,,Kraków i okolice,3.3,treningi,Sztuki walki,
ChIJ89zTIJVFFkcR4CqYySQdbp8,Krakowski Klub Jiu Jitsu Banzai,Martial arts school,"Szkoła Podstawowa nr 86, Os. Jagiellońskie 18",Kraków,Kraków,4.9,59,+48 515 076 547,http://www.banzaijiujitsu.pl/,https://lh3.googleusercontent.com/gps-cs-s/AHRPTWmC70nnrFttaRqWj1aIULedZUFF6vLZziYo1-6YRa5uw3Z3n178POs_FHbGZe2laoqpH4lNkJ8uUkE6Mt4rPY1i0z7pUUdZwpMxZ76_AOh9fj7dhx5IiM6YhShssBNb7wxLAHuEYQ=w800-h500-k-no,50.0847817,20.0273414,,"szkoła karate dla dzieci, Kraków",6,,Pod dachem,Zajęcia sportowe,w środku,,Kraków i okolice,6.9,treningi,Sztuki walki,
ChIJj5gdHURFFkcRo9IRF1dW2so,Rehabilitacja & Kung Fu Sp. z o. o.,Martial arts school,Grochowska 19,Kraków,Kraków,4.8,12,+48 691 342 440,http://www.tygrys.org.pl/,https://lh3.googleusercontent.com/gps-cs-s/AHRPTWk_OBjOYQFKwcPZr7fqG1kdineD4wE9_Zrq0nNT80Cg0zVZLhQh_GXwNdS2tlsRLi8AyM-rGggFoIO8gZKIq9FJ2e_VhI3v0TmYjFhT5biblpg58KW1WL8f6z39L0cnTc1bh5bSOQ=w800-h500-k-no,50.073217,19.96142,,"szkoła karate dla dzieci, Kraków; zajęcia mama i dziecko, Kraków",6,,Pod dachem,Zajęcia sportowe,w środku,,Kraków i okolice,2.1,treningi,Sztuki walki,
ChIJbesmWUtaFkcRp-j78zCERIU,Krakowskie Centrum Taekwon-do,Martial arts club,Franciszka Bujaka 15,Kraków,Kraków,5,53,+48 530 000 104,http://www.kct.pl/,https://lh3.googleusercontent.com/gps-cs-s/AHRPTWnnXNmKJhpsZAXBWA3fti_3ghdUFWsI8w06fgzqtp0Q63lVPODMTtUu1MpJLRV3aRrXNkzLj440rj1yF1WSVS0Zz-2fqfXftcM4tVz2z9YOqS6Dne_i0adGzSNjvVLTNC_3QOwa9g=w800-h500-k-no,50.0105374,19.950413,,"szkoła karate dla dzieci, Kraków",6,,Pod dachem,Zajęcia sportowe,w środku,,Kraków i okolice,5.8,treningi,Sztuki walki,
ChIJlSWmjhBbFkcR7dUIzol9Pow,Centrum Sztuk Walki,Martial arts school,Odmogile 1C,Kraków,Kraków,5,32,+48 501 615 959,https://www.facebook.com/CentrumSportowWalkiKrakowNH/,https://lh3.googleusercontent.com/gps-cs-s/AHRPTWnK0VgtnTXnFqfghuYiyucOXKSMFqUNBTQAl76gjTG2sjNmTbaxH3WyPZwA8lgs0idG2TZEjIyRgtlnqKkQEW6zN4mqS_iY-__PCiBTYFQBCEKQUylcR88U6bbHWoSFONMSmomEfg=w800-h500-k-no,50.0847207,20.0441902,,"szkoła karate dla dzieci, Kraków",6,,Pod dachem,Zajęcia sportowe,w środku,,Kraków i okolice,8.1,treningi,Sztuki walki,
ChIJBZYS495DFkcRISXrNoMUwyw,"Wielicki Klub Sportowy ""Oyama""",Karate school,Henryka Sienkiewicza 26,Wieliczka,Wieliczka,4.5,42,+48 665 802 214,https://karate-wieliczka.pl/,https://lh3.googleusercontent.com/grass-cs/ACvplmMwLXh66Q9nn0KX71UK6QF-XxbZEVEXMlVk7Rxu6FJuvY1RXQgEkd-wYpF7IcHwpAs245gGue-PdIP-BLZaFDDnswpqjwW6dhrhC4rB8Qx9qptYjqvtpltP4z50hZPSE6vZCyhpY0Tb1C9v=w800-h500-k-no,49.9843223,20.0667078,,"szkoła karate dla dzieci, Kraków",6,,Pod dachem,Zajęcia sportowe,w środku,,Kraków i okolice,12.6,treningi,Sztuki walki,
ChIJ06voXl1HFkcRQkL86xZoUMk,Krakowskie Centrum Karate Tradycyjnego,Sports club,Ćwikłowa 1,Kraków,Kraków,4.3,4,+48 507 115 655,http://www.karatecentrum.pl/,https://streetviewpixels-pa.googleapis.com/v1/thumbnail?panoid=QFRdCj4CLgxPmfwfue6wWQ&cb_client=search.gws-prod.grass&w=800&h=500&yaw=85.97397&pitch=0&thumbfov=100,50.0358686,19.8891917,,"szkoła karate dla dzieci, Kraków",6,,Pod dachem,Zajęcia sportowe,w środku,,Kraków i okolice,4.5,treningi,Sztuki walki,
ChIJP7RhJ8RDFkcRaJ8g5kmlGig,Wielicki klub karate Kyokushinkai.,Martial arts school,Karola Demczuka,Wieliczka,Wieliczka,4.9,51,+48 603 884 999,http://wkkk.pl/,https://lh3.googleusercontent.com/grass-cs/ACvplmOGvyjn3vhnKzENg4bXYLCe3sdwhIdGNXwrp1lXPtFwpY-yPxK-WQZX8adkP0ALvTj77I87V9CB_nPtcsh3Tged0bSqHQ7pc54YLP0tNPhKh1Bc7qr8mk4MQ50Yq9tQ9II25y1kaw=w800-h500-k-no,49.989858,20.0392271,,"szkoła karate dla dzieci, Kraków",6,,Pod dachem,Zajęcia sportowe,w środku,,Kraków i okolice,10.8,treningi,Sztuki walki,
ChIJLRQI9F1bFkcR_IJ4UDGGVqk,OYAMA KARATE - KICKBOXING - MATECZNY,Karate club,Krasickiego 34,Kraków,Kraków,3,2,,http://koyama.pl/,https://lh3.googleusercontent.com/grass-cs/ACvplmPWjPyFOwT1ReRO5xIFMSUTCTqLEHqR816WnVUyLNaNI0NVfp2ECahKs3ygcLuUgWJvtMDf-frBJMk4vSY-G_fvommBpUEUqm-GdYBUPFSPgESWZS08rVyDCpWG_t2Ohd2sJdSqwA=w800-h500-k-no,50.0409478,19.9396119,,"szkoła karate dla dzieci, Kraków",6,,Pod dachem,Zajęcia sportowe,w środku,,Kraków i okolice,2.3,treningi,Sztuki walki,
ChIJoVKLCQBbFkcRUX1JgMciNdc,Dojo Forty Kleparz - Akademia Karate Tradycyjnego Niepołomice-Kraków,Recreation center,Kamienna 2,Kraków,Kraków,,,+48 533 508 499,http://karatedo.krakow.pl/dojo-forty-kleparz/,https://streetviewpixels-pa.googleapis.com/v1/thumbnail?panoid=D2CJOCzTZuyGo98oWsDgDw&cb_client=search.gws-prod.grass&w=800&h=500&yaw=264.12875&pitch=0&thumbfov=100,50.0746715,19.9384657,,"szkoła karate dla dzieci, Kraków",6,,Pod dachem,Zajęcia sportowe,w środku,,Kraków i okolice,1.4,treningi,Sztuki walki,
ChIJFROIqYtFFkcRAbnO5EVjntE,Banzai Jiu Jitsu - zajęcia sportowe dla dzieci,Martial arts school,"III High School, Os. Wysokie 6",Kraków,Kraków,5,25,+48 510 549 521,http://www.banzaijiujitsu.pl/,https://lh3.googleusercontent.com/grass-cs/ACvplmNt7Wd_SjxOHaekGzVRUgD-VpjYAkLlWR0N8sKKvTJjsdIlh1FkGpWt5pRZ8nDFYflcIFbyNdG9Ka5Zorv7cbp4eC-3xtJxbuQjQufk1BkLef3TaFnrXjIRmJYSLQM2xlndCWv_goo0lpJl=w800-h500-k-no,50.0891811,20.018166,,"szkoła karate dla dzieci, Kraków",6,,Pod dachem,Zajęcia sportowe,w środku,,Kraków i okolice,6.5,treningi,Sztuki walki,
ChIJ1xT7rP1bFkcRALmNVQJoWwg,Banzai Jiu Jitsu - zajęcia sportowe dla dzieci,Martial arts school,Batalionu “Skała” AK 12,Kraków,Kraków,5,8,+48 606 492 923,https://www.banzaijiujitsu.pl/,https://lh3.googleusercontent.com/grass-cs/ACvplmMx57YEvSINCV1UVF5qWXp34R_5NSBfKGKq_vgmznZ0B37jBZO0AsXIwsP-8h9Z556xnu2gr3awo7G1IMMm3162naJqy43T79o2wGuqejS-FOXH9Z4znvRjsgp13D4t64FpWz89rtJEJsyb=w800-h500-k-no,50.0897638,19.9228954,,"szkoła karate dla dzieci, Kraków",6,,Pod dachem,Zajęcia sportowe,w środku,,Kraków i okolice,3.3,treningi,Sztuki walki,
ChIJdeNowdZaFkcRs9d-S6rAxeY,Szkoła Sztuk Walki Polska Organizacja Shorinji Kempo,Martial arts school,Łąkowa 31,Kraków,Kraków,5,10,,http://www.shorinjikempo.pl/,https://lh3.googleusercontent.com/grass-cs/ACvplmNxHAlL9r8biTllogHfRolcDDtC4k2H62Lr2E322yelQG30XR94q3HHiGXfwVM1naxo6kBMIJJfb0-oJ3fINL99RjGA0TbUDRPfEEVN88awwI-YPivf0KWqAHTFKLfweel8Q7-Cbw=w800-h500-k-no,50.0738028,19.9847105,,"szkoła karate dla dzieci, Kraków",6,,Pod dachem,Zajęcia sportowe,w środku,,Kraków i okolice,3.6,treningi,Sztuki walki,
ChIJDfY5rV9aFkcRmOXBaemQJEQ,Aiki Jujutsu Okuyama Ryu. Szkoła japońskich sztuk walk.,Martial arts school,"Budynek SCKM, Hieronima Wietora 15",Kraków,Kraków,5,5,,http://okuyama-ryu.pl/,https://lh3.googleusercontent.com/grass-cs/ACvplmMUfLce-byEg81PGA9w6Uk0e8Sg5pwTGTUA3Ii6hiGpACKu_Hyv6GTGtEYIr23ijyZCF5nAHXQPjmhP3e36TC6mqAajij6VhuvZdZzlNqkYrfSlYMWgxX4wmEvcYBxWPL0Q368x=w800-h500-k-no,50.0460113,19.9412568,,"szkoła karate dla dzieci, Kraków",6,,Pod dachem,Zajęcia sportowe,w środku,,Kraków i okolice,1.8,treningi,Sztuki walki,
ChIJ91NgUqpbFkcR7lszB2WwGJU,UKS Judo Kraków,Judo club,Opolska 37,Kraków,Kraków,4.6,52,+48 602 427 007,http://uksjudokrakow.pl/,https://lh3.googleusercontent.com/grass-cs/ACvplmNcK5d1fCuROFQ3opk8zJCdP-JulNHIqmHlzYj5B_ZP3d5t0JIPozni0WkSOvkT8UzuWeBvSf-GkN4znM1P0MQl_6Qk06DfpkVvAYXxCqI6UMFikIfz8Ta7j_xL3a9-_PwSLUY=w800-h500-k-no,50.0908514,19.9265492,,"szkoła karate dla dzieci, Kraków",6,,Pod dachem,Zajęcia sportowe,w środku,,Kraków i okolice,3.3,treningi,Sztuki walki,
ChIJE5rDxPpDFkcR9YAZnYCkCz8,Szkoła Karate Shotokan Samuraj - Kraków Czarnogórska,Martial arts school,Czarnogórska 14,Kraków,Kraków,,,+48 509 536 339,https://www.samuraj.com.pl/szkola/krakow,https://lh3.googleusercontent.com/grass-cs/ACvplmN2PrL2eRyHplFX7xbCt2jbEY5tkhxE3tWNmMEkrl68jndVqSkODKXs0kuCmL2VRiqRQmq2AU6gqC7rD8Pkv82tnxfHvkiqDI-TRKZZtePr-gWuPCx6skX1_7nD9gtUEcOmi5-LXudBxhq5=w800-h500-k-no,50.0193781,19.971352,,"szkoła karate dla dzieci, Kraków",6,,Pod dachem,Zajęcia sportowe,w środku,,Kraków i okolice,5.3,treningi,Sztuki walki,
ChIJ50eRWgBdFkcR4E2DrdK16vo,Krakowskie Centrum Taekwon-do (Łagiewniki),Martial arts club,Franciszka Bujaka 15,Kraków,Kraków,4.9,13,+48 530 000 104,http://www.kct.pl/,https://lh3.googleusercontent.com/grass-cs/ACvplmO298OIVOnDbjqEYaum7W75oKfERYSUv8_L46pBCch2ze1r0pYRAdye0ZOVxS-odN9ar8IsGMTMd-NCoL3t3OTEhcIc_ArPgO3T1T3oqvLofAetb0pO-husaUQGwPhzZSDNGGc=w800-h500-k-no,50.010945,19.9521224,,"szkoła karate dla dzieci, Kraków",6,,Pod dachem,Zajęcia sportowe,w środku,,Kraków i okolice,5.7,treningi,Sztuki walki,
ChIJo5o2rOpbFkcR-UoVTC_f8GY,"Troyan Studio - Boks, Kickboxing, Muay Thai - Kraków",Martial arts school,Wrocławska 41,Kraków,Kraków,5,110,+48 665 996 184,https://troyan.studio/,https://lh3.googleusercontent.com/grass-cs/ACvplmPMQEKDKWH2fT7KNj8qLTsmfuxG3DOnVGPu6hpms9nGkcwiP8p-zjRauMDMjGeauc6ThlF-uRbXEEufTG12gpK7ZSGHg2KJhOuxhb_VyX0ClWZx55YBCLAWkx2tTh_piOM9J3zGZO0Vldg=w800-h500-k-no,50.0785542,19.9255673,,"szkoła karate dla dzieci, Kraków",6,,Pod dachem,Zajęcia sportowe,w środku,,Kraków i okolice,2.1,treningi,Sztuki walki,
ChIJ76D7VWpbFkcRe0k7m0s14pc,Polska Federacja Seido Karate,Martial arts school,Miodowa 17,Kraków,Kraków,,,+48 609 875 001,https://seidopoland.com/osrodki,https://streetviewpixels-pa.googleapis.com/v1/thumbnail?panoid=LvRWcRqFJ9dHYiI80OiT5g&cb_client=search.gws-prod.grass&w=800&h=500&yaw=142.26202&pitch=0&thumbfov=100,50.05243,19.9439369,,"szkoła karate dla dzieci, Kraków",6,,Pod dachem,Zajęcia sportowe,w środku,,Kraków i okolice,1.1,treningi,Sztuki walki,
ChIJhXOgxj9bFkcRwskFDosQaHo,Szkoła Karate Samurai Shotokan – sekcja Kraków,Martial arts school,Malborska 98,Kraków,Kraków,3.7,3,+48 509 536 339,https://www.samuraj.com.pl/szkola/krakow,https://streetviewpixels-pa.googleapis.com/v1/thumbnail?panoid=rbTikEqI_NhdN5I6qAm0oA&cb_client=search.gws-prod.grass&w=800&h=500&yaw=336.87366&pitch=0&thumbfov=100,50.0227032,19.9651992,,"szkoła karate dla dzieci, Kraków",6,,Pod dachem,Zajęcia sportowe,w środku,,Kraków i okolice,4.8,treningi,Sztuki walki,
ChIJIXidkclDFkcRsjHoh4oAoyE,Yagiza Judo Kraków (oddział Bieżanów-Prokocim),Judo club,"Telimeny, XXV LO 9",Kraków,Kraków,5,11,+48 516 410 161,https://www.yagiza-judo.pl/,https://lh3.googleusercontent.com/gps-cs-s/AHRPTWk3MI04hCFaUukydnyxrPQl7QAQehs1BBnz5nvKgOdEQYUJoteZDVCKFXhOJVegPJCCPwaV6JYS8aJD2580chgpYntkMkfXuArj2GbJkO459qXOwv4_uPURwwplASXWS18Kl7KqB_neYdVS=w800-h500-k-no,50.0195996,20.0164071,,"klub judo, Kraków",6,,Pod dachem,Zajęcia sportowe,w środku,,Kraków i okolice,7.3,treningi,Sztuki walki,
ChIJ68RFVAdDFkcRBd9vBHpQocc,Decimus Kraków - Klub Judo filia Tuchowska,Judo club,Tuchowska 113,Kraków,Kraków,4.9,10,+48 880 826 377,https://www.decimuskrakow.pl/,https://lh3.googleusercontent.com/gps-cs-s/AHRPTWnuncGCXzIFRk_HYCbbf4oIp5n70OWowdfjvCxIpT2gmprdqNur8VHFatgmmbnu9U1TCL058wuPtow_lKpv-kS2gLAyvjjkQNmzvyvfXUDSxJcX9v_JreL_Kvo3PxyqIGLx-5y7MlztN3Y=w800-h500-k-no,49.9912787,19.9720871,,"klub judo, Kraków",6,,Pod dachem,Zajęcia sportowe,w środku,,Kraków i okolice,8.2,treningi,Sztuki walki,
ChIJ83GcJKVbFkcR1-tL6GusOto,Ronin Judo Kraków,Judo club,"Zespół Szkolno-Przedszkolny nr 12, Księdza Józefa Meiera 16D",Kraków,Kraków,5,2,+48 502 890 801,https://www.judoronin.pl/,https://lh3.googleusercontent.com/gps-cs-s/AHRPTWkLtz4XSud4e633F-colB6yjZMC3lq1IPhWeW5grgMfvF8ipuTrPayCC6Xd8MCqq7iQ1HUvBLEZR2DZYJjalDc5jTYbr0yZqFPzczVyivg0tOSq_6eKJ7A21JjiTiG0sbKiu3SK=w800-h500-k-no,50.0989031,19.9641819,,"klub judo, Kraków",6,,Pod dachem,Zajęcia sportowe,w środku,,Kraków i okolice,4.6,treningi,Sztuki walki,
ChIJb0Qx0rZFFkcR7yS0V9qH4RY,Ronin Judo Kraków,Judo club,"Szkoła Marcina Gortata, osiedle Kościuszkowskie 2a",Kraków,Kraków,5,2,+48 530 010 707,https://www.judoronin.pl/,https://lh3.googleusercontent.com/gps-cs-s/AHRPTWlVkmR1xMfkdOsfkLFO-ZKamPukl9wgBr-iXy7TEjVrq9brlTntQqKPgRPeTf2C3BAIRTWcv2WUW1M-T95k2u_MIXbcer01Hs0yk27xrk8qJr6ouky4-P4KqDADECcimJuTIF08zA=w800-h500-k-no,50.08475929999999,20.0174816,,"klub judo, Kraków",6,,Pod dachem,Zajęcia sportowe,w środku,,Kraków i okolice,6.3,treningi,Sztuki walki,
ChIJS9dyyZBcFkcR-zMfxLOCOy0,Judo Kodokan - Dawid Szymkowiak,Judo club,Ruczaj 40/9,Kraków,Kraków,5,2,+48 508 117 202,https://www.judokodokan.pl/,https://lh3.googleusercontent.com/gps-cs-s/AHRPTWmnkTimFLBvszAu-uvbmcL8WWvjvMPNM1Gk8sYmH-Y0wtHj_cYMPalloiNGBlIaJ6RF9VGjxxYzmLjfFgKz_tTzi6N3pjZ80to7HTLmKI6cOX_fAz5u0rQJ-oqmrG8W8RSdsHZ1Rg=w800-h500-k-no,50.02589469999999,19.9192873,,"klub judo, Kraków",6,,Pod dachem,Zajęcia sportowe,w środku,,Kraków i okolice,4.2,treningi,Sztuki walki,
ChIJ8ahr7F9bFkcR_rZc4Q3mhBQ,Yagiza Judo Kraków (oddział Bronowice),Judo club,Na Błonie 15d/SP 153,Kraków,Kraków,5,2,+48 660 538 030,https://www.yagiza-judo.pl/,https://lh3.googleusercontent.com/gps-cs-s/AHRPTWkf7u3VTg_LBzxAlI_mCe31gLlaAmfCo_qh5r1dMyIOlLIGKH0az_-naoHJM6IJ5GYblK0Bp6VbniW04bFadXtf6zxv6q8LunH2WCWNpnwViJVmcGQCt-OyDbYxhMB5KYaKLIMVjcGICyxs=w800-h500-k-no,50.07736149999999,19.8842372,,"klub judo, Kraków",6,,Pod dachem,Zajęcia sportowe,w środku,,Kraków i okolice,4.2,treningi,Sztuki walki,
ChIJ4V9fJyhaFkcRV17E23UGOc4,Klub Sportowy Judo,Club,Ojcowska 41,Kraków,Kraków,3,1,+48 602 427 007,,https://streetviewpixels-pa.googleapis.com/v1/thumbnail?panoid=cDHCtjzvWGDli-o7EyIoVQ&cb_client=search.gws-prod.gps&w=800&h=500&yaw=217.91599&pitch=0&thumbfov=100,50.0963329,19.8829708,,"klub judo, Kraków",6,,Pod dachem,Zajęcia sportowe,w środku,,Kraków i okolice,5.5,treningi,Sztuki walki,
ChIJCWUJlRRbFkcRamF6dz0kWHk,Decimus Kraków - Klub Judo filia Pękowicka,Judo club,Pękowicka 74,Kraków,Kraków,5,1,+48 880 826 377,https://www.decimuskrakow.pl/,https://lh3.googleusercontent.com/gps-cs-s/AHRPTWnm5YnrF5qRt4Znm2xld4Z2Nx4zroPrzsAevXVa4E1jp-LLAeRgQPmL2cYo6oT7Kiqn3G82sasnsjzVhJIvpyBxMf63jc-gIzomgR2CxERLyVtbLrTOK2kWP69giY6J8GtT1rNjwwfKgSE=w800-h500-k-no,50.0993601,19.9181378,,"klub judo, Kraków",6,,Pod dachem,Zajęcia sportowe,w środku,,Kraków i okolice,4.4,treningi,Sztuki walki,
ChIJtVWoa-VdFkcRgJdMQVBZg5s,Ippon Judo - Filia Ruczaj - Szkoła sportowa dla dzieci,Sports club,Pszczelna 13,Kraków,Kraków,4.3,6,+48 730 300 590,http://ippon-judo.pl/,https://lh3.googleusercontent.com/gps-cs-s/AHRPTWmt-7BRkjqtWVvVSxd6bXfUeV8SGQy0b-zz73PRZWrsDTp6_zXfgY07fya_iQi4C06o1DFN9YFdsdrwG3fw4PeaI9m6tp8aBLCwj_v7dE8-y8bXYAWTQ8bB33ei8_Rmh8SAKe2FfjK947V4=w800-h500-k-no,50.026049,19.9156286,,"klub judo, Kraków",6,,Pod dachem,Zajęcia sportowe,w środku,,Kraków i okolice,4.2,treningi,Sztuki walki,
ChIJ5W8EdW5FFkcRefSPeoB-y_A,Jiu Jitsu Banzai,Martial arts school,Myśliwska 64,Kraków,Kraków,5,47,+48 515 076 547,http://www.banzaijiujitsu.pl/,https://lh3.googleusercontent.com/gps-cs-s/AHRPTWnwqd4OeRjBLnOH2gQSI6Kl0W-D-3VWAtz0E-RJxj4QhkDdy-RRlyw0rIhU0ejg8Tfxbyr6zx0TPiAiejFWgOfw7fPfvMaTzqTzAMa1aNxiVK4cJ3E0bZxIH0xDdcxqgslou68oig=w800-h500-k-no,50.0459723,19.9928232,,"klub judo, Kraków",6,,Pod dachem,Zajęcia sportowe,w środku,,Kraków i okolice,4.3,treningi,Sztuki walki,
ChIJH485W6hdFkcR_JrezcoeFXY,Ippon Judo - Filia Skotnicka - Klub sportowy dla dzieci,Sports club,Skotnicka 86,Kraków,Kraków,,,+48 730 300 590,https://ippon-judo.pl/,https://lh3.googleusercontent.com/gps-cs-s/AHRPTWkcvtt85tAksjKPsSGhyw_kanNG0DxEey7tGlGgvdcWKDl4C_k8MsTpnR0SpaoxGJJ2hLVQ7SU-ev-mp99kGmVGcoKLDz4v3cl7okuL2y_PZn0qOqNd5cE-TEly-MHKS3rEjz4e3gLzoMHH=w800-h500-k-no,50.0167162,19.8735345,,"klub judo, Kraków",6,,Pod dachem,Zajęcia sportowe,w środku,,Kraków i okolice,6.8,treningi,Sztuki walki,
ChIJk69AK3lbFkcRAOQu88z6PKk,Ippon Judo - Filia Nowa Huta - Szkoła sportowa dla dzieci,Sports club,Osiedle Oświecenia 30,Kraków,Kraków,,,+48 730 300 590,https://ippon-judo.pl/,https://lh3.googleusercontent.com/gps-cs-s/AHRPTWnkr9uSFDIOvKOcDGKnlDeK05NB9QmHw6OELZ1QozdO4AIAZFJ2gOd3Cjzcs525UnM_Qj_RFSrP3kHyj-_WPlhsgQrR2DrDQm2XPe328ls10u1Qtkdaw3o4Cg0lQqmDpH1W50DZhr4Q-SOl=w800-h500-k-no,50.0900671,19.9896102,,"klub judo, Kraków",6,,Pod dachem,Zajęcia sportowe,w środku,,Kraków i okolice,4.9,treningi,Sztuki walki,
ChIJr-FiaGNdFkcRogvIS_J4znM,Ippon Judo - Filia Kliny - Zajęcia sportowe dla dzieci,Sports club,Profesora Wojciecha Marii Bartla 29,Kraków,Kraków,,,+48 730 300 590,https://ippon-judo.pl/,https://lh3.googleusercontent.com/gps-cs-s/AHRPTWmDSwhxlStfLkLRgtCAL06l7gQGneeBYu-lhNAKy3BWfw_ddAas-kMjCrDgx4XxOcGTSFBFQVJijLz_z5Cb4TC68Neg2grbeL8WXBBemOdKR5Mi6Q4Pm6YM2aUY1sdm7ypbJqX1qXY2wlA=w800-h500-k-no,49.9978353,19.8961712,,"klub judo, Kraków",6,,Pod dachem,Zajęcia sportowe,w środku,,Kraków i okolice,7.7,treningi,Sztuki walki,
ChIJSYDePIVDFkcRVe1Arb2EyuA,Rajskie Dojo,Judo club,Władysława Bełzy,Kraków,Kraków,,,+48 880 826 377,https://www.decimuskrakow.pl/,https://lh3.googleusercontent.com/grass-cs/ACvplmP9qVuyW3165ZdhbPl0C8obUN5qt6_1iuOPIKyzlbH7xLH9A8z9PB_L-V48WcBfk0riSOxlMn0ird_CnF9qdGW8AoK2RKLECXpmpOn7FgZ0NSIU3ZyWieQIYLzrT_20iwrAC0JGdxBSyhBJ=w800-h500-k-no,49.9879158,19.9743401,,"klub judo, Kraków",6,,Pod dachem,Zajęcia sportowe,w środku,,Kraków i okolice,8.6,treningi,Sztuki walki,
ChIJ3UbVWuNFFkcRNvRJz18dinc,Ippon Judo - Filia Złocień - Klub sportowy dla dzieci,Sports club,"Szkoła Podstawowa nr 20, Agatowa 41",Kraków,Kraków,,,+48 730 300 590,https://ippon-judo.pl/,,50.0234151,20.0449868,,"klub judo, Kraków",6,,Pod dachem,Zajęcia sportowe,w środku,,Kraków i okolice,8.8,treningi,Sztuki walki,
ChIJFZSEWaZdFkcRCnq2Fsv0iyw,Ippon Judo - Filia Skośna - Zajęcia sportowe dla dzieci,Sports club,"Szkoła Podstawowa nr 53 im. gen. J. H. Dąbrowskiego, Skośna 8",Kraków,Kraków,,,+48 730 300 590,https://ippon-judo.pl/,,50.0112971,19.8997577,,"klub judo, Kraków",6,,Pod dachem,Zajęcia sportowe,w środku,,Kraków i okolice,6.2,treningi,Sztuki walki,
ChIJD4xfpJpdFkcRUgkM-S0Z0OA,Ronin Judo Kraków,Judo club,Stanisława Wyspiańskiego 5,Skawina,Skawina,,,+48 502 890 801,https://www.judoronin.pl/,https://streetviewpixels-pa.googleapis.com/v1/thumbnail?panoid=ATmWKSGI1jzs2H_bI1WyTQ&cb_client=search.gws-prod.grass&w=800&h=500&yaw=112.016266&pitch=0&thumbfov=100,49.9714188,19.8537798,,"klub judo, Kraków",6,,Pod dachem,Zajęcia sportowe,w środku,,Kraków i okolice,11.7,treningi,Sztuki walki,
ChIJAQBczR5DFkcRgcv5kvAaeMk,MKS CM Jordan Kraków,Judo school,Tuchowska 113,Kraków,Kraków,5,4,+48 502 997 884,http://uksmaximus.pl/,https://lh3.googleusercontent.com/grass-cs/ACvplmN1kbKvt8baYoggUnRT2wNlhS9nKkyjvbIob-bG5rXbWEY_DZ2NM_yTGTYMJUJ5eNiWLYKHrMw6VFLfNp0ffyj9K60JikhZe3ETtPLqPJQ2FulHKLAMAcmHCiqtI6q-g1JuQAsC=w800-h500-k-no,49.9912854,19.9720588,,"klub judo, Kraków",6,,Pod dachem,Zajęcia sportowe,w środku,,Kraków i okolice,8.2,treningi,Sztuki walki,
ChIJpQLaM1dbFkcR0RtIw92h7Ns,UKS MAXIMUS,Martial arts school,Na Błonie 15d,Kraków,Kraków,5,21,+48 502 997 884,https://www.uksmaximus.pl/,https://lh3.googleusercontent.com/grass-cs/ACvplmMr3jLRzayU_t8OrYibEC4oh0SzSPL3p3r0SFxoQfMPrKxFVoLMtFdBLKlRP6lM7ZtglcMYTCbWB663HUAkY99Kd2dJ0PpOGlVbjpfPz9afcwuBl8nRzByA-ayzNIQCJa3I1uQs=w800-h500-k-no,50.077377,19.8841141,,"klub judo, Kraków",6,,Pod dachem,Zajęcia sportowe,w środku,,Kraków i okolice,4.2,treningi,Sztuki walki,
ChIJAwGUwlpbFkcRkNSyHKNZmGM,Diamond Kraków – Akademia Futbolu,Soccer club,Parkowa 12a,Kraków,Kraków,4.9,14,+48 516 293 775,http://akademia-diament.pl/,https://lh3.googleusercontent.com/gps-cs-s/AHRPTWmdVhh1yv72S62KVWVLxBfN8pbbx2lNvc_bDyiQpq6f79XqBmsqnJChvGFVc4KDMjMmboWvmUfAo4hsbdT29W-g7_917AsbRDc1AVL6ErdD8-6WpH-BcW8oC710pUnRHxPUMO6G=w800-h500-k-no,50.0406243,19.9512741,,"akademia piłkarska dla dzieci, Kraków",6,,Pod dachem,Zajęcia sportowe,w środku,,Kraków i okolice,2.5,treningi,Piłka nożna,
ChIJb7PqmNBcFkcR2A6HTr_pxb0,Podgórska Akademia Sportu – Szkółka Piłkarska | Nauka Jazdy Na Rolkach Kraków,Soccer club,Chmielna 10,Kraków,Kraków,5,205,+48 604 539 841,https://paskrakow.pl/,https://lh3.googleusercontent.com/gps-cs-s/AHRPTWmadAjKVDPv7ibjTzh8OfoFb-jCFsFLk4YG8l5HB2LhF6aIQH8dxZs2EotKfpgFGHeOJXhySq8kEEuBtJqUt9m_9bteJyVtYeGdxCqBhegtAzgfLXPQ7ai866mqhFgrqhkpIT8C8FqUI7w=w800-h500-k-no,50.0142722,19.9468175,,"akademia piłkarska dla dzieci, Kraków",6,,Pod dachem,Zajęcia sportowe,w środku,,Kraków i okolice,5.3,treningi,Piłka nożna,
ChIJi___d09FFkcR6QdpFrBA6EI,Polonia Kraków,Football club,Osiedle Złotej Jesieni 7,Kraków,Kraków,4.9,394,+48 794 654 549,https://poloniakrakow.pl/,https://lh3.googleusercontent.com/gps-cs-s/AHRPTWl_EGEgfrgxFDHWkVhhGT5-88yOPhhlxzALfErypokRHB1nwtyTYN5ZOr01aDEssV4bdKOSzX2Zeiz-9jII5DbWGnzjWIDFLuYA--vx7VdVNuMEXfONTiPHWpUqZFm1BgIk5Z-tCA=w800-h500-k-no,50.0903595,20.0245919,,"akademia piłkarska dla dzieci, Kraków; zajęcia mama i dziecko, Kraków",6,,Pod dachem,Zajęcia sportowe,w środku,,Kraków i okolice,7.0,treningi,Piłka nożna,
ChIJD79_BzFdFkcRAuZc7STcklo,Akademia piłkarska - Victory Football Group,Soccer club,Libertowska 10A,Kraków,Kraków,4.9,16,+48 513 063 601,https://www.facebook.com/profile.php%3Fid%3D61550631261587,https://lh3.googleusercontent.com/gps-cs-s/AHRPTWnHvPa4qqIuf2tKkefpaPGSGifxNUK4nPlmExNcu-8yxWXnuCvOyu0bR8AdJUUOLCvpWj-P8klEF-tmCizI2M0F_aqO9SLv-J3TSPnEiL7hD3KhMHTf9PXsUF_lRPqj1Y0W1oFY=w800-h500-k-no,49.98106689999999,19.8899808,,"akademia piłkarska dla dzieci, Kraków",6,,Pod dachem,Zajęcia sportowe,w środku,,Kraków i okolice,9.6,treningi,Piłka nożna,
ChIJ48iKaVJbFkcRGfmbIRWqhV0,Szkółka piłkarska Prądnik Biały - Football Kids,Soccer practice,Batalionu “Skała” AK 12,Kraków,Kraków,5,6,+48 500 133 123,https://football-kids.com/treningi/krakow/pradnik-bialy/,https://lh3.googleusercontent.com/gps-cs-s/AHRPTWl7JOBthtPmBgsuXSggvzO-BUHFe6FAC80c_ZTzZSmHQgjVG3i5srvMlXXiDk5l82dZwk2FUijn0XabVTL4G9J-uxZ8fegpJpbyRmW1S2G74WwQwcFy3en3O9BqRJIgttRtUYc6ww=w800-h500-k-no,50.0897638,19.9228954,,"akademia piłkarska dla dzieci, Kraków",6,,Pod dachem,Zajęcia sportowe,w środku,,Kraków i okolice,3.3,treningi,Piłka nożna,
ChIJXyTjOlZDFkcRi-wtqRDQpco,Stowarzyszenie Akademia Mistrzów Cracovia,Soccer club,Wielicka 101,Kraków,Kraków,4.2,17,,,https://lh3.googleusercontent.com/gps-cs-s/AHRPTWnWgkHdjP8puwj1POu9IA7Uct8uqH42fjHWvMX35PogmVWgzmQi4V840RegKZWcSXoAdxTBLQwpgkYLL8AnaKVpMgTOgBTJ5Of3zLlVZgmZuRGawGsjQQJX3gpWzARV09qEVpGF=w800-h500-k-no,50.0284869,19.9727211,,"akademia piłkarska dla dzieci, Kraków",6,,Pod dachem,Zajęcia sportowe,w środku,,Kraków i okolice,4.5,treningi,Piłka nożna,
ChIJk8ekdIBPFkcRqzwUAgTHWEo,Akademia Piłkarska Grębałowianka Kraków,Sports club,Grębałowska 12,Kraków,Kraków,4.6,154,+48 668 367 701,http://www.akademiagrebalowianka.pl/,https://lh3.googleusercontent.com/gps-cs-s/AHRPTWns2qsIJDcroLsBXAB4A3paSdmNoAnYoCl-iZW5QUzXPQI5wG4_6AUJwKNMijdugvIS2_Ds-KMoTuE2fto4hRjMOkSTz0aPvVrOB2xY7vLwKyaawNVbzYmSMLh2KLmZjHBQhndk=w800-h500-k-no,50.0962089,20.0743688,,"akademia piłkarska dla dzieci, Kraków",6,,Pod dachem,Zajęcia sportowe,w środku,,Kraków i okolice,10.5,treningi,Piłka nożna,
ChIJj9HDg8lDFkcRWaOhFIG3v0c,Football-Kids Kraków Prokocim - szkółka piłkarska dla najmłodszych,Soccer club,Spółdzielców 5,Kraków,Kraków,5,8,+48 608 483 034,https://football-kids.com/treningi/krakow/prokocim/,https://lh3.googleusercontent.com/gps-cs-s/AHRPTWmYegr2w4Hgme5hizD23lmku46Lu3Un5voJfZq6HdLXt7CoMM6HuAUfXCTCBNbLZHIsv_hCXdx4GQhyie1aniHuESx0x3jQ0c0tYTiiWnh9Sgr1qcxNVtAPUMlbWP2Kz0d6rjvHIQ=w800-h500-k-no,50.0181268,19.9811431,,"akademia piłkarska dla dzieci, Kraków",6,,Pod dachem,Zajęcia sportowe,w środku,,Kraków i okolice,5.8,treningi,Piłka nożna,
ChIJm2OQfyJFFkcR_rAHfBM9mZE,Football Success Academy,Sports club,Tadeusza Ptaszyckiego 6,Kraków,Kraków,5,41,+48 515 618 563,http://fsacademy.pl/,https://lh3.googleusercontent.com/gps-cs-s/AHRPTWkR4PRWjIi-LkGhMQor3KeXcm2_RpqBYI_n9JlSL1HI-khhWtfu1JAOt-BRqENJeqRNdpxFAvMxOGK3juzB3SJ1ZgFj-5mzmNAeZ8wwzTW5YzlVM2SXpGuJximEh7QepL4mC7uD=w800-h500-k-no,50.0644803,20.0586899,,"akademia piłkarska dla dzieci, Kraków",6,,Pod dachem,Zajęcia sportowe,w środku,,Kraków i okolice,8.7,treningi,Piłka nożna,
ChIJJxTULnFFFkcRdD3g0MGPwe0,Akademia Sportu Progres,Sports club,Tadeusza Ptaszyckiego 6,Kraków,Kraków,4.8,6,+48 882 051 070,https://comcomzone.pl/zona/nowa-huta/as-progres,https://streetviewpixels-pa.googleapis.com/v1/thumbnail?panoid=AeNKo0Up5dBtVVIRDihOuQ&cb_client=search.gws-prod.gps&w=800&h=500&yaw=169.6841&pitch=0&thumbfov=100,50.0644803,20.0586899,,"akademia piłkarska dla dzieci, Kraków",6,,Pod dachem,Zajęcia sportowe,w środku,,Kraków i okolice,8.7,treningi,Zajęcia ogólnorozwojowe,
ChIJsTPHULVbFkcR64vNgb3wYDE,"Laboratorium Sukcesu - Profesjonalny piłkarski trening indywidualny Kraków, obozy i półkolonie piłkarskie.",Soccer practice,Na Dołach 4,Kraków,Kraków,5,41,+48 533 045 670,https://laboratoriumsukcesu.pl/,https://lh3.googleusercontent.com/gps-cs-s/AHRPTWkGsYBqLQu1Kdyvlq141vuyV1xaSF0DLRgzP0u3yuT-P0P9-GFEwQLRO-BbeNdYs6b-y-NceX5O_fpxiep6rGKtYQjpLVLgWVpu1dOSbD5zhxQuip6x8X46EWM7P6EzlWDkub8=w800-h500-k-no,50.0460936,19.968238,,"akademia piłkarska dla dzieci, Kraków",6,,Pod dachem,Zajęcia sportowe,w środku,,Kraków i okolice,2.8,treningi,Piłka nożna,
ChIJIccoObpeFkcROJGqrOgeM9M,Akademia Sportu,After school program,Zaogrodzie 30,Kraków,Kraków,4,4,+48 504 897 624,http://akademia-sportu.pl/,https://lh3.googleusercontent.com/gps-cs-s/AHRPTWltxhgTwazJXwsnKG92RZMbFEAbsbSo1qEI0h0TE1rPb9DaKJCGBPaVe9mLN1fr559Gv7zdT1Aeq48QODqAzNpI7-LjiwT3GC0yoykJMUldIjc1n6u8JxGCzxXlWC10ANnhWUMn=w800-h500-k-no,50.04316,19.821516,do weryfikacji (dzieci?),"akademia piłkarska dla dzieci, Kraków",6,,Pod dachem,Zajęcia sportowe,w środku,,Kraków i okolice,8.5,treningi,Zajęcia ogólnorozwojowe,
ChIJvWE2HAB3_S0RUhAEA3u1-2Y,"Krakowska Akademia Techniki Piłkarskiej - Indywidualne treningi piłki nożnej, dryblingu Kraków, Obozy i Półkolonie piłkarskie",Soccer practice,Przewóz 38,Kraków,Kraków,5,21,+48 608 369 989,http://www.technikapilkarska.pl/,https://lh3.googleusercontent.com/gps-cs-s/AHRPTWnVsxFW2Qm2YX3r4sEah1Fa4uLV1jYVaC6Atu8CL_6kxWnZOZJgplZ44NPPteQP_cUK0lgznI8XYUjTBqawni5mY6fl1jBLT7vdajCyXjeIVF1bgZR8INmBEnkw4lF9EPI3ZfxpoZKkjAkU=w800-h500-k-no,50.0423586,19.9956047,,"akademia piłkarska dla dzieci, Kraków",6,,Pod dachem,Zajęcia sportowe,w środku,,Kraków i okolice,4.7,treningi,Piłka nożna,
ChIJ3UUWsPJcFkcROl66DP9_u1k,Szkółka Piłkarska Football Kids,Sports school,Szuwarowa 1,Kraków,Kraków,4.6,10,+48 500 433 411,http://www.football-kids.com/,https://streetviewpixels-pa.googleapis.com/v1/thumbnail?panoid=D3iG7c3SqJcsmcMuL6DMng&cb_client=search.gws-prod.gps&w=800&h=500&yaw=178.33072&pitch=0&thumbfov=100,50.0185033,19.9053214,,"akademia piłkarska dla dzieci, Kraków",6,,Pod dachem,Zajęcia sportowe,w środku,,Kraków i okolice,5.3,treningi,Piłka nożna,
ChIJNyTzXOlRFkcRfwNxnObb4_Q,Football Academy Kraków Północ,Football club,Długa,Masłomiąca,Masłomiąca,4.6,11,+48 883 449 793,https://www.footballacademy.pl/,https://lh3.googleusercontent.com/gps-cs-s/AHRPTWm7-w0xs3nTl0hLxn3LWs_oJ0Wg0N-6ihsy791DYmmbl26inhWgEeDfm35CLe03zIdnPtybLO5nVwtuoRL3EwsgGQVPci2oAkOFUA3ygY4xfFSxJUxWVDJZNk27WiauALai7ttMuw=w800-h500-k-no,50.1596729,20.0085685,,"akademia piłkarska dla dzieci, Kraków",6,,Pod dachem,Zajęcia sportowe,w środku,,Kraków i okolice,12.0,treningi,Piłka nożna,
ChIJUWyzVVtaFkcR-VPoyoWkKh4,Akademia Piłkarska Michałowice,Club,Henryka Pachońskiego 12,Kraków,Kraków,,,+48 12 415 36 67,,https://lh3.googleusercontent.com/gps-cs-s/AHRPTWlNcPA1NW8ZwBej-SQEoHOvpylA24VHij3O6kEhwR-twgodgPrfOQ8cmJX_fHunc5z7g28tTT7r7LVVIVXUV7tBEUSyi9ZrNJQQZ3VIP-c2YqhlGlw0v6uG5ZEhu1rq0tWKTDI=w800-h500-k-no,50.0947882,19.9306345,,"akademia piłkarska dla dzieci, Kraków",6,,Pod dachem,Zajęcia sportowe,w środku,,Kraków i okolice,3.7,treningi,Piłka nożna,
ChIJWY3eQFBbFkcRuPklC0aVjcc,Akademia Treningu Bramkarskiego,Soccer practice,Na Dołach 4,Kraków,Kraków,5,48,+48 572 756 789,https://akademiatreningubramkarskiego.pl/,https://lh3.googleusercontent.com/gps-cs-s/AHRPTWlzuMO45Go7PdKbLQM2xUfrl6r3APwVRvT40jFb4me5uTJhGGrtGigkrhJL5vUBUf9P6ZWxANpFh-lgxqWcsfgrxWmMOrsdw0Np3SNIgh6I3r_q0JTZ9AR22YFY4TUGUU4G4G2WXw=w800-h500-k-no,50.0460936,19.968238,,"akademia piłkarska dla dzieci, Kraków",6,,Pod dachem,Zajęcia sportowe,w środku,,Kraków i okolice,2.8,treningi,Piłka nożna,
ChIJZf9XskBZFkcRlbfaOHIwvSQ,Akademia Piłkarza Grzegorza Mielcarskiego,Club,"1 oddział: 30-298 Kraków, ul. Grzegorza Korzeniaka 20, 2 oddział: 30-298 Dąbrowa Górnicza ul. G Morcinka",Kraków,Kraków,4.3,11,+48 790 760 709,http://www.akademiapilkarza.pl/,https://lh3.googleusercontent.com/gps-cs-s/AHRPTWkxbX5BPpZfkg73L1R0zE48ndqu3tn75Qgn0w4qbPQj_AG_roKlDqVUAy3DZl3ZPesNgyJulLa5Gare82Ij8nESzeF0KK0gmkS2GB_BNdpVz9YtPagOjJYqhaUWgROKSmGVHos=w800-h500-k-no,50.073943,19.8340344,,"akademia piłkarska dla dzieci, Kraków",6,,Pod dachem,Zajęcia sportowe,w środku,,Kraków i okolice,7.5,treningi,Piłka nożna,
ChIJweQ-94RbFkcRG0S8LsreEzg,Strefa Piłkarza,Soccer practice,Gen. Augusta Fieldorfa-Nila 5,Kraków,Kraków,5,128,+48 537 197 653,https://www.strefapilkarza.pl/,https://lh3.googleusercontent.com/gps-cs-s/AHRPTWmG-yQUaC1KRJwWYSTkkQVh-Q1YeTBbbpG2AxGxKgo4bYA_-QztZddsSJF_1wLcoBx0DP76dPRzD8yNyECQYz0P3lITdTp8nMGgxK2t7N1p6FxHXeAOtT02sNe1MHxpQmlL9Io=w800-h500-k-no,50.087934,19.9359925,,"akademia piłkarska dla dzieci, Kraków",6,,Pod dachem,Zajęcia sportowe,w środku,,Kraków i okolice,2.9,treningi,Piłka nożna,
ChIJh6ryLc5bFkcRxfAFF6uS87E,Wiślacka Szkoła Futbolu,Sports school,Władysława Reymonta 22,Kraków,Kraków,4.3,48,+48 692 122 599,http://wislackaszkola.pl/,https://lh3.googleusercontent.com/gps-cs-s/AHRPTWk_2AaOem027bnYZMF1YgfWOy_Gs4VNecTeeNqkSLlRuQisB56J6Z4uRCWkGXL6gG4nXyCHv2OuKAMVIHuW5u2r_kS1zGNoM0umEW2gaS1NIWDerfYuB3JNdXQZKLGou4bE0i8cYBX0R-VC=w800-h500-k-no,50.0658317,19.9098634,,"akademia piłkarska dla dzieci, Kraków",6,,Pod dachem,Zajęcia sportowe,w środku,,Kraków i okolice,2.0,treningi,Piłka nożna,
ChIJkbRF5jZdFkcRNofVzFt2uEM,Szkółka Piłkarska Orzeł Sidzina,Soccer practice,Stanisława Działowskiego 1,Kraków,Kraków,4.6,11,+48 607 399 886,https://www.facebook.com/orzelsidzina,https://lh3.googleusercontent.com/gps-cs-s/AHRPTWnUlRKOtjO-CsU695CSkaONSDDmCLg1yGHY4IcwSBWeHWPBJl-XQCwTd5vEw8c3rHFd7E6aKPSYMf7MlLcUXH6ODMzNXt5yCW-78YCu6i9LRsw347x7TnMebXbSY0Sba28Xb1b_LmwRTF9c=w800-h500-k-no,49.9889458,19.8728085,,"akademia piłkarska dla dzieci, Kraków",6,,Pod dachem,Zajęcia sportowe,w środku,,Kraków i okolice,9.3,treningi,Piłka nożna,
ChIJA3dVl2lYFkcRCZg4zGjU1VI,Akademia Piłkarska Kmita Zabierzów,Soccer club,Kolejowa 15a,Zabierzów,Zabierzów,4.4,56,+48 604 188 808,http://www.akademiakmita.pl/,https://lh3.googleusercontent.com/gps-cs-s/AHRPTWk2gtlZwnJHAoglfborEh_iaSixRwVfbCvYhDufyIeOjtZFWPVrgrCEPdQ_XGTN184q-NjOB2Ic8r0NgA204KF282R38L-evGJ1sXXVV70CN0wr23sckO3DG8UnZ1eMdsgtONM=w800-h500-k-no,50.1174173,19.79856,,"akademia piłkarska dla dzieci, Kraków",6,,Pod dachem,Zajęcia sportowe,w środku,,Kraków i okolice,11.7,treningi,Piłka nożna,
ChIJOwv4LVRcFkcR1fqluLT_jvc,KSPN Pogoń Kraków,Soccer field,Krzysztofa Kamila Baczyńskiego 13,Kraków,Kraków,4.3,227,+48 501 194 240,https://www.kspn.pl/,https://lh3.googleusercontent.com/gps-cs-s/AHRPTWnPwju61oZmcezT4JKJ9GQQ19mThDnw523dcagmFPrnHSDIMHEhT8ED907gqw1OVSEb9OqkCWOCHYji8cVHbH1AYGupAS93Bb7L-qJijWFt3PwGYOO2IWDhR2bO5uxqiD-zDqs=w800-h500-k-no,50.0074181,19.8777352,,"akademia piłkarska dla dzieci, Kraków",6,,Pod dachem,Zajęcia sportowe,w środku,,Kraków i okolice,7.4,treningi,Piłka nożna,
ChIJXc566BlbFkcRCk2yqGGuW9Q,Akademia Rolkarza - nauka jazdy na rolkach - Kraków,Sports club,Osiedle Józefa Strusia 7/244,Kraków,Kraków,5,103,+48 500 836 018,http://www.akademiarolkarza.pl/,https://lh3.googleusercontent.com/gps-cs-s/AHRPTWkU7Hjpjz7D3Zzb3o-WJ9nBZju1caG43seghBZvhgUM81JfZbiWf4WogzF1LeZUTFNWuGaiCgO4MfI3fuwfnhAjTRLUYet3DOT92OVoqqaSN1oVMeJdbyTGeRQvmBuBSPXm0q2wIw=w800-h500-k-no,50.08901729999999,20.011833,,"akademia piłkarska dla dzieci, Kraków",6,,Pod dachem,Zajęcia sportowe,w środku,,Kraków i okolice,6.1,treningi,Łyżwy i rolki,
ChIJU8ViA2RdFkcR3OFr9Tx0Pfs,Kąpielisko Zakrzówek,Swimming facility,Pychowicka 18/14,Kraków,Kraków,4.3,1037,,,https://lh3.googleusercontent.com/gps-cs-s/AHRPTWmCgek9-qEKuDvFAmJBFqZUESVEyVYyJOeOjR-wJ7tR4cUVXbaJw5qDU0xY-1v5bE-LDyic5X1oChwLn1-voFL7giM2eRuelCWgcT9Zf1u83qEXpH2tOYqZuv4pJGoPSgwpks3pVw=w800-h500-k-no,50.0344731,19.9126168,,"kąpielisko, Kraków; basen, Kraków",6,,Plener,Zbiornik wodny,na dworze,,Kraków i okolice,3.5,z-marszu,,
ChIJNQLmazdDFkcRBDb17st_KJ0,"KSOS Ośrodek Sportowo - Rekreacyjny ""Kurdwanów Nowy""",Recreation center,Marii i Bolesława Wysłouchów 34a,Kraków,Kraków,4.3,1097,+48 12 654 53 55,http://www.kurdwanow.ksos.pl/index.php,https://lh3.googleusercontent.com/gps-cs-s/AHRPTWlzWhvf5uNSZDWVjoDRJuC41v8T8EJV9NHntPZFQ8-Pk6nxBvfketSxf0DOSf1Vx7TPFOB-NDJBb6zPRJKZi09BsHWGdfTOSUL9jtjawW2W4I2RejjnXnRIw8sYsT4HeU5Icpj_=w800-h500-k-no,50.0059098,19.9600022,,"basen, Kraków",6,,Pod dachem,Basen,w środku,,Kraków i okolice,6.4,z-marszu,,
ChIJVS8dLbdbFkcR3ev48XtVliM,Nauka pływania dla dzieci Kraków - AgamaSport,Swimming instructor,"Ingardena 4 Os.2 Pułku 21 al. Kijowska 8, Fabryczna 13",Kraków,Kraków,5,162,+48 664 455 766,https://www.agamasport.pl/,https://lh3.googleusercontent.com/grass-cs/ACvplmM1_wjhOQMMsnK1sbTTyidIV7Q1LvhEoaWS8Q1kTrpUugz5JP4pqo3woL8nK1sASXc607rOSvDM6I3Whlx0nMHaY2LHzIzta3UaL_sorvpOtfuHzFWktGwfygyOegFm74tZIHe8QA=w800-h500-k-no,50.0695665,19.9150754,,"basen, Kraków; zajęcia mama i dziecko, Kraków",6,,Pod dachem,Szkoły pływania,w środku,,Kraków i okolice,1.8,treningi,Pływanie,
ChIJ7zpkQapIPEcRfmPprjTh6qs,NAUKA PŁYWANIA KRAKÓW-PRO SWIM KRAKÓW,Swimming pool,Za Górą 41,Kryspinów,Kryspinów,5,137,+48 605 254 791,https://pro-swim.pl/%3Futm_source%3Dgmb%26utm_medium%3Dwizytowka,https://lh3.googleusercontent.com/grass-cs/ACvplmNdAfe0v8xwO9kVpObnnCtKe5f_4G1gD93pv7mNdew1xp2YRbgKrPB1MQKgOaVYsNkp5LBdOcvC6B_so75YvaI5XIIRcXEzQfqQmb0gy6asQ3CjknIi8Urbxi8R9P7MnfxgxkQ=w800-h500-k-no,50.0438615,19.8059685,,"basen, Kraków",6,,Pod dachem,Szkoły pływania,w środku,,Kraków i okolice,9.6,treningi,Pływanie,
ChIJJVyqAsZbFkcRYKPHjmQfNkY,SÓL SPA,Swimming pool,Stradomska 12/14,Kraków,Kraków,5,292,+48 12 201 57 54,https://www.stradomhouse.com/pl/sol-spa,https://lh3.googleusercontent.com/grass-cs/ACvplmPADu2IcJSQ6VQcojsBG_PwwExbfRxr931vdS-_mmXTLM4GaBaGUtBZbt03gC3WlLstOIovKQJ4GOjqwr6f3g7okFdfqs6yfAsB6x8Q4pWGmpvQt_8FVBqeJ6LeRP8qLd5-OaGO_-gYjN9n=w800-h500-k-no,50.0527514,19.94089,,"basen, Kraków",6,,Pod dachem,Zdrowie i relaks,w środku,,Kraków i okolice,1.0,z-marszu,,
ChIJzTPHVO5bFkcRDMdu4NT1isg,MOVE Akademia Sportu,Swimming instructor,Na Błonie 9,Kraków,Kraków,,,+48 503 485 789,https://www.moveakademia.pl/,https://lh3.googleusercontent.com/gps-cs-s/AHRPTWmrO0haE5v9BbTdTm3lbKLw8MVyUWq9-sP4H8S_g7TQ67LCUjyzh4Kgok9Ck87S_A9tyrEgMmcDRZmvyI3s7jCfAMi7qhT8jBYU11o895cwSOw3evHHAlNwKc-WzQNpO8LdgXqR=w800-h500-k-no,50.0799649,19.8816928,,"basen, Kraków",6,,Pod dachem,Szkoły pływania,w środku,,Kraków i okolice,4.5,treningi,Pływanie,
ChIJHw5xbaNbFkcRCIbKFcWKOSk,Basen TS Wisła,Water,,Kraków,Kraków,2.8,8,,,https://lh3.googleusercontent.com/gps-cs-s/AHRPTWmnTJKOCZPw1Vxe2MBpTpQVU9Md4if6kanYUws74jTlKo2aiChk0b6J-NE0nzrNGqfIAGmiu4THO9PSe4M2wvRZB4GlkhMVWmEzaiUv5fyz7Ow16Of95VMF8jIEY3u7LOm10IC5=w800-h500-k-no,50.0651932,19.9112012,do weryfikacji (dzieci?),"basen, Kraków",6,,Pod dachem,Zajęcia sportowe,w środku,,Kraków i okolice,1.9,treningi,Kluby i inne sporty,
ChIJ74YW7jZFFkcRHYq0II-set0,SWIMSPORT,Swimming instructor,Osiedle Dywizjonu 303 54/30,Kraków,Kraków,2.7,3,,,https://streetviewpixels-pa.googleapis.com/v1/thumbnail?panoid=QrwGaYbjNNAI8seHYZlYdA&cb_client=search.gws-prod.gps&w=800&h=500&yaw=281.30115&pitch=0&thumbfov=100,50.0822393,20.0126069,,"basen, Kraków",6,,Pod dachem,Szkoły pływania,w środku,,Kraków i okolice,5.8,treningi,Pływanie,
ChIJA0T0Zf5cFkcRIi2G8eMKbhk,K.S. Victoria Kraków,Football club,ul. Babińskiego 29,Kraków,Kraków,4.4,181,,http://ksvictoria.pl/,https://lh3.googleusercontent.com/gps-cs-s/AHRPTWmvObnpr45NdjZJ4Z2C1EAgRgWAb6SToGw93KvYDQYw9RGYencU3agGcLqZj3B6rUTpdcEL_VAmFG8RBngbW_fLwEAnkT9QUpv-hFI-MVwk7-QdxC-y4CwAg7UHHr3jXK4B0yc=w800-h500-k-no,50.0034631,19.8858359,,"klub sportowy dla dzieci, Kraków",6,,Pod dachem,Zajęcia sportowe,w środku,,Kraków i okolice,7.4,treningi,Piłka nożna,
ChIJqbAo5QNbFkcRavK38tVxCkw,Rodzinne Centrum Sportu - D.I. SPORT & Ninja Club Kraków,Gymnastics center,Księcia Józefa 54a,Kraków,Kraków,4.9,114,+48 517 827 720,https://ninjaclub.pl/,https://lh3.googleusercontent.com/gps-cs-s/AHRPTWknAmukfUK7ug3QJp9OjHn_WcilSmGUjXdzN8lJAJP2LD1Ax2BiSzYrWCTq93N2XMIFCg4AFss9ol8L0bn0-TPC74myi6SkZ5Ms8Q1nslNu2iAKAbSx3biHj9iQq31ph2LDIDIs=w800-h500-k-no,50.047092,19.8894988,,"klub sportowy dla dzieci, Kraków",6,,Pod dachem,Zajęcia sportowe,w środku,,Kraków i okolice,3.8,treningi,Gimnastyka i akrobatyka,
ChIJrY6zayxFFkcRw9qlf58Jr30,Sport Szok,Children's camp,al. Jana Pawła II 78,Kraków,Kraków,5,135,+48 603 409 267,http://www.sportszok.pl/,https://lh3.googleusercontent.com/gps-cs-s/AHRPTWkcsvkrVwMHtWNjDbeWZGOBwLSPuMpSXatwlIZEtAoQ2hUDFNZm-KZhCXG65TtQom2w6oKpq_gA_jqS0K6J_QlBIx7X39ecnQcA5WVfJD0UFHFeuLes0h1RU6AxCJLwZl-fVCx6qA=w800-h500-k-no,50.072882,20.000632,,"klub sportowy dla dzieci, Kraków",6,,Pod dachem,Półkolonie – sport,w środku,,Kraków i okolice,4.7,polkolonie,,
ChIJUQ-DJuZDFkcRNe_9RK3jjME,Akademia Dynamiczna Kraków Prokocim - zajęcia sportowe dla dzieci,Sports club,Jana Kurczaba 15,Kraków,Kraków,,,+48 722 271 727,https://www.akademia-dynamiczna.pl/,https://lh3.googleusercontent.com/grass-cs/ACvplmMESNdkI0TEoab41xIcvHgBNjhrfLgdcuxERg8PwXFQn6LiGdZtU9wFuBGf-iaMxvclIcPsYXI5GrTK5LB5eccc2U1Lcw91X8sD6dIrU9eXZLnl3MkO2XSVh6A2scBt9bJWO5gNj5GPvMsX=w800-h500-k-no,50.0136914,20.0093424,,"klub sportowy dla dzieci, Kraków",6,,Pod dachem,Zajęcia sportowe,w środku,,Kraków i okolice,7.4,treningi,Zajęcia ogólnorozwojowe,
ChIJ01Mp3KtbFkcRDv8IcdtDooY,Małopolski Sportowy Klub Taekwon-do,Sports club,Kaczorówka 4,Kraków,Kraków,5,35,+48 694 847 077,https://taekwondokrakow.pl/,https://lh3.googleusercontent.com/grass-cs/ACvplmNUepELBXN1FbLJfMvzjI7EvSYRRWA3qapE7pxk7ejGdmzWSWcfFq9FsLsEBn-I88_gYRkBnQ03SkOfV2c2b5Q0RqxJHG0N_yqYorwwOj4sIh8GVZm5O1Iu_KNHzBND2-ISpAZH=w800-h500-k-no,50.1070798,19.9056126,,"klub sportowy dla dzieci, Kraków",6,,Pod dachem,Zajęcia sportowe,w środku,,Kraków i okolice,5.5,treningi,Sztuki walki,
ChIJHf2BS2lbFkcRx6lEvQc-PPs,Ninja Club Kraków,Sports club,Księcia Józefa 54A,Kraków,Kraków,4.9,95,+48 517 827 720,https://ninjaclub.pl/,https://lh3.googleusercontent.com/grass-cs/ACvplmPLfsRPp3EN2GBusMSbLoIzFvCLS2TJESs1quWY_oPPRRHHtntzEhDs_sM8wVtRjzAxIlH3vIHHIShY-8KrVmLPmor5nilukKprdu9gsjN9jSlkyICgTiYLOCayKbd1hmzLX5x5F4Tk3fDc=w800-h500-k-no,50.0470771,19.8897686,,"klub sportowy dla dzieci, Kraków; zajęcia mama i dziecko, Kraków",6,,Pod dachem,Zajęcia sportowe,w środku,,Kraków i okolice,3.8,treningi,Zajęcia ogólnorozwojowe,
ChIJi9dIq8BbFkcRqZBATsDiD6o,MySportsAcademy Kraków,Sports school,al. Powstania Warszawskiego 6,Kraków,Kraków,5,36,+48 788 416 940,https://zapisy.activenow.pl/zapisy-grupowe-mysports-academy/,https://lh3.googleusercontent.com/grass-cs/ACvplmNgAUO_36sydJFAgt6jpgJT9M0f9B062p84si--EKEpc792uDnk9u-AaL4aAaxuiPitSsXhURQVQ5PMHLVNpVUJMW5-oZMAEsD2OV31L9lSwl691PQ_NOAo9uvdd4kI58BxuDD2SAW-v9kN=w800-h500-k-no,50.060856,19.961229,,"klub sportowy dla dzieci, Kraków",6,,Pod dachem,Zajęcia sportowe,w środku,,Kraków i okolice,1.7,treningi,Zajęcia ogólnorozwojowe,
ChIJifcrtiZFFkcRwFQtIRDYyxw,Przewrotki,Roller skating rink,Centralna 41A,Kraków,Kraków,4.7,646,+48 600 892 292,http://przewrotki.com/,https://lh3.googleusercontent.com/grass-cs/ACvplmNwfgqnYyvQQxjN-JD6KFcABiH5ZrBY6Eg3bUJ7C17S9sN55kd4cSdQF10X11gUYVLWIh6JAISYi_tinZAjYObSLGTLqk2V8Tl0zGPHU7-5XacD7923Kf2jwjSG3FXb75L-GxUa7g=w800-h500-k-no,50.067882,20.0147361,przyszła kategoria: Lodowisko / rolki,"klub sportowy dla dzieci, Kraków",6,,Pod dachem,,w środku,,Kraków i okolice,5.6,z-marszu,,
ChIJK1_5BL9bFkcRpN9WPvW3_Hw,"Parafialny Klub Sportowy ,,Jadwiga"" Kraków",Sports club,Władysława Łokietka 60,Kraków,Kraków,5,3,+48 12 638 71 52,https://pksjadwiga.pl/,https://streetviewpixels-pa.googleapis.com/v1/thumbnail?panoid=ebw04N7MKqdGkZ_EiFlJlQ&cb_client=search.gws-prod.gps&w=800&h=500&yaw=179.27963&pitch=0&thumbfov=100,50.0841861,19.9222824,,"klub sportowy dla dzieci, Kraków",6,,Pod dachem,Zajęcia sportowe,w środku,,Kraków i okolice,2.7,treningi,Kluby i inne sporty,
ChIJKygmg0lbFkcROXL840I7xQc,Akademia Badmintona,Badminton club,Jana Dekerta 21,Kraków,Kraków,4.9,82,+48 506 121 584,https://akademiabadmintona.pl/krakow/,https://lh3.googleusercontent.com/gps-cs-s/AHRPTWkywKYW1phjC6KfJtswfT17bKAW-Xo-EUu3buwWXVqYkyTZWUjs-9b_9tnVQdEsrd9nchXg5_9LlapARJQqHKLQPTPlAX6o4kmEp5wE8tj_SJj8UbA1xq5kkgdNeussQw25acaA=w800-h500-k-no,50.0471592,19.9676849,,"klub sportowy dla dzieci, Kraków",6,,Pod dachem,Zajęcia sportowe,w środku,,Kraków i okolice,2.7,treningi,Tenis i badminton,
ChIJFahG8AVbFkcRqYv1qpzagVc,MAXIMUS SPORTY WALKI KRAKÓW,Sports school,Dobrego Pasterza 126,Kraków,Kraków,4.9,84,+48 799 458 585,https://maximuskrakow.protrainup.com/pl,https://lh3.googleusercontent.com/gps-cs-s/AHRPTWkV_Y9aQdc_uRQOV7ll7nbAu9ncpsIdZJ9_cPAVt82RzvmD4iCoqJAuxdxMqpYQIsj1wilT2bUda2h00CKBoR1cwa4zkWQeL0GYBzu4BvCJl47hRow5GtTjO0fQTrCirBD8V2bGZQ=w800-h500-k-no,50.0889049,19.982657,,"klub sportowy dla dzieci, Kraków",6,,Pod dachem,Zajęcia sportowe,w środku,,Kraków i okolice,4.4,treningi,Sztuki walki,
ChIJ7xAsvdpbFkcRSt3Gr3cRCb0,"Luka Sport Nauka Pływania, Sport i Rekreacja",Swimming instructor,Zarzecze 124,Kraków,Kraków,5,3,+48 692 905 776,http://lukasport.pl/,https://lh3.googleusercontent.com/gps-cs-s/AHRPTWlTDMKbWsr_cwCMHj5fiOLkQNu2S6vOkt1u9efE8T_z0V7ZH6JFGazAYQJ3J7wQWd_F-oV4Kld8eEvWqV0BwmA0rKB3czVejQSu9hflaUhxVDkFb97uSq0FqJBctQVZ8tS6kKxl=w800-h500-k-no,50.0758861,19.8818113,,"klub sportowy dla dzieci, Kraków",6,,Pod dachem,Szkoły pływania,w środku,,Kraków i okolice,4.3,treningi,Pływanie,
ChIJDWh9YTpbFkcRlsVDMNWUoks,SAW Grzegórzki,Sports club,Fabryczna 3,Kraków,Kraków,4.8,54,+48 12 686 55 15,http://www.sawgrzegorzki.krakow.pl/,https://lh3.googleusercontent.com/gps-cs-s/AHRPTWm0wHh-qMR9vbLT0jLJsv4TaZmkvWYn1oNK-8eDhdVQYXD-qm_W-S6H5vZbjfZxbgJR_gqnHdAiJzTnG1S5Y7tdNz7S-P2NPyQYRrnKAfggi0irl6aM96xiZDx0yWvi4S-BAtTntnANCEPs=w800-h500-k-no,50.0593522,19.9708472,,"klub sportowy dla dzieci, Kraków",6,,Pod dachem,Zajęcia sportowe,w środku,,Kraków i okolice,2.4,treningi,Kluby i inne sporty,
ChIJme7u6GVbFkcRrt57IJpj-7o,Akademia Wisły CANPACK Kraków,Sports club,Władysława Reymonta 22,Kraków,Kraków,,,+48 12 630 45 00,http://akademiawislycanpack.pl/,https://streetviewpixels-pa.googleapis.com/v1/thumbnail?panoid=fwUvooym9d_k6cxeu-q0dw&cb_client=search.gws-prod.gps&w=800&h=500&yaw=185.63026&pitch=0&thumbfov=100,50.0658264,19.9100323,,"klub sportowy dla dzieci, Kraków",6,,Pod dachem,Zajęcia sportowe,w środku,,Kraków i okolice,2.0,treningi,Piłka nożna,
ChIJt5hUiE9FFkcRmV5BrtPRhxY,hulahopsy,Sports club,Osiedle 2 Pułku Lotniczego 21,Kraków,Kraków,4,8,+48 790 244 445,http://www.hulahopsy.pl/,https://lh3.googleusercontent.com/grass-cs/ACvplmPi57mwOE_2iPoBtwj1ieDnutuebpysXtT3G7VjjYWD39CVfMke2xaKnhMAlgU2QmMZRpl0ETtTJw7z9l3aapBTClmd6vGMTttVU6r9hZYQDtZvhFJ3sLeivbGasdWQkoxCe_jo9w=w800-h500-k-no,50.07876719999999,20.0085383,,"klub sportowy dla dzieci, Kraków",6,,Pod dachem,Zajęcia sportowe,w środku,,Kraków i okolice,5.4,treningi,Gimnastyka i akrobatyka,
ChIJcWSK3BRdFkcR-vejDVwtPq4,Akademia Malucha - Magdalena Pięta,Swimming school,Puszkarska 7g,Kraków,Kraków,,,+48 880 003 342,https://www.akademiamaluchakrakow.com/,https://streetviewpixels-pa.googleapis.com/v1/thumbnail?panoid=7wp6aAjJBHJuP6JRgrbBuA&cb_client=search.gws-prod.grass&w=800&h=500&yaw=31.732084&pitch=0&thumbfov=100,50.0261568,19.9508338,,"klub sportowy dla dzieci, Kraków; akademia malucha, Kraków",6,,Pod dachem,Szkoły pływania,w środku,,Kraków i okolice,4.1,treningi,Pływanie,
ChIJ98W3HMxDFkcRiWDWxLDroSc,Topset - Treningi tenisa stołowego dla dzieci i dorosłych,Boot camp,Koszykowa 31,Kraków,Kraków,5,23,+48 784 912 455,http://www.topset.com.pl/,https://lh3.googleusercontent.com/grass-cs/ACvplmNgarCVpQbOfyNI0oIeCU22lB1fZ4Z_RUy4w1m_w00HOr2_aH-yoskJqerVVLJVIE5CSbGDOGvFiuMYX4KY8aN0qXxzBv3QhDhqQQAQRNoyo-StGK-22lz1q1ulr1YcDnd4daPV=w800-h500-k-no,50.06465009999999,19.9449799,,"klub sportowy dla dzieci, Kraków",6,,Pod dachem,Zajęcia sportowe,w środku,,Kraków i okolice,0.6,treningi,Tenis i badminton,
ChIJFRJR7FNbFkcRamy173fLNdc,Akademia Malucha - Magdalena Pięta,Swimming school,Armii Krajowej 11,Kraków,Kraków,,,+48 880 003 342,https://www.akademiamaluchakrakow.com/,https://lh3.googleusercontent.com/grass-cs/ACvplmN7gL729RwYFNGzR0N4yyi7aJjRS_spHSOjhmWticCsw4vE31Sjzb5t9QKyMpVpJI7y-4MRxyrPAZRXp6cD0q1aceq_h8GhbqstRK1JNttI1igLRX2fQOVFMpTimIZXEAw2Roze0AuzI_Rj=w800-h500-k-no,50.0700082,19.8974684,,"klub sportowy dla dzieci, Kraków; akademia malucha, Kraków",6,,Pod dachem,Szkoły pływania,w środku,,Kraków i okolice,3.0,treningi,Pływanie,
ChIJiex7d81bFkcR4iyveHynlts,AlphaGymnastics - Gimnastyka dla Dzieci i Młodzieży,Gymnastics club,Bratysławska 2,Kraków,Kraków,,,+48 793 019 363,https://www.alpha-gymnastics.pl/,https://lh3.googleusercontent.com/gps-cs-s/AHRPTWn31X4bOfIcGNZv9gHeoCUpYCPfh8c8cjIjZRVHG66OmRc8X99rN-vcWQlSXsnwNb0C8OmOaylCX1ojCF_MqplMPcTAd9o2FeQAi4blfD_-FFyk6kZZpM0WZ6b-lSEHQWPAoh3sGoGMJ2w=w800-h500-k-no,50.0841189,19.934463,,"klub sportowy dla dzieci, Kraków",6,,Pod dachem,Zajęcia sportowe,w środku,,Kraków i okolice,2.5,treningi,Gimnastyka i akrobatyka,
ChIJpeZwZ11dFkcRnHaGjvtX_xE,Krakowska Szkoła Fechtunku,Sports club,Wacława Lipińskiego 2,Kraków,Kraków,5,5,+48 508 389 060,https://szkolafechtunku.pl/,https://lh3.googleusercontent.com/gps-cs-s/AHRPTWmR6OhlC7I2sn4tYKRzC2MTUH301vxBRJOD0eLQH75cbjyjRraNXp1Ru_Zt-rL34WwoRuAXbJ41ABHuw-g_xcOgNVsg56aZHlrqVZ_FGE4jvP9QcelEJL71ztkYCM8TWf2HsfIj=w800-h500-k-no,50.0303698,19.9237558,,"klub sportowy dla dzieci, Kraków",6,,Pod dachem,Zajęcia sportowe,w środku,,Kraków i okolice,3.6,treningi,Sztuki walki,
ChIJ0Z_ARqpbFkcR6M6ne5aOvWE,Queen's Tennis Kraków,Sports complex,Zarzecze 124A,Kraków,Kraków,4.4,45,+48 888 488 722,https://queensteniskrakow.pl/polkolonie-tenisowe/,https://lh3.googleusercontent.com/gps-cs-s/AHRPTWm8RglzAKVYOBOm21bioBAtwz8Twnc1BWXoBMDKk3McOAVhLb3M4OU1wsSQnm4-Jo_e8jtQWmYTe1tT4apMenFso0lDRNZiJkeIrSAyzavqn2afk0LVDlnyhXVfdztjjuqGDbAh3w=w800-h500-k-no,50.0759007,19.8817045,,"klub sportowy dla dzieci, Kraków",6,,Pod dachem,Zajęcia sportowe,w środku,,Kraków i okolice,4.3,treningi,Tenis i badminton,
ChIJdWAg0HBbFkcRZCeZEK5n8o0,Topset - Treningi tenisa stołowego i półkolonie dla dzieci i dorosłych,Boot camp,Zarzecze 124A,Kraków,Kraków,5,23,+48 784 912 455,http://www.topset.com.pl/,https://lh3.googleusercontent.com/gps-cs-s/AHRPTWmTtmB3bnJUr_bKITXpCwxBNFtavkbkNasokkYQLGpTjlqr-mKUkHKmFtRLZqqdA72Fcjoox_YZXGv_JC9L7Yff3B9DnxUu5nXdwFkFSxejvL6xLbOsc6YRfqeBJ0G5Pp6tYwFiFv3OT43I=w800-h500-k-no,50.0759007,19.8817045,,"klub sportowy dla dzieci, Kraków",6,,Pod dachem,Zajęcia sportowe,w środku,,Kraków i okolice,4.3,treningi,Tenis i badminton,
ChIJUzYOkj1bFkcRjt0ZmX_8ED0,Krakowskie Stowarzyszenie Aikido,Sports club,Jana i Jędrzeja Śniadeckich 12b,Kraków,Kraków,3.9,17,+48 607 791 154,http://www.aikido.pl/,,50.0600597,19.9563889,,"klub sportowy dla dzieci, Kraków",6,,Pod dachem,Zajęcia sportowe,w środku,,Kraków i okolice,1.4,treningi,Sztuki walki,
ChIJIa3lWlNbFkcRuH3dhE8CVgg,"Young Riders - obozy, szkolenia, treningi rowerowe MTB Kraków",Bicycle club,Zygmunta Glogera 43f,Kraków,Kraków,5,8,+48 600 433 229,https://youngriders.pl/,https://lh3.googleusercontent.com/gps-cs-s/AHRPTWmPvFZ5XqKxjVdck2QDJI__bRT2Fke34pz7zpww06aI1cgDGe41y34CoNE2-ws7kRV4r5Dgu1bp4Ck20OrnysTpG0Ns92uY4QEmUSwDJJuWfswknyzlN06FlMheHLif24KoTrDJ=w800-h500-k-no,50.1017123,19.9248327,,"klub sportowy dla dzieci, Kraków",6,,Pod dachem,Zajęcia sportowe,w środku,,Kraków i okolice,4.5,treningi,Kluby i inne sporty,
ChIJBULrt5hFFkcRUvRHKCkyC58,Southeast Jiu-Jitsu,Martial arts club,Saska 12F/U6,Kraków,Kraków,4.9,52,+48 502 680 950,https://southeastjj.pl/,https://lh3.googleusercontent.com/gps-cs-s/AHRPTWnBpyJOTYVvsHoRhSIR3ANATohzLoBa2EM3ivxJDQmFl_jtWp2CHxdouIU1TUdpkDHgyvX7oEoPj6U7cOk3lbTVz3Lm5gXmcaOB0alt4kYuMwft4_IXYVJj4sB9WfF2KxphUg5_yq8I_5I=w800-h500-k-no,50.0378678,19.9834316,,"klub sportowy dla dzieci, Kraków",6,,Pod dachem,Zajęcia sportowe,w środku,,Kraków i okolice,4.2,treningi,Sztuki walki,
ChIJo9U3SWxbFkcR_U2fcaqNOV0,Capoeira Kraków UNICAR,Martial arts school,Bernardyńska 7,Kraków,Kraków,5,73,+48 509 059 570,https://krakow.unicar-capoeira.com/,https://lh3.googleusercontent.com/gps-cs-s/AHRPTWkOIX3IGMRZEJLSNzTzY2CLBJ_FnBVk1XBTe2FvH_cneL32yzih8fJIYT-1wUSZOwCacfRML2obQpvZtGrDEFylTgw53WR3oJpWViBAkSvD7oXTY4dnSbz5edAjfUjiob2JA4M=w800-h500-k-no,50.0527752,19.9362441,,"klub sportowy dla dzieci, Kraków",6,,Pod dachem,Zajęcia sportowe,w środku,,Kraków i okolice,1.0,treningi,Sztuki walki,
ChIJ0yvKN1JbFkcRmB6xYjL4NKQ,"Centrum Wspinaczkowe Forteca, ul. Ludowa 6",Rock climbing,Ludowa 6,Kraków,Kraków,4.1,248,+48 512 631 621,https://cwf.pl/ludowa-6/,https://lh3.googleusercontent.com/gps-cs-s/AHRPTWkOU6IDsEU-WrQDFDmnCysoW6mCiNU9sqtWapgNcvtUfN98OvlDmR-Ew29TSj54gbaPth8FP9gWytHMfGxFD8kThDS9gstf8xbvtRyMalx8yBWufzPC3B_uxSfBMSsGQzvFUQIz=w800-h500-k-no,50.038785,19.963562,,"klub sportowy dla dzieci, Kraków",6,,Pod dachem,Zajęcia sportowe,w środku,,Kraków i okolice,3.2,treningi,Wspinaczka,
ChIJpTsAedRbFkcR0uHxwYlvEgQ,Krakowska Akademia Taekwon-do,Sports club,Katowicka 28,Kraków,Kraków,5,2,+48 694 734 444,http://www.taekwondo.org.pl/,https://streetviewpixels-pa.googleapis.com/v1/thumbnail?panoid=wnZqTXy8C7eH1LNpuHASQA&cb_client=search.gws-prod.gps&w=800&h=500&yaw=236.6589&pitch=0&thumbfov=100,50.0845609,19.8823665,,"klub sportowy dla dzieci, Kraków",6,,Pod dachem,Zajęcia sportowe,w środku,,Kraków i okolice,4.7,treningi,Sztuki walki,
ChIJI2YR9oNbFkcRJUY46rFhYd4,UKS OLIMP,Sports club,Księcia Józefa 24,Kraków,Kraków,,,+48 12 427 05 00,,https://streetviewpixels-pa.googleapis.com/v1/thumbnail?panoid=IPilW23fK4DPY8ESMmVCWA&cb_client=search.gws-prod.gps&w=800&h=500&yaw=133.61115&pitch=0&thumbfov=100,50.0469426,19.9043458,,"klub sportowy dla dzieci, Kraków",6,,Pod dachem,Zajęcia sportowe,w środku,,Kraków i okolice,2.9,treningi,Zajęcia ogólnorozwojowe,
ChIJG-sBso9bFkcRpvrGA_Xi2Gg,OJK Elanus,Equestrian facility,Dobrego Pasterza 121,Kraków,Kraków,4,82,+48 693 168 092,https://www.facebook.com/ojkelanus/,https://lh3.googleusercontent.com/gps-cs-s/AHRPTWkKLnGZxCcUqMms8gY-bnJgaP5H4W9FCehAqT_oVpFuzhQZa4HncpsWq7fK0PcXZUoASzTeUFXwqMmdt2ImQWFZUTsJ9QHd0f74vGMk2T7_07FwIlA3xwdGiPFilTtNerTOI2Ge=w800-h500-k-no,50.0898336,19.9724266,,"klub sportowy dla dzieci, Kraków",6,,Pod dachem,Zajęcia sportowe,w środku,,Kraków i okolice,4.0,treningi,Jazda konna,
ChIJf1T_baxbFkcRR0U2ydBo_lk,Bowling House,Bowling club,Stanisława Klimeckiego 14B,Kraków,Kraków,4.5,1584,+48 798 707 860,https://www.bowlinghouse.pl/,https://lh3.googleusercontent.com/gps-cs-s/AHRPTWnLzy8iYYd4wAeDaknnCuAHJmMG06TrsEFPpBSebzBuGFD7zFT7FrRgZ1C6ucFTrCbW84f_syBUnM3plIg1Ubx4xA9phPxvtsssNqDTcOHubgH6nFAPpJ98UfEd0DmAt4sGnsH7sZGthMLB=w800-h500-k-no,50.0489802,19.9703482,przyszła kategoria: Kręgielnia,"klub sportowy dla dzieci, Kraków",6,,Pod dachem,,w środku,,Kraków i okolice,2.8,z-marszu,,
ChIJy2z3x7JcFkcRzJaaZwBNoTM,Onshin,Martial arts school,Ludowa 6,Kraków,Kraków,5,39,+48 793 603 987,https://onshin.pl/,https://lh3.googleusercontent.com/gps-cs-s/AHRPTWl97KKr8RWLug8YMIti4aOFMB-RrV9-tke43D9qdXUMI_Flre310GZrxpMJD0CjtUaqCJqWhFhpDxTW3BWa4Ty2HSuvRDWv754lG_q8DJl6ePVvIEFH2tjCMa0uDmxBkcCIrFGe=w800-h500-k-no,50.038785,19.963562,,"klub sportowy dla dzieci, Kraków",6,,Pod dachem,Zajęcia sportowe,w środku,,Kraków i okolice,3.2,treningi,Sztuki walki,
ChIJVVU-YBhbFkcRn0IjMrE6lvs,Muzykalnia,Music school,Topolowa 35,Kraków,Kraków,4.9,40,+48 791 940 550,https://www.muzykalnia.com/,https://lh3.googleusercontent.com/gps-cs-s/AHRPTWk7vobldRZ0crsL7p4P0D6lcx7l7_VuB-6wMijJiBoq7dbrWbkIp1HvnCFpKNw-MAcI3q5WIOPuiC-dvvctKWPm8NbIgLRxqG75m0JSvmM26SFPPdKWj_jRvX7-rZCv8OuQi6SL=w800-h500-k-no,50.0663059,19.9558466,do weryfikacji (dzieci?),"zajęcia umuzykalniające dla dzieci, Krak...",7,,Pod dachem,Zajęcia mama-dziecko,w środku,,Kraków i okolice,1.4,zajecia,,
ChIJDwpmc69dFkcRYBrcK0mG9Pw,AMOROSO Centrum Edukacji Muzycznej,Music school,Torfowa 4a,Kraków,Kraków,4.9,27,+48 736 849 559,,https://lh3.googleusercontent.com/gps-cs-s/AHRPTWmXJ5pKm3EmI6xRcm-CXbjGI9XjyrMN7bCaBFgElLlQNSzjN2L_RxU0XjWisYAy0_tvXGYcW0-4vOT586cjXMZV68S6qS-FK1qSLky7jXRrvlZfgk00e890KwI-58vZVOW2ix0=w800-h500-k-no,50.0182311,19.9067576,do weryfikacji (dzieci?),"zajęcia umuzykalniające dla dzieci, Krak...",7,,Pod dachem,Muzyka,w środku,,Kraków i okolice,5.3,zajecia,,
ChIJ1W5U09hFFkcRrZGpDfSvH-U,Do-Re-MISIE! Muzyka dla malucha,Music school,Osiedle Centrum D 1,Kraków,Kraków,4.4,11,+48 791 769 361,http://www.doremisie.com/,https://lh3.googleusercontent.com/gps-cs-s/AHRPTWmT1i7GWhBF-mP2sEX3MK3dgi0xnqKMNHoeBd5GHxfZmtNZ-r38va6qFhhKdlSnTBwV_ZhqutmMpLtUGsOO_iRUXQAyJ1YYO4KcEkDSqsKUmgvsdir7oJFHwuoTbWH9khSz4vtJ=w800-h500-k-no,50.0720267,20.036142,,"zajęcia umuzykalniające dla dzieci, Krak...",7,,Pod dachem,Zajęcia mama-dziecko,w środku,,Kraków i okolice,7.2,zajecia,,
ChIJdbqdOZpbFkcRfuf6IfcG5DA,Szkoła Muzyczna I i II st. MOZART,Music school,Królowej Jadwigi 227,Kraków,Kraków,4.7,24,+48 519 168 431,https://centrummuzykikrakow.pl/,https://lh3.googleusercontent.com/gps-cs-s/AHRPTWkVzaZnApVS9lqR7ev__QVqTNoz41QzSmlUo9bsp_OCjw6m21U4smjaequgMF5_fIyJz9zoK-l6nPM6q4D7wtJwOXpjAZ7iausk9qt9VvBwDR88HWfqi9ujxd2Xudzs2I7w5dKj=w800-h500-k-no,50.06678489999999,19.873836,do weryfikacji (dzieci?),"zajęcia umuzykalniające dla dzieci, Krak...",7,,Pod dachem,Muzyka,w środku,,Kraków i okolice,4.6,zajecia,,
ChIJybcUzlhDFkcR6iiRFp_Nz40,Krakowskie Centrum Artystyczne,Music school,Telimeny 9,Kraków,Kraków,5,32,+48 798 491 054,https://kcart.pl/,https://lh3.googleusercontent.com/gps-cs-s/AHRPTWki8Pc7ZWUcgsXNoOhAiwsZ7-pbe6vG_V9g4vVRYjwDeO4_Od6DFhsB2HiB1J50I47UDYlBujw2Tejmo6sOse-TU14N7D9ynHzIlckTF2PzQqiOPmiSxxr6EOV-d49Wt9DngXCffmIrq9ub=w800-h500-k-no,50.019936,20.0158427,do weryfikacji (dzieci?),"zajęcia umuzykalniające dla dzieci, Krak...",7,,Pod dachem,Muzyka,w środku,,Kraków i okolice,7.3,zajecia,,
ChIJw4fpV5BcFkcRMjDmk6vHKNY,Music for Smyk,Music school,Pszczelna 13,Kraków,Kraków,5,1,+48 570 151 929,http://www.muzykadlasmyka.edu.pl/,https://streetviewpixels-pa.googleapis.com/v1/thumbnail?panoid=8YUKVb78MB90hp1ndYTY1w&cb_client=search.gws-prod.gps&w=800&h=500&yaw=278.63934&pitch=0&thumbfov=100,50.02602539999999,19.915935,,"zajęcia umuzykalniające dla dzieci, Krak...",7,,Pod dachem,Zajęcia mama-dziecko,w środku,,Kraków i okolice,4.2,zajecia,,
ChIJ3cI3nnRbFkcR2oZwcNFINEI,Szkoła Wokalno - Aktorska; Lekcje i Nauka śpiewu,Music school,Aleja Zygmunta Krasińskiego 20,Kraków,Kraków,4.7,82,+48 12 429 66 45,https://wokal.art.pl/lekcje-spiewu-krakow,https://lh3.googleusercontent.com/gps-cs-s/AHRPTWkTK83vXbJFukdrvc0kCqTGhHl71laswwzU7bFCau-zis-zSgrWDYjRoMQFKbo3fx6xJQWAOY0vsor84cTIICg_3fnt50iALXcc63i1IrpS3InbSrLiYP8dvwlZ9peqsacRXU55=w800-h500-k-no,50.0566884,19.9262742,do weryfikacji (dzieci?),"zajęcia umuzykalniające dla dzieci, Krak...",7,,Pod dachem,Muzyka,w środku,,Kraków i okolice,1.0,zajecia,,
ChIJg7xpq6pbFkcRTapbmFyzMNk,Szkoła Muzyczna Artyz – Kraków Prądnik Biały,Music school,Henryka Pachońskiego 9,Kraków,Kraków,4.9,39,+48 577 275 432,https://artyz.pl/kontakt/krakow%3Futm_source%3Dgoogle%26utm_medium%3Dorganic%26utm_campaign%3Dwizytowka%26facility%3D14,https://lh3.googleusercontent.com/gps-cs-s/AHRPTWmB3Veg1b1n1pzsuJndiCuCUtZ1DrMsY7hZNeDMxMlZ4iGmG1O-2L5vrUGcfQFzhfOYX3IhbsKItjtnouGFhZfMpWWzb5t3YDqdAFYOwmAwh0juHaSjguDSOgLrnqkzOSvKEbXMLheMtC7B=w800-h500-k-no,50.094045,19.9236536,do weryfikacji (dzieci?),"zajęcia umuzykalniające dla dzieci, Krak...",7,,Pod dachem,Muzyka,w środku,,Kraków i okolice,3.7,zajecia,,
ChIJHYVuK3NbFkcRMW564qITeGE,MUSIC LAB Centrum Kursów Muzycznych,School center,Kamienna 2/4,Kraków,Kraków,4.6,5,+48 602 728 857,http://www.ckmmusiclab.pl/,https://streetviewpixels-pa.googleapis.com/v1/thumbnail?panoid=gelhCV6Z4oRvcqqiQlPgYw&cb_client=search.gws-prod.gps&w=800&h=500&yaw=320.41064&pitch=0&thumbfov=100,50.0745809,19.9387675,do weryfikacji (dzieci?),"zajęcia umuzykalniające dla dzieci, Krak...",7,,Pod dachem,Muzyka,w środku,,Kraków i okolice,1.4,zajecia,,
ChIJYQYoZRJbFkcRqVTeT864yHY,Szkoła Perkusji Marimba Laboratory Kraków,Art school,Grodzka 15,Kraków,Kraków,5,69,+48 571 242 432,http://marimbalaboratory.pl/,https://lh3.googleusercontent.com/gps-cs-s/AHRPTWmlA6F8-kjpN7nCHjxWqnybyJ0VMxHViLDRFPbI2VCOCXfgT4k8tygB3ewfWwegbv0GPHUOCtmavZeiN4uOMb8cz1GsLEWLm-aCkIKMb5OQkaMnGayf_bu42wVFHDhbHqhgsaU=w800-h500-k-no,50.0594404,19.9376041,do weryfikacji (dzieci?),"zajęcia umuzykalniające dla dzieci, Krak...",7,,Pod dachem,Muzyka,w środku,,Kraków i okolice,0.3,zajecia,,
ChIJVVUltDRDFkcRu7dmOoXtMok,Harcownia,After school program,Por. Halszki 28,Kraków,Kraków,4.9,132,+48 667 459 844,http://www.harcownia.com/,https://lh3.googleusercontent.com/gps-cs-s/AHRPTWmCyznkD2M5hLp3rNdajobsw4zQU3jANCfG7BoZyuf3GfWRfRpkx2LAbqIH4ubtNp5_j2t803-KQa1Bk120MCaxprEEEJAE4hx8SetWidFPJr5IbImNgaa02mS-viVy5Jml67IH5PMFTBw=w800-h500-k-no,50.0077135,19.9480263,do weryfikacji (dzieci?),"zajęcia umuzykalniające dla dzieci, Krak...",7,,Pod dachem,Inne zajęcia edukacyjne,w środku,,Kraków i okolice,6.0,zajecia,,
ChIJz1d5nLtaFkcRTiUAtZ7QK90,Muzyka dla Smyka,Music school,"ul. ks. J. Kurzei 17, Kraków, os. Złotego Wieku 14, Kraków, os. Kalinowe 17, Kraków, ul. Stawowa 179, Kraków, ul. Wierzyńskiego, Mydlniki",Kraków,Kraków,3,2,+48 535 351 929,http://www.muzykadlasmyka.edu.pl/,https://lh3.googleusercontent.com/gps-cs-s/AHRPTWlK_PKge_BDvIrLFSjdcl99jT-FKUscA-A1SZlIK9akO7aFTwQhKTQRcmNIqbEFExQJraeetO8S7HA1Mlw4JqU8Bi15WJtTKSpppWGLSfLj9VYC_bt7VlYq3OiuzTMdXiZDae_g=w800-h500-k-no,50.0975185,19.9901132,,"zajęcia umuzykalniające dla dzieci, Krak...",7,,Pod dachem,Zajęcia mama-dziecko,w środku,,Kraków i okolice,5.5,zajecia,,
ChIJNeHh9DdFFkcRLl-ZsRAFHNs,Kosmuz Pracownia Edukacyjna,Learning center,Osiedle Centrum D 1,Kraków,Kraków,4.6,17,+48 791 769 361,http://facebook.com/kosmuz.workshop,https://lh3.googleusercontent.com/gps-cs-s/AHRPTWm49N6QUeXh2cYPRyONyQwPGmbcp9BjmPZZGXSE9CqLoYpI0zPv7blhQ7RmM7kxsAy1isbCORnqb-wRCUbCH_rrhaMNx-Tq5uUvu66yvwhe-PFV6Uq6UMXEf2zVUYALATT-RDRS=w800-h500-k-no,50.0721172,20.0361566,do weryfikacji (dzieci?),"zajęcia umuzykalniające dla dzieci, Krak...",7,,Pod dachem,Nauka i eksperymenty,w środku,,Kraków i okolice,7.2,zajecia,,
ChIJaYWxxyNbFkcRWK9vwhzD4e4,Szkoła Perkusji Drumhouse,Music school,Komandosów 21,Kraków,Kraków,5,42,+48 660 792 895,http://www.drumhouse.pl/,https://lh3.googleusercontent.com/gps-cs-s/AHRPTWm11p0tOB09m8BED5lIlrj4pd4oVL-lGsDgKxPOmdJpEn5PIFae9saQqh4ZngSgyx-0g-6EBrjcMW83dnqzt0GJNcmbTYRSfHQpZgejjcgv7NtYQvj2RQdVbfG20PH6QRHsOKLc=w800-h500-k-no,50.042933,19.9321011,do weryfikacji (dzieci?),"zajęcia umuzykalniające dla dzieci, Krak...",7,,Pod dachem,Muzyka,w środku,,Kraków i okolice,2.1,zajecia,,
ChIJvwVpXA1dFkcR-9fbkuD1qM4,Studio BelCanto Szkoła Śpiewu,Music school,Borkowska 27f,Kraków,Kraków,5,10,+48 739 070 353,http://belcanto-casting.art/,https://streetviewpixels-pa.googleapis.com/v1/thumbnail?panoid=Wub8-0JYAEE3Nq4_cc7q_A&cb_client=search.gws-prod.gps&w=800&h=500&yaw=172.87434&pitch=0&thumbfov=100,50.0031778,19.9026224,do weryfikacji (dzieci?),"zajęcia umuzykalniające dla dzieci, Krak...",7,,Pod dachem,Muzyka,w środku,,Kraków i okolice,7.0,zajecia,,
ChIJ-SwvinVFFkcRMsIGPCJO8JY,Szkoła Muzyczna Artyz - Kraków Bieńczyce,Music school,Osiedle Złotej Jesieni 7,Kraków,Kraków,5,12,+48 888 206 822,https://artyz.pl/kontakt/krakow%3Futm_source%3Dgoogle%26utm_medium%3Dorganic%26utm_campaign%3Dwizytowka%26facility%3D29,https://streetviewpixels-pa.googleapis.com/v1/thumbnail?panoid=ET2IgTF-zqCkWJp_gLC_NA&cb_client=search.gws-prod.gps&w=800&h=500&yaw=106.46456&pitch=0&thumbfov=100,50.0903595,20.0245919,do weryfikacji (dzieci?),"zajęcia umuzykalniające dla dzieci, Krak...",7,,Pod dachem,Muzyka,w środku,,Kraków i okolice,7.0,zajecia,,
ChIJTcJXD_P_1YwRwWjbFbY_nYY,MuzOn Studio,Music school,plac Inwalidów 8,Kraków,Kraków,5,9,+48 792 610 874,https://muzonstudio.pl/,https://lh3.googleusercontent.com/gps-cs-s/AHRPTWnv4QFHr9TYZSNEXcnba99WxV8wxPc4uck74V6E7sHLUbgOVUHpPVIbjxsrNsokBGdaW8dusSevVsBNipb65ExKAgTxMfOuwa6KNtxEoSj5YO28JeiJgctIiUvaXlaLy8vHqad7cGk2nqJt=w800-h500-k-no,50.0696852,19.9264348,do weryfikacji (dzieci?),"zajęcia umuzykalniające dla dzieci, Krak...",7,,Pod dachem,Muzyka,w środku,,Kraków i okolice,1.2,zajecia,,
ChIJ027cnNBbFkcRES0hQl2kDD8,Bostonova – Centrum Muzyczne,Music school,plac Jana Matejki 12/310,Kraków,Kraków,5,3,+48 697 017 974,https://www.facebook.com/profile.php%3Fid%3D100076110827803,https://lh3.googleusercontent.com/gps-cs-s/AHRPTWnqUkzAEd4qkR1Lvr1Kamm1w4CY8NVnUGQ3Qx4IcVstzc_UiBg6Sqqjswukbxp_j3MQJq4AXRMDY1tDlP3tsF7eSrkiQluZtUAjNqTBwFsJd4OWlO67OGZPDIdF2o6OdP4QY91c=w800-h500-k-no,50.06693689999999,19.9420984,do weryfikacji (dzieci?),"zajęcia umuzykalniające dla dzieci, Krak...",7,,Pod dachem,Muzyka,w środku,,Kraków i okolice,0.7,zajecia,,
ChIJ1wO1dQifoqQRoMI7egZeaJE,Nauka gry na skrzypcach - Danuta Brandys,Music school,Wójtowska 7,Kraków,Kraków,5,23,+48 505 129 913,https://danutabrandys.com.pl/,https://lh3.googleusercontent.com/gps-cs-s/AHRPTWnvA3vzVnziDETGIWtg0AIPmujRqc8KYiysTjM4J47BT8ggfQJ8xCljHvAAjimx7NjD4ubKki1Fgaimv_KuNRW4kZAfIJhrMA3_8M_20qqcsFL0ghpAOVN8zWbO8BRKCUB-tg7Gsg=w800-h500-k-no,50.0758918,19.9276166,do weryfikacji (dzieci?),"zajęcia umuzykalniające dla dzieci, Krak...",7,,Pod dachem,Muzyka,w środku,,Kraków i okolice,1.7,zajecia,,
ChIJm63mwSiUTgsR30nBKBYYm14,Studio Piosenki Kraków,Music school,Władysława Łokietka 146,Kraków,Kraków,5,19,+48 666 685 606,https://ilonastudio.pl/index.html,https://lh3.googleusercontent.com/gps-cs-s/AHRPTWmT3hVYG6Q8eDfGQZPRc0DW64KTnO4RpclepkeuySbS2jd1TQwz1g3eVcEhGQVtH8VveZ19MHADdKWgoWGVpm1ncks-Ue43PyiUveFj1huCkE5_xF-IqMqvb0nYk_U8N29-5y5k=w800-h500-k-no,50.09848,19.9118085,do weryfikacji (dzieci?),"zajęcia umuzykalniające dla dzieci, Krak...",7,,Pod dachem,Muzyka,w środku,,Kraków i okolice,4.5,zajecia,,
ChIJb5aEcENbFkcRkrrCOH-Qd-0,Szkoła Muzyczna I i II stopnia im. Bronisława Rutkowskiego,Music school,Józefińska 10,Kraków,Kraków,4.8,94,+48 12 656 09 45,http://www.sm1krakow.eu/,https://lh3.googleusercontent.com/grass-cs/ACvplmPffs0Ti3hX2nLsMkYpXXnLWcYBRBr9wyIls9D4YmmJJ4Olt276YY2LkDa76mWwEniUCHn3GL-1OL4AtbqCcgNlyv1jRZYSkUmkP7BmV-2zqspzDFSeTwl9O1311AJLekKA5U94KA=w800-h500-k-no,50.0458338,19.9499988,do weryfikacji (dzieci?),"zajęcia umuzykalniające dla dzieci, Krak...",7,,Pod dachem,Muzyka,w środku,,Kraków i okolice,2.0,zajecia,,
ChIJ42EvQ1VbFkcR2crLyqpV9T4,Przestrzeń Muzyki,Music school,Rakowicka 65,Kraków,Kraków,5,14,+48 734 639 949,https://www.spaceofthemusic.pl/,https://lh3.googleusercontent.com/grass-cs/ACvplmN0ZcDI0Q8aOD7nylWRDMlhTORhDQP-uCUu5_Kpcr8Y4X6axHmm1x8-r7-_6-8X2_dkZCsfBcC-ZvqJO4ZMjzYUyO6nCNjZ_zY9rdNSA7XXj5x2-n19vaSxLm9hJREkenvSSfQAO9gLEY0C=w800-h500-k-no,50.0761868,19.9586599,do weryfikacji (dzieci?),"zajęcia umuzykalniające dla dzieci, Krak...",7,,Pod dachem,Muzyka,w środku,,Kraków i okolice,2.2,zajecia,,
ChIJO9cguxNbFkcRrVfVdxORLsc,Prywatna Profesjonalna Szkoła Muzyczna I st. im. Aleksandra Dębskiego,Music school,Józefa Dietla 93/10,Kraków,Kraków,4.6,20,+48 12 421 45 45,http://www.muzycznaszkola.pl/,https://lh3.googleusercontent.com/grass-cs/ACvplmObbc--VjhkrofxbvaRFzwXxT_MbzfaOx9WDh4pkQSEbzT5gR3h4a63pfmKiidn4oGmOrRl8DcLjF-nCKuCe9ZA8I6tisQj5u--4o1OVLSFt5mNMMkJuwHo6oVfChLRhvxTAgQDWA=w800-h500-k-no,50.0565369,19.946011,do weryfikacji (dzieci?),"zajęcia umuzykalniające dla dzieci, Krak...",7,,Pod dachem,Muzyka,w środku,,Kraków i okolice,0.8,zajecia,,
ChIJw7k4bkRbFkcRR42idB1Dl_4,DrumKids,Music school,Komandosów 21,Kraków,Kraków,5,3,+48 792 443 146,http://drumkids.pl/kontakt/,https://streetviewpixels-pa.googleapis.com/v1/thumbnail?panoid=8gy7qA4kuUiTlFuab9hZ9g&cb_client=search.gws-prod.grass&w=800&h=500&yaw=172.33362&pitch=0&thumbfov=100,50.042933,19.9321011,,"zajęcia umuzykalniające dla dzieci, Krak...",7,,Pod dachem,Muzyka,w środku,,Kraków i okolice,2.1,zajecia,,
ChIJ_wqxVgZbFkcRe_1jpxTvQzs,"Szkółka Muzyczna ""Pozytywka""",Music school,Świętego Filipa 23,Kraków,Kraków,4,4,+48 606 629 960,http://www.pozytywka.net.pl/krakow,https://streetviewpixels-pa.googleapis.com/v1/thumbnail?panoid=wDVD5xhzCn4ewFSZ-diPwA&cb_client=search.gws-prod.grass&w=800&h=500&yaw=48.505566&pitch=0&thumbfov=100,50.0677902,19.9423707,,"zajęcia umuzykalniające dla dzieci, Krak...",7,,Pod dachem,Muzyka,w środku,,Kraków i okolice,0.8,zajecia,,
ChIJ8yXbYGJbFkcRtnd7tX2eIpg,Lekcje gry na pianinie Kraków,Piano instructor,Rydlówka 17,Kraków,Kraków,5,73,+48 725 473 708,http://pianolekcje.pl/,https://lh3.googleusercontent.com/grass-cs/ACvplmPKIf6m6FeXtQG4sEqH1D88jaYzmRAb9VbiWtGxBHTS_9OzGKD0DvD6OxL_tFShjXk_Trpt1v9GwgBN4CBTzdmsHRgNUaTqsC7-qGWpxriHlYDRtk5K0FXKdMhD99rJdZbRmU-XlJlXfSA=w800-h500-k-no,50.03577,19.9359098,do weryfikacji (dzieci?),"zajęcia umuzykalniające dla dzieci, Krak...",7,,Pod dachem,Muzyka,w środku,,Kraków i okolice,2.9,zajecia,,
ChIJIStsewGSmkERmOAbGkVNdvk,Sztuka Rozrywki - animacje dla dzieci - eventy & warsztaty dla dzieci,Party planner,Stefana Banacha 29a,Kraków,Kraków,5,241,+48 501 226 540,https://sztukarozrywki.com.pl/%3Futm_source%3Dgoogle%26utm_medium%3Dorganic%26utm_campaign%3DGMF,https://lh3.googleusercontent.com/grass-cs/ACvplmNgoVXjfxGaY-7XG-Cu_2vC4d1P8MWjhYMfU1FNMLi3hLI_6A2oogxUWcJ_NrcE9NCARP9I0zLFsmaJg-FipvQBns8l8f2xzUTuhBkwt_4k_S-OTjIAMcjwb46khhRx3-_kqxYi=w800-h500-k-no,50.1008135,19.9597845,przyszła kategoria: Urodziny / animatorzy,"zajęcia umuzykalniające dla dzieci, Krak...",7,,Pod dachem,,w środku,,Kraków i okolice,4.6,z-marszu,,
ChIJga__PzVdFkcRHPCgavID7Hs,PauliMuz - Lekcje pianina i teorii muzyki - stacjonarnie i online,Piano instructor,Henryka i Karola Czeczów 40,Kraków,Kraków,5,58,,https://www.e-korepetycje.net/paulinam8/muzyka,https://lh3.googleusercontent.com/grass-cs/ACvplmNfu_bo-xfDjREZuEWpBkIfv3zg4Dnwrpcw6REFcHftmi6oEB5uKqGNivaQLgnOwfeCiWevvc63mrk1UAgCaSZjWNEeBVR2klo3WRwFx9mFQ5xiynLr3xrhOu4MYmuLRuTWtOOX=w800-h500-k-no,50.0209565,20.0597886,do weryfikacji (dzieci?),"zajęcia umuzykalniające dla dzieci, Krak...",7,,Pod dachem,Muzyka,w środku,,Kraków i okolice,9.9,zajecia,,
ChIJb-yz7dxaFkcRAwls57Yo8NI,Szkoła muzyczna – Pilotów 51,Music school,Pilotów 51,Kraków,Kraków,4.6,66,+48 12 411 49 05,http://www.wiechowicz.pl/,https://lh3.googleusercontent.com/grass-cs/ACvplmP3A4L3u8N5k0WCDc3Z_4JnXr411bDiK34QBb0ayNWCtxPXOBTEmJ6ABbtjfr-57_cKu7pNJklIiJi4QUxvBBgTlFbmqv8BIkaNz0oYrEsAn87JOM3tFwUzIm99xUaFga7dNyP9=w800-h500-k-no,50.0800293,19.9736428,do weryfikacji (dzieci?),"zajęcia umuzykalniające dla dzieci, Krak...",7,,Pod dachem,Muzyka,w środku,,Kraków i okolice,3.3,zajecia,,
ChIJvxYNEDBDFkcRf4sn85C0720,Małopolska Szkoła Rocka,Music school,Daniłowicza 2,Wieliczka,Wieliczka,5,18,+48 516 578 423,https://szkolarocka.com/,https://lh3.googleusercontent.com/grass-cs/ACvplmNUytsIbSerfzXEVW7_Fj9mAUy8t5l7uwkpOMYVoBnpxAZ95YClslp1VqCEkpnmxUQV5i4smB_cnZxVUay7DX5kwRJBIil0il7v_7vPhxoIxMYNF0T2DdQu5aoPXNqDv9TDZWer=w800-h500-k-no,49.9816633,20.0564856,do weryfikacji (dzieci?),"zajęcia umuzykalniające dla dzieci, Krak...",7,,Pod dachem,Muzyka,w środku,,Kraków i okolice,12.3,zajecia,,
ChIJL6AtzHdbFkcRVHPdQmfFPww,Romanna Hunko MuzOn Studio,Music school,plac Inwalidów 8,Kraków,Kraków,5,50,+48 792 610 874,https://muzonstudio.pl/,https://lh3.googleusercontent.com/grass-cs/ACvplmMlShVByHTpF677fWFA58ihbPdzRpDN5fLwqHZKnFj_vBeELIzLnjP02cKq-xM5XNiGQSruNmOv8p9_mA2AWWM-scliPCXRzSxuB8y9nEdMK13lIu7GJLwxs4gC6XdqtNw4Wpv27_5D0Vw=w800-h500-k-no,50.0696088,19.9262083,do weryfikacji (dzieci?),"zajęcia umuzykalniające dla dzieci, Krak...",7,,Pod dachem,Muzyka,w środku,,Kraków i okolice,1.2,zajecia,,
ChIJ4br2J4ZbFkcR4tRevgUPyAI,pomelody | wartościowa muzyka aplikacja książki zajęcia dla dzieci,Musician,Wiosenna 1,Kraków,Kraków,4.9,856,,https://pomelody.com/,https://lh3.googleusercontent.com/grass-cs/ACvplmMyrOpIuhVkQbJt6tzqI3BCUadm7aR_R9mjgZiL4xLfvYp2b70nn-E0FuAw-wuv8r-wzRe3f8VaFBxo9He3XUCnJ-Px6VY_jrg-xngeUqR-6kXzJ_m3GLwUiuu26lfX_NspSq-RxQ=w800-h500-k-no,50.0678024,19.8514971,,"zajęcia umuzykalniające dla dzieci, Krak...",7,,Pod dachem,Zajęcia mama-dziecko,w środku,,Kraków i okolice,6.2,zajecia,,
ChIJdZyEkypbFkcRZbUdcju-AWo,Ola Wachtarczyk - studio wokalne,Music instructor,Kielecka 4,Kraków,Kraków,5,30,,https://www.olawachtarczyk.com/,https://lh3.googleusercontent.com/grass-cs/ACvplmNzMnxmov7cC-gdpL3VedugGceY22N_qW0aLZ4uUPq2xQsEws9Lt1Wj1tZqRr8liN1MWC7rr6scRb5xjWAgRjaoCoQMNMvFIZnMZFdxnMcbSWMdo2llM1v0l2zEeGbMuBtVrdX3XQ=w800-h500-k-no,50.0666029,19.9622627,do weryfikacji (dzieci?),"zajęcia umuzykalniające dla dzieci, Krak...",7,,Pod dachem,Muzyka,w środku,,Kraków i okolice,1.9,zajecia,,
ChIJSW0n-IRbFkcR62e74rG5Z-o,PIANOTORIUM,Piano instructor,Zamkowa 4,Kraków,Kraków,5,22,,https://www.instagram.com/pianotorium%3Figsh%3DMTFndHV1em82aTVqbA%3D%3D%26utm_source%3Dqr,https://lh3.googleusercontent.com/grass-cs/ACvplmPAfunofinM-5y4sRypYHskD7Vwd55QQFQif2vRIsE6MRppWqf5BFoVBdfrTMR0IUo4f_k5c9RQB76aqtGDuk5KjfiAAHYbuzHvY2W3cJSrvbzmXipJRWDNhwMOqa1xZAqwpsawUIWGTDSc=w800-h500-k-no,50.053178,19.930046,do weryfikacji (dzieci?),"zajęcia umuzykalniające dla dzieci, Krak...",7,,Pod dachem,Muzyka,w środku,,Kraków i okolice,1.1,zajecia,,
ChIJZyGxtZ9bFkcRY7PODu9NMPI,StudioPiosenki.PL w Krakowie,Music school,Marii Konopnickiej 19,Kraków,Kraków,,,+48 512 194 419,https://www.studiopiosenki.pl/,https://lh3.googleusercontent.com/grass-cs/ACvplmOfZef30vJnAsjAgJN9i55Wdqx9TWHueDgqpg6FzJGgyTWIaMv7hzZ_JXQ4y_QkfgoFq8B59gbjM0fRBOokjbd5vc_lYhKo4Xmro86Zoh9QgZKeeKOaJdvofD3F6xqlUROO1tv968kD4bDp=w800-h500-k-no,50.0467066,19.9334782,do weryfikacji (dzieci?),"zajęcia umuzykalniające dla dzieci, Krak...",7,,Pod dachem,Muzyka,w środku,,Kraków i okolice,1.7,zajecia,,
ChIJccuKUHJDFkcRLMqaxO2CNx8,Klub Rodziców w Kurdwanowie,Club,Wincentego Witosa 39,Kraków,Kraków,5,27,,https://www.facebook.com/klub.rodzicow.kurdwanow/,https://streetviewpixels-pa.googleapis.com/v1/thumbnail?panoid=nB_OYycLZ9IS4yHyg7Zi3Q&cb_client=search.gws-prod.grass&w=800&h=500&yaw=181.60258&pitch=0&thumbfov=100,50.0121712,19.9548948,,"zajęcia umuzykalniające dla dzieci, Krak...",7,,Pod dachem,Zajęcia mama-dziecko,w środku,,Kraków i okolice,5.6,zajecia,,
ChIJW5Nwo_1bFkcRTZU6TI_QDYM,Stakkato – przestrzeń sztuki i studio muzyczne,Event planner,Berka Joselewicza 23,Kraków,Kraków,4.5,169,,https://www.stakkato.pl/,https://lh3.googleusercontent.com/grass-cs/ACvplmP0TAS7LARGgVggodQYCoIzYvEJcC12_giZ5AbHlsIERqA7fFKGLyyVyUn1WXO0psa2rOaKVV8syJbtohzTpV_WNOXr0Xz5rW3nj-B3Iqn3FLLTJmDIYkbkBZnZn26BwCgQ7S2b=w800-h500-k-no,50.0543922,19.9486716,do weryfikacji (dzieci?),"zajęcia umuzykalniające dla dzieci, Krak...",7,,Pod dachem,Muzyka,w środku,,Kraków i okolice,1.1,zajecia,,
ChIJF92I7o9bFkcRuiayKTAbdKo,Niepubliczna Szkoła Muzyczna I st. im. Karola Szymanowskiego w Krakowie,Music school,Feliksa Szlachtowskiego 31,Kraków,Kraków,4,21,+48 694 714 349,http://smszymanowski.pl/,https://streetviewpixels-pa.googleapis.com/v1/thumbnail?panoid=wtbok4kKev0_lupRvEx9Lw&cb_client=search.gws-prod.grass&w=800&h=500&yaw=334.6083&pitch=0&thumbfov=100,50.0732943,19.9002568,do weryfikacji (dzieci?),"zajęcia umuzykalniające dla dzieci, Krak...",7,,Pod dachem,Muzyka,w środku,,Kraków i okolice,2.9,zajecia,,
ChIJbwJxEhBDFkcRVVUsfPpsUps,Klub Rodziców Fundacji Polekont,Children's amusement center,Jana Kurczaba 2,Kraków,Kraków,4.6,23,+48 889 226 673,https://www.fundacjapolekont.pl/klub-rodzicow/klub-kurczaba/,https://lh3.googleusercontent.com/grass-cs/ACvplmPtWYPiH4YIV1CPi0zqi3LNdzzpmXzcrd3Pp4l95atgOjFVTj94SQpt5-sHTxYrQdjXVKrrqY7cuY9DZSj8ONnIt_n8fgr8Cz4_99XZ6bBv7wZSKJCO3BRokrz2OVnBkaMmgiQ=w800-h500-k-no,50.0139874,20.0008739,,"zajęcia umuzykalniające dla dzieci, Krak...",7,,Pod dachem,Zajęcia mama-dziecko,w środku,,Kraków i okolice,7.0,zajecia,,
ChIJfX4mhCRXFkcRdcCPAjq2kjs,Stenart Studio Muzyczne,School center,Olkuska 28,Szyce,Szyce,5,14,+48 539 983 982,https://stenart.pl/,https://lh3.googleusercontent.com/grass-cs/ACvplmNKAv39FqDd8qthSPIuNVmaUZ8lven_aTDGUNxuFBs2bfNAODmq-4R1HzWqrLuYtJ7GA3jRRxLYxWytjNv26o4oU2_pkIXZQi9uB-WU-RD492SuEUkNo41xpQXGoaVHnmZGzQq6DoVFvns=w800-h500-k-no,50.144026,19.8606952,do weryfikacji (dzieci?),"zajęcia umuzykalniające dla dzieci, Krak...",7,,Pod dachem,Muzyka,w środku,,Kraków i okolice,10.7,zajecia,,
ChIJc_YjuSBbFkcRI9CGSWqPTSU,Akademia Malucha - Magdalena Pięta,Swimming school,Sołtysa Dytmara 3,Kraków,Kraków,5,9,+48 880 003 342,https://www.akademiamaluchakrakow.com/,https://lh3.googleusercontent.com/gps-cs-s/AHRPTWnyCORGT19aRPaas0Df3zmo-GH52pIOzXyAzuSkNPq1MZl0NU5dIb-rJyd5_Y0ZZMqSE9iTGXk7aHnb7Limu7DD6drxV_vFqRM9AE_EKG4wt2wdxh_x_lnZEzB5-R33PTJxELdz=w800-h500-k-no,50.079718,19.8923497,,"akademia malucha, Kraków",7,,Pod dachem,Szkoły pływania,w środku,,Kraków i okolice,3.8,treningi,Pływanie,
ChIJuwPUBMJbFkcRBfhXmQPo7X0,Sensory Side - Przestrzeń dla Dzieci i Rodziców,Physical therapist,Ostatnia 1D,Kraków,Kraków,5,6,+48 507 319 426,http://www.sensoryside.com.pl/,https://lh3.googleusercontent.com/grass-cs/ACvplmNUbEB_eiUVYGtDfKjyeFbFJSdDSoy6IxWJpfpuh7e1lJ88eNsdPOU3DpFqG6WbXduLRqH5bliuvSq3Ifh3UZIIbc6C9wC9m7c6lrOiSCp0WuJc3jns-BhCMsxZh631pjNNStkN=w800-h500-k-no,50.0699329,19.9782887,do weryfikacji (dzieci?),"zajęcia sensoryczne dla dzieci, Kraków",7,,Pod dachem,Zajęcia mama-dziecko,w środku,,Kraków i okolice,3.1,zajecia,,
ChIJwbin3xVFFkcRfCrT9kf9B3E,Bystry Bobas Sensory classes for babies,Children's club,osiedle Górali 5,Kraków,Kraków,5,1,+48 662 313 622,,https://streetviewpixels-pa.googleapis.com/v1/thumbnail?panoid=z3-AGehg1CO8rdoWe3SK7Q&cb_client=search.gws-prod.grass&w=800&h=500&yaw=226.15213&pitch=0&thumbfov=100,50.079757,20.0363869,,"zajęcia sensoryczne dla dzieci, Kraków",7,,Pod dachem,Zajęcia mama-dziecko,w środku,,Kraków i okolice,7.4,zajecia,,
ChIJJcmhwe5bFkcRZDF-jzreIlI,Capoeira dla dzieci - Camangula Kraków,Capoeira school,Bronowicka 73,Kraków,Kraków,5,18,+48 504 217 007,http://www.capoeira.krakow.pl/,https://lh3.googleusercontent.com/grass-cs/ACvplmMhwBYNg89dpa8H1yKKNdgDljCRaY59xsjvKaDVN5ySYzMf10rKanLsK78LajBqVYdxMPOjxZoYE9_Zwft0jdCgrp2dJyZOW6lhZF6zDQDpdC0B7cAXV-gdzSZAD48JB79SMrk=w800-h500-k-no,50.0802373,19.8949629,,"zajęcia mama i dziecko, Kraków",7,,Pod dachem,Zajęcia sportowe,w środku,,Kraków i okolice,3.7,treningi,Sztuki walki,
ChIJO7G0AWxbFkcRIqQr9gbvq5c,Klub Rodziców Fundacji Polekont,Children's amusement center,Osiedle Oświecenia 39/1A,Kraków,Kraków,5,6,+48 889 226 673,https://www.fundacjapolekont.pl/klub-rodzicow/klub-oswiecenia/,https://lh3.googleusercontent.com/grass-cs/ACvplmMR0aHsJH6R1U-dKXKJIpXSx_vVz58jvCnGg4rLNGXLvDGh-NkHZDdSMyDrQOvuhaQfgqlKYDXkIn7o3QaUaIlAN0I6SELK58zpXirEAjGjHjwPqg0NGb3NJcov81_zebj2dBD_=w800-h500-k-no,50.0932433,19.9944654,,"zajęcia mama i dziecko, Kraków",7,,Pod dachem,Zajęcia mama-dziecko,w środku,,Kraków i okolice,5.4,zajecia,,
ChIJe9rg-0BbFkcRLbMyFMUxcvE,Klub Rodziców Fundacji KDM na Berka,Education center,Berka Joselewicza 28,Kraków,Kraków,5,7,+48 12 265 65 53,https://fundacjakdm.pl/klub-rodzicow-na-berka/,https://lh3.googleusercontent.com/grass-cs/ACvplmPeOUwCZdtWjZhOvU9QmvWbeyWoA7vp-_vncCVCkMwwc6Br0dOyVxXc3-6KfZtqNVAJ-5uc2k-jJ7zINweRCCtB24RhPY_Spyl35wcjEV4XMJMExdL1vIe42bEBSyp9eGlMEqd4fA=w800-h500-k-no,50.0553892,19.9481852,,"zajęcia mama i dziecko, Kraków",7,,Pod dachem,Zajęcia mama-dziecko,w środku,,Kraków i okolice,1.0,zajecia,,
ChIJrdY8yWtbFkcRMrLzlOQx0go,"Akademia Super Bystrzaka - robotyka, druk 3D i programowanie",After school program,Zakopiańska 9/406 B,Kraków,Kraków,4.8,41,+48 577 741 441,http://superbystrzak.pl/,https://lh3.googleusercontent.com/grass-cs/ACvplmO5xGAwKn2Wq4MyN2wyZrotNbtYcbyc8cVVuO-F6FrSy0OcEvkr1rATKsEqc4lyR1GKg1k3zfcjtbmQpiRHKbl8OW9JjmUHurco81V7bIpd8ZV3FnbT7SolWhTfcaIvOqmTUdSmnQ=w800-h500-k-no,50.0272877,19.9341757,,"zajęcia mama i dziecko, Kraków",7,,Pod dachem,Programowanie i robotyka,w środku,,Kraków i okolice,3.8,zajecia,,
ChIJqaXr7hBbFkcR2FgXXEQHM5s,DOMIN Kraków – kurs rysunku,Art school,Westerplatte 3/3,Kraków,Kraków,5,467,+48 506 677 935,https://domin-krakow.pl/,https://lh3.googleusercontent.com/gps-cs-s/AHRPTWk-G_5ykJoW1xxGN0K4WUZfVQPXLVKU9kSnjerUxCUxfdjusO3ATaHhntm-3clzpNKX6P-Bt6DMyAc9hMgb6_YpzKDnvnl9fCvEh-xACDADXLqzAmxF706eIPIzFS3Tqk_0GfwI=w800-h500-k-no,50.0638401,19.9451751,do weryfikacji (dzieci?),"zajęcia mama i dziecko, Kraków",7,,Pod dachem,Plastyka i rękodzieło,w środku,,Kraków i okolice,0.6,zajecia,,
ChIJ05fPlGpbFkcR-7cKf5mob24,Caha Art - Pracownia ceramiki w Krakowie,Craft store,Kamienna 16,Kraków,Kraków,4.9,134,+48 736 810 402,http://www.caha.art/,https://lh3.googleusercontent.com/gps-cs-s/AHRPTWmAXT3dViRt039SqTeMD_R-b1mRiaaAi92HnsstBWb58BFmYUpYa5n2ylkW62-yvh6QsCNE6l3ecV58kw9ldoyUfWkLPZgbhcRpOpq_ftOe0MgKTNMwovdK28QwK-Sgh7ojLDDHQA=w800-h500-k-no,50.0777829,19.946648,do weryfikacji (dzieci?),"zajęcia mama i dziecko, Kraków",7,,Pod dachem,Plastyka i rękodzieło,w środku,,Kraków i okolice,1.9,zajecia,,
ChIJ0cazTRNPFkcRGvkKW2HSHT4,"Say Hi! Szkoła j. angielskiego dla dzieci i młodzieży 3-16 lat - Kraków, Płaszów",Language school,Przewóz 40A,Kraków,Kraków,4.9,47,+48 534 738 263,https://sayhischool.pl/lokalizacje/plaszow/,https://lh3.googleusercontent.com/gps-cs-s/AHRPTWmwMBiuY4Aj9D7GYPhgNGbeyKrIHYA7v3NHHDKaeipr-kP5YK5GzPpP1KrA8xBhGoVTbYwmSbNczARtljr4lM09qOM_vDFqKl4W_76h573NjCxBB3Djf1BNf0Hxx3NqtykuqhKGLr9JHJY=w800-h500-k-no,50.0409096,19.9968802,,"zajęcia mama i dziecko, Kraków",7,,Pod dachem,Języki,w środku,,Kraków i okolice,4.8,zajecia,,
ChIJUcl_EH0tBUcRobDC2Tn0Me0,"Say Hi! Szkoła j. angielskiego dla dzieci i młodzieży 3-16 lat - Kraków, Grzegórzki",Language school,Fabryczna 5A/Lokal H3,Kraków,Kraków,4.9,89,+48 534 738 263,https://sayhischool.pl/lokalizacje/grzegorzki/,https://lh3.googleusercontent.com/gps-cs-s/AHRPTWnVJWNeb1QCTBzFL9hp6zK8xXyrt7hU0TCQp_GVjcHmvD-ED0WKnRD5WyRT6y0I1JqdkyqZVOIlajJ-7uIjrVfV651silAEzgpEDCBpZ_AATmeofingc9I_nc7KxuRdVMOUtwbrBy8hPUkM=w800-h500-k-no,50.0615974,19.9713765,,"zajęcia mama i dziecko, Kraków",7,,Pod dachem,Języki,w środku,,Kraków i okolice,2.4,zajecia,,
ChIJj1pINgtbFkcRXp875bVzOs0,Helen Doron - Angielski dla Dzieci i Młodzieży - Kraków Śródmieście,Language school,Włóczków 22/2,Kraków,Kraków,5,65,+48 506 064 413,https://helendoron.pl/angielski-krakow-srodmiescie/%3Futm_source%3Dgoogle_maps%26utm_medium%3Dorganic%26utm_campaign%3Dgoogle_maps,https://lh3.googleusercontent.com/gps-cs-s/AHRPTWlYc3idzNL4eD7_capS42918QS3GQDDFeTDbikxOMfCfN1JybXTl5b6hzMBZ10au7AwBWVditBq6B0_AKIwrO3axLHL2oZ_G5l0dn-hREJ5DVuygI-oah3EAlNSAx1bJH3jopDNQOiXmThV=w800-h500-k-no,50.0562771,19.9233559,,"zajęcia mama i dziecko, Kraków",7,,Pod dachem,Języki,w środku,,Kraków i okolice,1.2,zajecia,,
ChIJz443TThbFkcRKoWH_NnC4mY,Centrum Edukacji Ekologicznej „Symbioza”,Education center,Aleja Żubrowa 15,Kraków,Kraków,5,66,+48 12 201 88 40,https://symbioza-krakow.pl/,https://lh3.googleusercontent.com/gps-cs-s/AHRPTWmqBlWK7QckR5E0KahTRm9thxhcYUSi4el1pepgze0JvI4Rej9TSXjErjPDijUKxwGfU9QidACeYFtEStFMoCcTsvtoBlfeML96MWw_QlGOiV1D0EVSMK_PGvahKrl1G4GT0V4GHA=w800-h500-k-no,50.0522232,19.8516724,do weryfikacji (dzieci?),"gospodarstwo edukacyjne, Kraków; zajęcia mama i dziecko, Kraków",7,,Pod dachem,Nauka i eksperymenty,w środku,,Kraków i okolice,6.2,zajecia,,
ChIJsWrWQuNbFkcR_S8VygEzClk,Krakowska Akademia Musicalu,Music school,Basztowa 6,Kraków,Kraków,5,20,+48 505 236 865,http://www.kamkrakow.pl/,https://streetviewpixels-pa.googleapis.com/v1/thumbnail?panoid=fnMMqYLUalZAH3G8U3giSw&cb_client=search.gws-prod.gps&w=800&h=500&yaw=354.77414&pitch=0&thumbfov=100,50.0664836,19.9368926,do weryfikacji (dzieci?),"zajęcia mama i dziecko, Kraków",7,,Pod dachem,Teatr i musical,w środku,,Kraków i okolice,0.5,zajecia,,
ChIJqxveH0TOFkcRtIS_aoEzW8A,WARSZTAT - kurs rysunku Kraków,Art school,Rynek Główny 34,Kraków,Kraków,4.9,37,+48 500 382 029,http://www.warsztat-rysunku.pl/,https://lh3.googleusercontent.com/gps-cs-s/AHRPTWluouokUGSjbnkBb8OQTL2ahCWUbJPbrLN_d4O5-WcTgrluPE5F3EMyCGkGGiIMApvnI0ALG7tYGAxfhtohgPwtdCGBSvwatMf3xgYxBScOogTdxZ7rUGe01RlXeHlNV6-B5I25=w800-h500-k-no,50.06248,19.936336,do weryfikacji (dzieci?),"zajęcia mama i dziecko, Kraków",7,,Pod dachem,Plastyka i rękodzieło,w środku,,Kraków i okolice,0.1,zajecia,,
ChIJWd3j1fNFFkcR4PFNo8_chIo,Rollersi - nauka jazdy na rolkach,Sports club,Stanisława Lema 7,Kraków,Kraków,5,106,+48 888 999 506,http://www.rollersi.pl/,https://lh3.googleusercontent.com/gps-cs-s/AHRPTWm1OznVrun63-ANZ76fbE8XzMwl31kvesDo0svU_4WSt_DMoONc6ZN8NN0HcJ15iqd0EylcbLp5vEdEHCqPLQGo6Gf54nYbibSuJEz4jlSW4pJc3ZhEZThfWttl9rdqy9VNnwm9=w800-h500-k-no,50.0677903,19.9929823,do weryfikacji (dzieci?),"zajęcia mama i dziecko, Kraków",7,,Pod dachem,Zajęcia sportowe,w środku,,Kraków i okolice,4.0,treningi,Łyżwy i rolki,
ChIJxYP-pdJbFkcRkP5aP-dz3Ac,Klub Rodziców Fundacji KDM Bronowice,Education center,Wizjonerów 2,Kraków,Kraków,,,,https://fundacjakdm.pl/klub-rodzicow-w-bronowicach/,,50.0849537,19.8847101,,"gordonki, Kraków",7,,Pod dachem,Zajęcia mama-dziecko,w środku,,Kraków i okolice,4.6,zajecia,,
ChIJBy-vggFDFkcRI7_7LY193NY,Sunny Bunny Wieliczka,Education center,Krakowska 58,Wieliczka,Wieliczka,5,5,,https://www.facebook.com/SunnyBunnyWieliczka/,https://streetviewpixels-pa.googleapis.com/v1/thumbnail?panoid=ysosAXFd8DH7pkYGg9iuHA&cb_client=search.gws-prod.grass&w=800&h=500&yaw=218.80502&pitch=0&thumbfov=100,50.00261709999999,20.0238944,do weryfikacji (dzieci?),"gordonki, Kraków",7,,Pod dachem,Inne zajęcia edukacyjne,w środku,,Kraków i okolice,9.0,zajecia,,
ChIJQbZYCTJdFkcRKR8KiIauJmc,Whizzy Kids - przygodowe zajęcia ruchowe dla dzieci,Sports school,Bułgarska 15,Kraków,Kraków,5,26,+48 787 040 455,http://whizzykids.pl/,https://lh3.googleusercontent.com/gps-cs-s/AHRPTWk1XPMpeloPB02zWFgtcrnXRKmD1hk1YSAUDoTNzm0yPT-_pVbDCzmXZF0u_ldUjTq-50owSgdYBlrIwm5ZIScvknBSfu6t9TZcjy7UYGC0WGw06LjQ-dKDj2C2rZAxiY3mjlWYf3WYvN0=w800-h500-k-no,50.0274604,19.9168345,,"zajęcia dla niemowląt, Kraków",7,,Pod dachem,Zajęcia sportowe,w środku,,Kraków i okolice,4.1,treningi,Zajęcia ogólnorozwojowe,
ChIJeW9cyVFdFkcRfRQX0LaVTW0,"Bystry Bobas zajęcia dla niemowląt i dzieci, Kraków - Ruczaj",Children's club,Stanisława Rostworowskiego 13,Kraków,Kraków,,,+48 662 313 622,,https://streetviewpixels-pa.googleapis.com/v1/thumbnail?panoid=ArfNcEb1XCio67PhP3XbJA&cb_client=search.gws-prod.gps&w=800&h=500&yaw=147.52391&pitch=0&thumbfov=100,50.0278188,19.9162423,,"zajęcia dla niemowląt, Kraków",7,,Pod dachem,Zajęcia mama-dziecko,w środku,,Kraków i okolice,4.1,zajecia,,
ChIJWyoMxNxbFkcRgsmHCwYy2G0,"Bystry Bobas zajęcia dla niemowląt i dzieci, Kraków - Krowodrza",Children's club,Kościelna 3,Kraków,Kraków,,,+48 662 313 622,,https://streetviewpixels-pa.googleapis.com/v1/thumbnail?panoid=GLCTqOQ-aQYG1UuJBYequQ&cb_client=search.gws-prod.gps&w=800&h=500&yaw=5.678234&pitch=0&thumbfov=100,50.0721867,19.9279986,,"zajęcia dla niemowląt, Kraków",7,,Pod dachem,Zajęcia mama-dziecko,w środku,,Kraków i okolice,1.3,zajecia,,
ChIJG4bPvbFFFkcRycYHJE-eyYg,GO4Robot® Kraków - zajęcia i warsztaty dla dzieci z wykorzystaniem klocków LEGO®,School center,Jerozolimska 2B/LU1,Kraków,Kraków,5,20,+48 571 056 418,https://go4robot.pl/krakow/,https://lh3.googleusercontent.com/gps-cs-s/AHRPTWmdpA1cPRE64nqR0NgTUqY-YMxZK2R664h-482K9kjkhiHn68Ae6LZ5K8e8zuyc6sGY1oGYLEO0WwZSoVqKp_yHGqdT4CHf-3z0C6wvVFuwthjjNF1YnfuLYrN0L8OoH957fw4Q6A=w800-h500-k-no,50.0358222,19.9670136,,"zajęcia dla niemowląt, Kraków",7,,Pod dachem,Programowanie i robotyka,w środku,,Kraków i okolice,3.6,zajecia,,
ChIJRRkK-jRFFkcRJJAKN6eZ55I,AAK Akademia Aktywnych i Kreatywnych,University,Osiedle Dywizjonu 303 66,Kraków,Kraków,4.6,129,+48 728 330 111,http://www.aak.edu.pl/,https://lh3.googleusercontent.com/gps-cs-s/AHRPTWnqoNU00gHX23ZngWF6LhFABa23w-OSJg6Ycc9tmfWkOo5t8zwFDRq3IJhf6jSw5xl_vEZbHSuQoP_mp-1NAM8bXBBCtNP9oN8q-XF2cB2iXKcjHV38muuezi2d9frx2pXzEV_n=w800-h500-k-no,50.083391,20.0071741,do weryfikacji (dzieci?),"zajęcia dla niemowląt, Kraków",7,,Pod dachem,Inne zajęcia edukacyjne,w środku,,Kraków i okolice,5.5,zajecia,,
ChIJs880NLVbFkcRhVXcLhNbv1k,Fundacja Uniwersytet Dzieci,Educational institution,Tyniecka 35,Kraków,Kraków,4.9,127,+48 666 852 797,https://wsobote.uniwersytetdzieci.pl/,https://lh3.googleusercontent.com/gps-cs-s/AHRPTWliUxKzHlYJGNiD19l7RgRH2ZKgVVwJhULXtX4002BJRWtKvaBL9tlCTuLEsIZSaNE21AcF7LdTpC9Nh9QvJblQtrSkuapEczjiOoxR5ZbEOotCEM7NA8JhIueI4ytDjZmLKo1l=w800-h500-k-no,50.0504303,19.9112094,,"zajęcia dla niemowląt, Kraków",7,,Pod dachem,Nauka i eksperymenty,w środku,,Kraków i okolice,2.2,zajecia,,
ChIJxxCdgcZbFkcRkk0zVlXFtCs,Giganci Programowania Kraków Centrum - Nauka nowych technologii dla Dzieci i Młodzieży,Computer training school,Lubicz 3,Kraków,Kraków,5,4,+48 22 112 10 63,https://www.giganciprogramowania.edu.pl/,https://lh3.googleusercontent.com/gps-cs-s/AHRPTWliZsQHg9zyN49JrV7WUIU2pFQaLG9r9pSRqdDaS-FrT0jR3AEjMFi9_qD1vD6iJGUPf5w5ZYcnyHO6khH12xZS3llc7S8NaaknaKDqUHmvOMIbvdvM43R5DlST3ohne214EernoPg3vgAc=w800-h500-k-no,50.06446589999999,19.9455306,,"zajęcia dla niemowląt, Kraków",7,,Pod dachem,Programowanie i robotyka,w środku,,Kraków i okolice,0.7,zajecia,,
ChIJzfbFur9bFkcRI3reOXbRz14,"Superminds Academy Kraków arytmetyka mentalna, angielski, eksperymenty",Education center,Kazimierza Wyki 5,Kraków,Kraków,4.9,59,+48 575 585 835,https://supermindsacademy.com/krakow/,https://lh3.googleusercontent.com/gps-cs-s/AHRPTWksBqslMRhY9WZYY3nHTWAYgRxRheTUL_PxKd4P4WvSbt2F9ZsKDgwY0qmQrVEp5q_1UxEpOqSLsKsRuSpbovJxorCU1dWFCzjBzyp37eKuub5i2BuaU1hjrxJ0eg_ACv8eW8r8=w800-h500-k-no,50.092464,19.9215154,,"zajęcia dla niemowląt, Kraków",7,,Pod dachem,Języki,w środku,,Kraków i okolice,3.6,zajecia,,
ChIJ62pOwbNbFkcRUNEY7xCKWA4,Active Kids Club - Zajęcia Sportowe Dla Dzieci,Recreation center,Kazimierza Czapińskiego 5,Kraków,Kraków,,,+48 799 135 828,,https://streetviewpixels-pa.googleapis.com/v1/thumbnail?panoid=sZ0zHQgsC0OQ1-lpsv8ZvA&cb_client=search.gws-prod.grass&w=800&h=500&yaw=205.961&pitch=0&thumbfov=100,50.0690155,19.919251,,"zajęcia dla niemowląt, Kraków",7,,Pod dachem,Zajęcia sportowe,w środku,,Kraków i okolice,1.5,treningi,Zajęcia ogólnorozwojowe,
ChIJZztW9wZbFkcRcObATS0K9ds,Akademia Nauki,Day care center,Szlak 8a/7,Kraków,Kraków,4.7,11,+48 12 634 26 67,https://akademianauki.pl/,https://streetviewpixels-pa.googleapis.com/v1/thumbnail?panoid=WdQDRpyaq_ti4D5jkMKV5Q&cb_client=search.gws-prod.grass&w=800&h=500&yaw=330.10242&pitch=0&thumbfov=100,50.0706293,19.9336198,,"zajęcia dla niemowląt, Kraków",7,,Pod dachem,Nauka i eksperymenty,w środku,,Kraków i okolice,1.0,zajecia,,
ChIJVZxifCdZFkcRbh1FzRa67u4,Pszczela Akademia,Children's farm,Wiśniowa 3,Balice,Balice,5,12,+48 575 930 702,https://www.pszczela-akademia.pl/,https://streetviewpixels-pa.googleapis.com/v1/thumbnail?panoid=mTs3z37UQaZIe4u7eZBFsw&cb_client=search.gws-prod.grass&w=800&h=500&yaw=114.23373&pitch=0&thumbfov=100,50.085769,19.7924721,,"gospodarstwo edukacyjne, Kraków",8,,Plener,Gospodarstwo edukacyjne,na dworze,,Kraków i okolice,10.7,z-marszu,,
ChIJSS0zfh20F0cRvFPai2BoLzg,"Zagroda Edukacyjna i Gospodarstwo Ekologiczne ""Pszczółki""",Farmstay,Niezwojowice 23A,Niezwojowice,Niezwojowice,4.8,147,+48 660 431 061,http://www.pszczolki.org/,https://lh3.googleusercontent.com/grass-cs/ACvplmPDkigy-dYrYc938x8L9j2nt1cG7B6N-q6hRy4NGBpH33Q2VjmigV91P2V_eCidMuKraOsJBmnZcDoCXx8REy7K4bnOeQQwgl2a6McTTWFJ6KWw5lVEj5cKdK6GZ-q6vkjQyC4U=w800-h500-k-no,50.30873099999999,20.321044,,"gospodarstwo edukacyjne, Kraków",8,,Plener,Gospodarstwo edukacyjne,na dworze,,Pod Krakowem,38.8,z-marszu,,
ChIJTxl-G69HFkcRVDnSxI4ql0k,Gospodarstwo Jeziorkowo,Zoo,Ciekowiec 50,Kraków,Kraków,4.6,1245,+48 572 146 518,https://jeziorkowo.pl/,https://lh3.googleusercontent.com/grass-cs/ACvplmM1RkwA5knhJe7M0wzidShBqLP4QpipwZQ4L-zrm48zBge9UHc7L7cr71RstorUNPdMCfMksWBl9mqjA4kK7vIVuZHMy3pNbRINSd8ig2Fsxuu9hlA0RVZxIYRdaYYElyan7rOjKQ=w800-h500-k-no,50.0517659,20.1697921,,"gospodarstwo edukacyjne, Kraków",8,,Plener,Gospodarstwo edukacyjne,na dworze,,Kraków i okolice,16.7,z-marszu,,
ChIJLQeoKq5XFkcRBTEb5D0dj00,"Gospodarstwo agroturystyczne ""We młynie""",Farmstay,Ojcowska 74,Prądnik Korzkiewski,Prądnik Korzkiewski,4.7,128,+48 606 404 704,https://www.agro-mlyn.pl/,https://lh3.googleusercontent.com/grass-cs/ACvplmN_0Kys471kDnhP96z0C-AYByw7BJmcKcqgbNz4mY95l-7PM_qVBEKTXBYK-zO148JErEYhRALpB83bqZhTKnr-RBNvUUpfjNDO1dWF2jKl58DhG6VYTchcbU3NGUsspUipx7DPiA=w800-h500-k-no,50.1657805,19.8557983,,"gospodarstwo edukacyjne, Kraków",8,,Plener,Gospodarstwo edukacyjne,na dworze,,Kraków i okolice,12.9,z-marszu,,
ChIJ9-kYM5NqFkcRzgtKOTRB5Tg,Wodne Ogrody,Farmstay,Sieraków 223,Sieraków,Sieraków,4.6,30,+48 792 040 028,https://wodneogrody.pl/,https://lh3.googleusercontent.com/grass-cs/ACvplmMLLrMpIOEoR5K5M0BsV9ItWedG2EMPVo3iGlkULm-OwzDCJ_yfaiFlqPXovwtjfPzpypAQsDzSStSwh51pRjJFu5ZbfBK38o4_jSqmzfoRNhePut4PS3x_46Y2Vrh5tmpUxI6UOg=w800-h500-k-no,49.902023,20.0835109,,"gospodarstwo edukacyjne, Kraków",8,,Plener,Gospodarstwo edukacyjne,na dworze,,Kraków i okolice,20.6,z-marszu,,
ChIJDf8z4Cc3FkcRWbEZ3eZZlaU,Słoneczna Zagroda Zagroda Edukacyjna Gospodarstwo Ekologiczne,Children's farm,Wola Batorska 191,Wola Batorska,Wola Batorska,5,20,+48 506 267 538,https://www.facebook.com/profile.php%3Fid%3D100057172011796,https://lh3.googleusercontent.com/grass-cs/ACvplmM3PwH0eP7mTY9u8scs88BQ7qZFyJzNfidRcL90fGfSB7Uzxvtl0f2kHWWIujeWZ5db1VygaayjxNWrZ2YtzYZEsBIkcEny_fDTA4uyultAQ0If-UBO8CEHO84-z-89qI2MPzMoeMV2RAJv=w800-h500-k-no,50.0585561,20.2856163,,"gospodarstwo edukacyjne, Kraków",8,,Plener,Gospodarstwo edukacyjne,na dworze,,Pod Krakowem,24.9,z-marszu,,
ChIJdWoAB9HxFkcRNgdyU24DW8o,Zamkowa zagroda mini zoo,Tourist attraction,Zamkowa,Rudno,Rudno,4.8,1482,+48 517 471 148,https://zamkowazagroda.pl/,https://lh3.googleusercontent.com/grass-cs/ACvplmOn09xPKmHt9Vow6RZ2h5EIC34itXgBwSLwk3bAiiIRJi9Mq0r0Sc6LqGliFmPpRt5mUPUFz7AOkZKyGnQ_JLgJuZ0s1AjZGydLoPb5fF_8thkSzVp5lgghACZHC2fEiF4fx0KD=w800-h500-k-no,50.0999753,19.5831683,,"gospodarstwo edukacyjne, Kraków",8,,Plener,Gospodarstwo edukacyjne,na dworze,,Pod Krakowem,25.7,z-marszu,,
ChIJrUPacC4UFkcRTyr4-Qxotxc,Pod Gruszą,Farmstay,,,,4.5,204,+48 887 501 893,https://www.zagroda-edukacyjna.pl/index.php%3Foption%3Dcom_places%26controller%3Dplaces%26task%3Ddetails%26id%3D237,https://lh3.googleusercontent.com/grass-cs/ACvplmMa4hvsiDchvALA3b82wzG6DSohGS7UYOYUZmlrTcrJ4JiUsWOJHbE_JvvmQkeSJg3QvMlV62YuvVGqvnl0WkwvaWcpqinqI30zkj1JUejDMYZtjte5GpHJNuQHV-Hxblj8abs=w800-h500-k-no,49.865053,20.2005798,,"gospodarstwo edukacyjne, Kraków",8,,Plener,Gospodarstwo edukacyjne,na dworze,,Pod Krakowem,28.8,z-marszu,,
ChIJyx3P-BdbFkcRhucFB_6DMvA,Ogród Botaniczny UJ,Botanical garden,Mikołaja Kopernika 27,Kraków,Kraków,4.7,14114,+48 12 663 36 35,https://ogrod.uj.edu.pl/,https://lh3.googleusercontent.com/grass-cs/ACvplmOTq1BAZun66IogUxtuT-Ed_knx9qW5Tk4mU7pALSVQRV-JF6ohygSfjF7ZgCzgMDEy7Qwf1QD8pDM4z7N2JTBe-yOm1tmZZ_Bd7TfzOZKKw8ENYjwQphoNtqQZeD7gL6tBw8SKLw=w800-h500-k-no,50.0635669,19.9555311,,"gospodarstwo edukacyjne, Kraków",8,,Plener,Gospodarstwo edukacyjne,na dworze,,Kraków i okolice,1.3,z-marszu,,
ChIJGb74tA4xF0cRNGpduU40g7A,Agroskałka | wycieczki szkolne | warsztaty dla dzieci | półkolonie letnie,Farmstay,Szkolna 34,Przybynów,Przybynów,4.6,559,+48 501 154 921,http://www.agroskalka.pl/,https://lh3.googleusercontent.com/grass-cs/ACvplmNW9uxURUEa6rCuXmebICi0OgLHOr0LsToLalfF0ihc6RO2bSvG20YSbpKYddRqTe8ifNDUxHVgIXyTQNTTidScnYVnEZWTFG9NMDky9mu_iqvj7AkiCN8miq3K6KFeS7GlHNQ=w800-h500-k-no,50.6566329,19.3186142,,"gospodarstwo edukacyjne, Kraków",8,,Plener,Gospodarstwo edukacyjne,na dworze,,Pod Krakowem,79.5,z-marszu,,
ChIJ9ZuGocNRFkcRu3-Zlbdv0H0,Coniraya – Ośrodek Jeździecki,Tourist attraction,Władysława Zakrzeńskiego 48,Sieborowice,Sieborowice,5,791,+48 882 141 501,https://coniraya.com.pl/,https://lh3.googleusercontent.com/grass-cs/ACvplmOliGUBv4hyBduuptqcp85Gr433OU9JcZBqXKg8MxS7l_ie7a0rCxqidFynv11o39e5whDGeZ7nHX8KiGdBOjC1GSO1m2-trMg_TGaOXGB9V7Hp97o7QD_V4aW6sVE_smQbkwd-=w800-h500-k-no,50.1634162,20.043633,,"gospodarstwo edukacyjne, Kraków",8,,Plener,Gospodarstwo edukacyjne,na dworze,,Kraków i okolice,13.6,z-marszu,,
ChIJHaf-TXXwFkcRvFCXL-InTV8,"Ranczo Artemidy: stadnina koni, agroturystyka",Tourist attraction,Jurajska 4,Nowa Góra,Nowa Góra,4.4,293,+48 533 944 868,http://www.ranczo-artemidy.pl/,https://lh3.googleusercontent.com/grass-cs/ACvplmNfoYqbgfgzUC60SRuAFZsbUdxSJ7sI3RTq7Dozi_XJLgj4grWpZ7mIBAXofJncf0-dUd8-3gCYlt2Q8yR9rG2lGGSC-WeC5yjNmYqtkPCkGcMYsWOgw5QnarMEDRUV9Bzbl54X=w800-h500-k-no,50.1811427,19.5905921,,"gospodarstwo edukacyjne, Kraków",8,,Plener,Gospodarstwo edukacyjne,na dworze,,Pod Krakowem,28.1,z-marszu,,
ChIJmU66DF33PUcRjvzKrG7dzJ0,Smocza Osada,Children's farm,Żbikowice 59,Żbikowice,Żbikowice,4.8,73,+48 500 040 834,https://smoczaosada.pl/,https://lh3.googleusercontent.com/grass-cs/ACvplmO9uYujxUD5F2BFU0_xKBDA28_sk4pOFqbMjdZ140VuN8VhlH8MJj8TioAFW6_skCRfZ8Bt-7_nojw7LzCr8hYtk9gAgZF7C-JCTfYGF_BxDLLa2-VvJqF7G0b4SZZ-2rc4OoWN=w800-h500-k-no,49.7419685,20.5915294,,"gospodarstwo edukacyjne, Kraków",8,,Plener,Gospodarstwo edukacyjne,na dworze,,Pod Krakowem,58.7,z-marszu,,
ChIJF3Q4Uic3FkcR5objo8Pd3Yw,Jedynie - Farma Dyń,Farm,Wawrzeńczyce 84,Wawrzeńczyce,Wawrzeńczyce,4.5,292,+48 790 660 877,https://www.instagram.com/je_dynie%3Figsh%3DODdreDQzcTBuczFo%26utm_source%3Dqr,https://lh3.googleusercontent.com/grass-cs/ACvplmNhqXUj9i9YVUx5utfUDyaQD_tUETueK5LdGy9LlXIxTOaPvgRNi_1Y3mNqhhUBuFnMf8m3-oIVk1sXKAhJAW_l2-130CDt3zABCm2ZYS4LcTiNWqhOU65Myp4fQ6yEo_lCGdvb=w800-h500-k-no,50.1142917,20.331533,,"gospodarstwo edukacyjne, Kraków",8,,Plener,Gospodarstwo edukacyjne,na dworze,,Pod Krakowem,28.8,z-marszu,,
ChIJq6qW_OjwFkcRR5HUsq7kPes,Pasieka u Tytusa,Honey farm,Ul. Jana Kazimierza 145,Nowa Góra,Nowa Góra,5,24,+48 725 937 947,http://www.pasiekautytusa.pl/,https://lh3.googleusercontent.com/grass-cs/ACvplmOQyE_qMwrk9-8-Yn3f5yt31pzBqDkwwYzgDXd6NNMUtprLIKFwXyBPadz1XHe3zecOdjViHq58NhkGyDq3sKMZSqnvETed1reaPDS1q7_GmnQo4MZPtUHk6yOLVJYiw94FAoMHng=w800-h500-k-no,50.1865268,19.5694626,,"gospodarstwo edukacyjne, Kraków",8,,Plener,Gospodarstwo edukacyjne,na dworze,,Pod Krakowem,29.7,z-marszu,,
ChIJvZqg4v1bFkcRbEH9q5nupvM,Kraków Zoo,Zoo,aleja Kasy Oszczędności Miasta Krakowa 14,Kraków,Kraków,4.6,28435,+48 12 425 35 52,http://www.zoo-krakow.pl/,https://lh3.googleusercontent.com/grass-cs/ACvplmPpO4JHevxCXHyStQAEguila81lxKpjRIttTvI75_g32xmS19OkYT2JBBCj6mFolUKQmaF_BUgGw-4qeMJOAYe4Lzdkctdqr25iZbG5V19ECa3-euAEGEd912kB5GbJMtl2Pc8=w800-h500-k-no,50.0534842,19.8502798,,"gospodarstwo edukacyjne, Kraków",8,,Plener,Gospodarstwo edukacyjne,na dworze,,Kraków i okolice,6.3,z-marszu,,
ChIJRY9FBCNrFkcRnnhzX7-HKvM,Pasieka na brzegu,Honey farm,32,Nowa Wieś,Nowa Wieś,5,28,+48 504 302 166,http://www.pasiekanabrzegu.pl/,https://lh3.googleusercontent.com/grass-cs/ACvplmM4J8gauDmouLzmeIrCTWj8csAI9c7MP-vhHFDFqy1AHjdnevwIS2uDBdqnHSPu2LUXcN49afcoj_71OBfcVvlYqffT7lRnCex03dwUR8z2fyqexsc2xOqR2Za_h0D_vGvVYDpr=w800-h500-k-no,49.9063965,20.058592,,"gospodarstwo edukacyjne, Kraków",8,,Plener,Gospodarstwo edukacyjne,na dworze,,Kraków i okolice,19.3,z-marszu,,
ChIJA89FoUFZFkcRbyVXGHlHYRo,Mini Zoo,Zoo,,Kraków,Kraków,4.7,174,,https://zoo-krakow.pl/,https://lh3.googleusercontent.com/grass-cs/ACvplmM5QGcBbAZOTpEehfHHTyrUIhRko8VK9UdxgEWy_7nKQQD7SkrJCmRHA98HFw94XTKHhhgSh1sUygLD6LId1hLGzok6iwj6u1UODvXwFIYwkiTTkN3PvGIpXPWF4S6y0vsbYxpq=w800-h500-k-no,50.0522791,19.8495339,,"gospodarstwo edukacyjne, Kraków",8,,Plener,Gospodarstwo edukacyjne,na dworze,,Kraków i okolice,6.4,z-marszu,,
ChIJGWIgDQhfFkcREFZcH3NIrvE,Pasieka Lisiecka,Honey farm,"ul, Poległych 1943 roku 24",Liszki,Liszki,5,8,+48 531 177 342,https://pasiekalisiecka.pl/,https://lh3.googleusercontent.com/grass-cs/ACvplmNk-8yYAlCOQobhEBcAKB4rwIaC8AD2ee2kOb2IBGLXT9BHYKJ0KQ8OvpS8VoxnY2pjNLI6bExxH21vam9uHWy1vLhSGUC3zcQiy6QxD1y8hZ3LGUb5h9JxiFzCKPLCpT3zG8ZnoEpLPAE=w800-h500-k-no,50.0424393,19.7694667,,"gospodarstwo edukacyjne, Kraków",8,,Plener,Gospodarstwo edukacyjne,na dworze,,Kraków i okolice,12.2,z-marszu,,
ChIJEQfd1oI7F0cR_R_mxeAGkTk,Między zamkami – agroturystyka,Farmstay,Zamkowa 48,Kotowice,Kotowice,4.6,179,+48 660 753 672,http://www.miedzyzamkami.com/,https://lh3.googleusercontent.com/grass-cs/ACvplmN51ZxvxHC3gpk06lfoal-9LP5K1_a4CvKMqbFNcRrjLTkkAugc0UPE0lgQ0roWS8pI339EMYwIYw2zfLva_DkqnLbP8QsyTMDAm4T77SJUCZiVmthDhVI9j9TiENXTco15NI3hig=w800-h500-k-no,50.601229,19.454475,,"gospodarstwo edukacyjne, Kraków",8,,Plener,Gospodarstwo edukacyjne,na dworze,,Pod Krakowem,69.1,z-marszu,,
ChIJo8Lnrq5bFkcRDMIOuZudjQU,GRAFFITI PARK,Amusement park,,Kraków,Kraków,3.3,12,,,https://lh3.googleusercontent.com/gps-cs-s/AHRPTWkaDnukaYy3LiEepVxaaEn3l1JEehbf67CwvD5FTrq9pc30fBaIeCIuidgrsFBWVgwu5bS9Vdy6-iuBHlVOqBSYfcRfDkYeE6r8MxYmjc13X5boeBTPUm_lebbOXJYTeS38tNyUCA=w800-h500-k-no,50.0760466,19.9064359,do weryfikacji (dzieci?),"lunapark, Kraków",8,,Plener,Boiska i sport na polu,na dworze,,Kraków i okolice,2.7,z-marszu,,
ChIJveOHox6dFkcR03ZsIbyztew,Tor Saneczkowy Góra Żar,Summer toboggan run,Górska 6,Międzybrodzie Bialskie,Międzybrodzie Bialskie,3.9,234,+48 608 381 859,http://sw-zar.pl/,https://lh3.googleusercontent.com/gps-cs-s/AHRPTWnb3P201KZP-sejPER8BMB0PNj--gpZSWvLk9SRHh6cxgibtJBvH2_Br1jYweZqSPJlBHP9D-5yKhvMisdMbs_UzXdgorLhZS_r0u7yuPvq-qvoDzr9Rswbo_RoI_QjOBRkGkPd=w800-h500-k-no,49.787494,19.2243382,,"tor saneczkowy, Kraków",8,,Plener,Tor saneczkowy,na dworze,,Pod Krakowem,59.4,z-marszu,,
ChIJm7JLRzhbFkcRFKRkhqhP6bk,Plaża – Bulwar Kurlandzki,Recreation center,Bulwar Kurlandzki,Kraków,Kraków,4.5,156,,https://m.facebook.com/PrzySta%25C5%2584-na-pla%25C5%25BCy-Zarz%25C4%2585d-Zieleni-Miejskiej-w-Krakowie-1913115225643935/,https://lh3.googleusercontent.com/grass-cs/ACvplmPPlTXbX8vPjSDQrKI_BvfoQtK4lFSusi6XMsbtyTycr2y2rvXdztM1AWY06X0-UvnmKP_SqzqlRD_9T4h5asK2Zb22aT5lwmJvS5PNlA5AgSI0pxYKyb5N9_r8D1goWQ-aoj4ogA=w800-h500-k-no,50.0534134,19.9624083,,"plaża miejska, Kraków",8,,Plener,Park,na dworze,,Kraków i okolice,2.0,z-marszu,,
ChIJReGwO05GFkcRgDcVqOiE_sQ,Kąpielisko Przylasek Rusiecki,Beach,,Kraków,Kraków,4.4,909,,,https://lh3.googleusercontent.com/grass-cs/ACvplmORu-dnItiMvO7zUVPGhK-sfPGTRjnSALj8-b2vcciJSQHSOYecqXa96esyHYBi-bj1Zk-CiS4n-J1VH2y-QwZGP2n4EmDORmxdTkLyRBaxMEIbXQYm8ut8BGQsppNXelHt7jGtWA=w800-h500-k-no,50.0497168,20.1610356,,"kąpielisko, Kraków",8,,Plener,Zbiornik wodny,na dworze,,Kraków i okolice,16.1,z-marszu,,
ChIJ_R8bHKNEFkcRS95b--BJjd0,Plaża Bagry – Kozia 30,Tourist attraction,Kozia 30,Kraków,Kraków,4.6,9016,+48 577 016 001,http://plazabagry.pl/,https://lh3.googleusercontent.com/grass-cs/ACvplmM42nPUtxgPSMy-vcrIlJ1zLtuzH7W3RwIDHYBPLNoOHmkk-Z6WKOHs4Wu7J96fVyrmRHBKTQHqItEZtXskS34jJBA09lTk2nvgr-sVL-i1nhELKE-U8OYUWVKenE0445G25-Gb=w800-h500-k-no,50.0329256,19.9937464,,"kąpielisko, Kraków",8,,Plener,Zbiornik wodny,na dworze,,Kraków i okolice,5.1,z-marszu,,
ChIJQUIjk5hEFkcR-W-k7PTxKMI,Plaża Bagry – Bagrowa,Park,Bagrowa,Kraków,Kraków,4.6,2161,,http://plazabagry.pl/,https://lh3.googleusercontent.com/grass-cs/ACvplmNDoptx0Dp3siTYHeLf0ivOCY41uD-HZ2OKCzRTFQEeWak1NVeaMlbVnnP40frcirnuhlEBh_M7vXM3vmZSGLJfeIDvYKUkcpiGlCPi36RPCWSW1DgxGUUjK2lc7lCXRYn1RB7-=w800-h500-k-no,50.0311718,19.9983115,,"kąpielisko, Kraków",8,,Plener,Zbiornik wodny,na dworze,,Kraków i okolice,5.5,z-marszu,,
ChIJkxQ_N9peFkcRtQ3vQG_L4so,Zalew Kryspinów,Recreation center,,Budzyń,Budzyń,4.5,2290,+48 514 809 007,http://www.zalewkryspinow.pl/,https://lh3.googleusercontent.com/grass-cs/ACvplmPXMUF3vl3yeLZ9KaiaM6CvcmcMgfRNn4VcvCqxeQAKh3PwL-Msx4X0IS_1y2j0KvXzVlFBSDIU8RGmDGuxoVXekaoJ8vc_0U7GQYcmpdYtMjnyYql1scMSgqh-u0cBj8A0IUH4gg=w800-h500-k-no,50.0482029,19.7924653,,"kąpielisko, Kraków",8,,Plener,Zbiornik wodny,na dworze,,Kraków i okolice,10.5,z-marszu,,
ChIJ_____4JcFkcR0uh5TEq7K9U,Park Zakrzówek,Tourist attraction,Wyłom,Kraków,Kraków,4.8,5962,,https://zzm.krakow.pl/lista-parkow/446-zakrzowek.html,https://lh3.googleusercontent.com/grass-cs/ACvplmPXIv-o1vEVpnRmxJ1Y7-pj9YWBViRL2GA7SSwsaX7XY1o6ros0aF04pSnlp2T4uc-11JhkyYt8xPcFibTLtP78qa1hmmuRh9hqJdIs1Pvom4PtQP_48bcqo1CUT72kDYfg5dE=w800-h500-k-no,50.035869,19.9120736,,"kąpielisko, Kraków",8,,Plener,Zbiornik wodny,na dworze,,Kraków i okolice,3.4,z-marszu,,
ChIJPeQ0jQxFFkcRMA6t-CgSPog,Zalew Nowohucki,Park,"Nowa Huta, Bulwarowa",Kraków,Kraków,4.8,4245,,,https://lh3.googleusercontent.com/gps-cs-s/AHRPTWmFvrvJ32m3WfyN0amlaUvMnfVFAkfmt3j2Q7LT2a1dbPxv4zNl_4uIp4MQpanKCz68v6CdjhfOSoEcr_0gaes4NyiI-UaCMZqKUuX2UUGNzaPGxeHIQe_I8wh442uTE0yCIZ4C=w800-h500-k-no,50.07903899999999,20.0511046,,"zalew, Kraków",8,,Plener,Zbiornik wodny,na dworze,,Kraków i okolice,8.4,z-marszu,,
ChIJa7JlMdJPFkcRyQXpxPmHiPk,Zalew Zesławice,Hiking area,,Kraków,Kraków,4.6,559,,,https://lh3.googleusercontent.com/gps-cs-s/AHRPTWkjiA9Gbdfv8hmttJbwTxtwHWcQkjdM_K5bI7mBNrLRgGWnDe739R8-rzgbfdO5tGHh-tvMyAGrmAHjtpDxfoiVnyrrenNqJF7pqVU92o4ama3uZq56F-syj_Ad8YYUvOcyKxxa=w800-h500-k-no,50.1047001,20.0342094,,"zalew, Kraków",8,,Plener,Zbiornik wodny,na dworze,,Kraków i okolice,8.4,z-marszu,,
ChIJHe6dbltbFkcRPf-nXnw5QhE,Plac zabaw – Parkowa 8,Playground,Parkowa 8,Kraków,Kraków,4.8,127,,,https://lh3.googleusercontent.com/grass-cs/ACvplmOlhEnfhh1H8bDwb5yb0QIHT9kmF6t54ltkiOos8xIyYuq2RnjodpCnRX0R_sR9Dk1XKdZRvdFAoLWLc7681QdgwGtX0ht4TOXPAGOroK-9nb0pmiOVFDMNwspe7I2T6yiLS_wM=w800-h500-k-no,50.0412781,19.9502633,,"plac zabaw, Kraków",8,,Plener,Plac zabaw,na dworze,,Kraków i okolice,2.4,z-marszu,,
ChIJT9gRrh5bFkcR6hwt-BW8Fm4,Plac zabaw Leśna Kryjówka,Playground,,Kraków,Kraków,4.8,179,,,https://lh3.googleusercontent.com/grass-cs/ACvplmNtUutmsIuye5WMq0qmlinDLjhDrx2Rb2-7YFr6YBWKeOUcRB0w456clgfDmIVPvOsWwYsdozX0jzkmJ-_mzGlR7qMyiEXUrxGm-EArxS-cct3ozBX_mQaWJTZIZ2LBmdksvRPi9A=w800-h500-k-no,50.1072472,19.9452723,,"plac zabaw, Kraków",8,,Plener,Plac zabaw,na dworze,,Kraków i okolice,5.1,z-marszu,,
ChIJcV8zCI5cFkcRrKEoXx4tNqo,Smoczy Skwer – Zachodnia,Playground,Zachodnia,Kraków,Kraków,4.5,328,,,https://lh3.googleusercontent.com/grass-cs/ACvplmNi8J-wwrfQmNBYaKgAxTP25dGnIGCPNSfShctwOs9ciisgVZ53Ti209pLyn5knJPNOBLV3s0C6vrEddx1crglggQ6-kItHVUlOPKF3OrTT2PJ0HoOaXXNcu260bzwbK25CtXQG=w800-h500-k-no,50.0239865,19.9091822,,"plac zabaw, Kraków",8,,Plener,Plac zabaw,na dworze,,Kraków i okolice,4.6,z-marszu,,
ChIJi26p505aFkcRwaDwoKYJLrQ,Plac zabaw – Jana Palacha 5,Playground,Jana Palacha 5,Kraków,Kraków,4.9,429,,,https://lh3.googleusercontent.com/grass-cs/ACvplmO6XBaaNQYJ9a97zKUhhWFX6efRjNpWp4i9tPasM9_jVbVwFYkmhgfUxasDCgRNLbs3IguQWeC-uvZvLb46oBnr8TiX5_rnGTeN1NJ99L5J3OLFFGItpEKeL1ygTTMZHPOGygI=w800-h500-k-no,50.0883517,19.9196983,,"plac zabaw, Kraków",8,,Plener,Plac zabaw,na dworze,,Kraków i okolice,3.2,z-marszu,,
ChIJPwn1H8ZbFkcRcH-lLvVb15w,Plac zabaw – park Młynówka Królewska,Playground,park Młynówka Królewska,Kraków,Kraków,4.8,449,,,https://lh3.googleusercontent.com/grass-cs/ACvplmOkSBO6OiooZb6Nt76QqqCOszQ7vznmK2rdz0nAbhmmnUixE0rL4RYUeohD3gNKrhSo-cku0O4-tJC9uUlAlbUtFDLU8cLqh_m6BCH1G7uhwSkullxoeUP083P9B-f2Ar1jJ9xMUQ=w800-h500-k-no,50.0751662,19.8928919,,"plac zabaw, Kraków",8,,Plener,Plac zabaw,na dworze,,Kraków i okolice,3.5,z-marszu,,
ChIJgcjV_JpcFkcRzzsFjQeokHI,Plac zabaw – Kobierzyńska,Playground,Kobierzyńska,Kraków,Kraków,4.5,156,,,https://lh3.googleusercontent.com/grass-cs/ACvplmOdjeBpSRJhLNgdIe2Wxu-6Ltl16I1BL8wdZqdbUS6r72BoPhOzScoTj1pESWpw30KJyIRzsqSl_OJ26xp9Lv4enOtzi2lSTCUhV06StMEAyblEHeSHBhlqzfh2Nbqv2CgcuiMr=w800-h500-k-no,50.0301455,19.9178583,,"plac zabaw, Kraków",8,,Plener,Plac zabaw,na dworze,,Kraków i okolice,3.8,z-marszu,,
ChIJHbLw_69cFkcRZtmtKXEqS70,Plac zabaw – Aleksandra Fredry 12,Playground,Aleksandra Fredry 12,Kraków,Kraków,4.6,120,,,https://lh3.googleusercontent.com/grass-cs/ACvplmOZZaOchrwiKW57-vgSSUWkMC3ANyWLcTYwyxBLAUYN3bHXTYeG6zagKXWOFeswnd9hDEjg-stULJKCfP4KWe9gn3EQDB7kfkJb8kSiRO74bmwTN3VIkl67kjYLTNfPKvsv28cyIQ=w800-h500-k-no,50.0233697,19.9438226,,"plac zabaw, Kraków",8,,Plener,Plac zabaw,na dworze,,Kraków i okolice,4.3,z-marszu,,
ChIJjXhoOclbFkcRgvjvrIP_Cac,Plac zabaw – Rozrywka,Playground,Rozrywka,Kraków,Kraków,4.8,71,,,https://lh3.googleusercontent.com/grass-cs/ACvplmOmNvdwwO3c063Y5pS6-Oh6nfvKYhAeCz9JBY7L9d5uYvQdhq1ap2IIaIoTKXp2yfQf4aLTYkfGBtZp8tLJZ0MEFeDpX7YOtPZaLmzhYgYfI3WVxmQoauDn5omsBuferTyDpYGm=w800-h500-k-no,50.0968228,19.9858108,,"plac zabaw, Kraków",8,,Plener,Plac zabaw,na dworze,,Kraków i okolice,5.2,z-marszu,,
ChIJc2QbymtbFkcRC9mjDs041IQ,Plac zabaw – Praska 22,Playground,Praska 22,Kraków,Kraków,4.9,45,,,https://lh3.googleusercontent.com/grass-cs/ACvplmPaqrrn5xsKzU7pdp5HboVcvgEOrfxzgLUqNAn7yEoHg5-Qq2vsRtKL4LuYkCmBVvk6s14d7tl-eOPecaYwwFIRhf6E-JD-HCJoOTD0UXpXFDKP1eR7YK0B-JY3MFBoAUb6AZY=w800-h500-k-no,50.0490451,19.9158928,,"plac zabaw, Kraków",8,,Plener,Plac zabaw,na dworze,,Kraków i okolice,2.1,z-marszu,,
ChIJ4ZXavO5bFkcR2kr--I9T7c0,Ogród Kasztanowy Krakowian,Playground,Rakowicka 20,Kraków,Kraków,4.5,124,,https://www.facebook.com/parkwitastwosza,https://lh3.googleusercontent.com/grass-cs/ACvplmMo1uJddq_mewZDd5-12TnTfiDDaowolNeR73RRzo9V27FtGQq-PRVtJyjGOwFa8OuvPFBPJg4PRv6TOUqCWFM9JiYOahoGxBrgeM98bPQvO-ZFTM_WsT0yfxAXhlfiBStEG1qhaA=w800-h500-k-no,50.0698526,19.9499884,,"plac zabaw, Kraków",8,,Plener,Plac zabaw,na dworze,,Kraków i okolice,1.3,z-marszu,,
ChIJE-_aJCNbFkcR20AQX4hRqhk,Plac zabaw – Przy Rondzie 7,Playground,Przy Rondzie 7,Kraków,Kraków,4.6,72,,,https://lh3.googleusercontent.com/grass-cs/ACvplmPJiRER0SxL17Cl32q6Mm8VuK_I6iGk8037p9URhOrTkr8BJObhTi0Pxxb63ndoPfTY22duTLp4xq1sVIZSkL4d35lHSbnhGGkWos0Tx2wq19oLqkRKGf1VN3JP6F3DUAThVWz8mQ=w800-h500-k-no,50.0636857,19.9607822,,"plac zabaw, Kraków",8,,Plener,Plac zabaw,na dworze,,Kraków i okolice,1.7,z-marszu,,
ChIJnbvI8mRbFkcRJ7VschHtFzE,Plac zabaw – Szwedzka 72,Playground,Szwedzka 72,Kraków,Kraków,4.4,94,,,https://lh3.googleusercontent.com/grass-cs/ACvplmOUMjrttPaeyOkt3K-_wP_lxZt24FJLoy_qyyRK5HsVgwWLj7DdN30W-VYo4O1NNYuCFflR4N0ozKfdEnPsKvZ3IMdf1w3R18BT4hWtYNNGDX6LnLBcXIY0G9VW7LGc6i_XkAyTiA=w800-h500-k-no,50.0433452,19.9278544,,"plac zabaw, Kraków",8,,Plener,Plac zabaw,na dworze,,Kraków i okolice,2.1,z-marszu,,
ChIJ9R2u1N1cFkcRoqludo0EIQE,Plac zabaw – Wichrowa 27,Playground,Wichrowa 27,Kraków,Kraków,4.8,76,+48 12 201 02 42,,https://lh3.googleusercontent.com/grass-cs/ACvplmMLhFsY5ZSg3Ra04lp6ejLjRS7L1x03Uw0UJfoRHnmUiybU1iZK-C7p3I8HeItBb4WjKxvhttyOKh0eNGF6nFit2b_ECsygCrkpK01dOWVAIbmIc4KTKQAIWmbaTwMv6ecxbiVz=w800-h500-k-no,50.0019419,19.9143177,,"plac zabaw, Kraków",8,,Plener,Plac zabaw,na dworze,,Kraków i okolice,6.8,z-marszu,,
ChIJMc_P8IFZFkcRCTqLLqzhHp8,Plac zabaw – Włodzimierza Tetmajera 17,Playground,Włodzimierza Tetmajera 17,Kraków,Kraków,4.6,76,,,https://lh3.googleusercontent.com/grass-cs/ACvplmOx1QW9uGHd5dpLU5OoZaHLCl5aQTEHEFJ7EterWh0XLEV20ecZRmsbGll0E7hee0gXEzWyyFz_ISrMpTH9oanVI1CNtgczjkttvYMLSP60sXtV-Gg7NVCUIrBEy9910Se8BY1t=w800-h500-k-no,50.0865824,19.8791552,,"plac zabaw, Kraków",8,,Plener,Plac zabaw,na dworze,,Kraków i okolice,5.0,z-marszu,,
ChIJo_WmE0lFFkcRLq_x15-XGMU,Plac zabaw – Wacława Króla,Playground,Wacława Króla,Kraków,Kraków,4.5,261,,,https://lh3.googleusercontent.com/grass-cs/ACvplmM0RJwGZEFhUYIEyw7fCKQF_rmHGXAAKgf98QdfSom0uUbIHkyMwXg6ivCdd5-AlCV3MyWYnKhBtvZL3eNud21yvIvq52CQomEgIKhVHIoMFdin1qB6QOMjE5SWz_CNA2aT8PsJrg=w800-h500-k-no,50.0884383,20.0168056,,"plac zabaw, Kraków",8,,Plener,Plac zabaw,na dworze,,Kraków i okolice,6.4,z-marszu,,
ChIJ9T1hFLFbFkcR9PHrp1tXdmQ,Plac zabaw – Młynówka Królewska,Playground,Młynówka Królewska,Kraków,Kraków,4.6,73,+48 12 341 85 14,,https://lh3.googleusercontent.com/grass-cs/ACvplmNEkOOpGLWPPNjiymYijJYAy_Hz32mGK7-alypKujJcwsRavjzqXS_CdWKKyIHMaBIfgUvGByA2IIUgTBcWEYQMQdjfCSD2bXbWZHZ4ZZs1KiVzdr5YQb039hoTG9o12ngOF5-sgw=w800-h500-k-no,50.0754901,19.9105636,,"plac zabaw, Kraków",8,,Plener,Plac zabaw,na dworze,,Kraków i okolice,2.4,z-marszu,,
ChIJz6Hw3ttaFkcRiwYiyVEkI2A,Plac zabaw – Kazimierza Chałupnika 14,Playground,Kazimierza Chałupnika 14,Kraków,Kraków,4.6,184,,,https://lh3.googleusercontent.com/grass-cs/ACvplmOGm-RQ1PMKgpdhbNocb1O3gjsQHZ9yR2ImQoxrGQI8ieBC1KBX-5Xj70fOP-Cc6JF_FfnB0L8m_IpvVKBFUBcu-lZp5_66U-B0NcD11J74_LrOe88FMEPmOtO7Vux3McaNhXoR=w800-h500-k-no,50.0763318,19.9753778,,"plac zabaw, Kraków",8,,Plener,Plac zabaw,na dworze,,Kraków i okolice,3.2,z-marszu,,
ChIJAdW1i79cFkcRgChhSZ-sXI4,Plac zabaw – Żywiecka Boczna 2,Playground,Żywiecka Boczna 2,Kraków,Kraków,4.3,244,,,https://lh3.googleusercontent.com/grass-cs/ACvplmONv1l6FAZ2ATt-ygzX9Oc0XOJbHoUFOdrjSXsGgVkjHO5jCcHGlzFfmFRLpj9z-Wv0bx9BgxwbxT_7gtRkhvd8By2kitV85RE0OiOajD_eQg-vaNHGyjgGb3UMg49hpGMcccU=w800-h500-k-no,50.0162778,19.9229683,,"plac zabaw, Kraków",8,,Plener,Plac zabaw,na dworze,,Kraków i okolice,5.1,z-marszu,,
ChIJJTtG4fxbFkcRhZ1e7Guqof0,Plac zabaw – Aleja 3 Maja,Playground,Aleja 3 Maja,Kraków,Kraków,4.8,22,,,https://lh3.googleusercontent.com/gps-cs-s/AHRPTWkesGMdaHDlJ_0fge0Z-lBEYF1zWpJvgk-9E-Xq0mizo_GL4qg3cWtH1Meu149ybeSKFTxx5eyPBiYORbrr1XMzMxRCnhggOzS3qluE_ZZka6bUAivarjlO-mp19q0Oeheopm2-=w800-h500-k-no,50.0614152,19.9133203,,"plac zabaw, Kraków",8,,Plener,Plac zabaw,na dworze,,Kraków i okolice,1.7,z-marszu,,
ChIJn6gWobldFkcRq10WGTzcCYE,Plac zabaw – Do Wilgi 22,Playground,Do Wilgi 22,Kraków,Kraków,4.8,72,,,https://lh3.googleusercontent.com/gps-cs-s/AHRPTWnZgCREMzYgdDqnuX1RC0uTgMMkgoeTYcvpblSntpXpZnWPHk6vasyXDbENwMMKsAeQvF1C6fxg13ljRJ42kJMy8x-k6_bIRRnGZRtLD39LHmn4x9ahXjxX5Mp4e_9xQl3XrkcL=w800-h500-k-no,50.0240048,19.9298665,,"plac zabaw, Kraków",8,,Plener,Plac zabaw,na dworze,,Kraków i okolice,4.2,z-marszu,,
ChIJ5b_4MjNFFkcRkaiRUyepCGk,Plac zabaw – Bolesława Orlińskiego 6,Playground,Bolesława Orlińskiego 6,Kraków,Kraków,4.5,26,,,https://lh3.googleusercontent.com/gps-cs-s/AHRPTWn7cc--WyyghHvgbC4PZlux9U-RKgBk82dzlXLhTB_PEcutGbeQloEAv7WAIDPlVW3DZvULF6rqKl-IKm1ZfveiBSPOzXI4-k8cQW0rw4Ni20a4GTuY2SVy9vCY5h5ZrZyutxbE=w800-h500-k-no,50.0805266,20.000813,,"plac zabaw, Kraków",8,,Plener,Plac zabaw,na dworze,,Kraków i okolice,5.0,z-marszu,,
ChIJ6z2p7DNFFkcRefDrgS5I67g,Plac zabaw – Os. Kolorowe 39,Playground,Os. Kolorowe 39,Kraków,Kraków,4.6,23,,,https://lh3.googleusercontent.com/gps-cs-s/AHRPTWlYDUO_mRoU3h1j0JkK1W8sDweY-8ZiTc0UjZyW18_xgmg533UBpX0OVkM22IC2W8hbiXOu5fWBrT_Zv9HIBLMiBAhfKnv8CReUotDKYeFFwDghuf2ONH-xdFgxNT57NcffBM12Mw=w800-h500-k-no,50.07605299999999,20.0259686,,"plac zabaw, Kraków",8,,Plener,Plac zabaw,na dworze,,Kraków i okolice,6.5,z-marszu,,
ChIJjTq_D4ZDFkcR7_Fin_1I3QM,Plac zabaw Heila,Playground,Puszkarska,Kraków,Kraków,4.6,132,,,https://lh3.googleusercontent.com/gps-cs-s/AHRPTWkEHwR_NINuB638SdOjJn6exgh0NNkf25W7FrWXcgG-zuHL8HEOGgvsgQAFEH4JUSaRVbNoXqIk6cGAKEsPDJRDbBPp5yJTfUxZEU1xVxb6XrZzYPNTi8FUzW2MMAaDZBWorR8wIg=w800-h500-k-no,50.02329169999999,19.9584614,,"plac zabaw, Kraków",8,,Plener,Plac zabaw,na dworze,,Kraków i okolice,4.5,z-marszu,,
ChIJBwyNwZdcFkcROSVwJlBFTP8,Smoczy Skwer Wilga,Playground,Do Wilgi,Kraków,Kraków,4.4,228,,,https://lh3.googleusercontent.com/gps-cs-s/AHRPTWmgLnpK2Hp5z0r3wXfqzG7v38ba67kihJP2sbiRYbEfgAB7dni-p7vuvx_VSQAk2NnGdmPUeiWA3fk6JWDk2rO3LGksXrARODpAbb6gyCOiCEw6wKU6Nvp16sNcwxBBfk_UY6I=w800-h500-k-no,50.0249108,19.9256583,,"plac zabaw, Kraków",8,,Plener,Plac zabaw,na dworze,,Kraków i okolice,4.2,z-marszu,,
ChIJTRZ89spFFkcRvETwaL5Mk4I,Plac zabaw – Aleja Generała Władysława Andersa,Playground,Aleja Generała Władysława Andersa,Kraków,Kraków,4.8,10,,,https://lh3.googleusercontent.com/gps-cs-s/AHRPTWmpgnQVx7DS24l1vWLDLhNKaPegR6Vk-abjo3zSkFVLDrcB9rpdWFH_Tc_6xLTc6eshW0d860uzy53VVtuDcwTamV2V6vD3m7HVKch_7A1urFcK8SbVBK7enK0KYEucx8hymkNusQ=w800-h500-k-no,50.0777913,20.0312663,,"plac zabaw, Kraków",8,,Plener,Plac zabaw,na dworze,,Kraków i okolice,7.0,z-marszu,,
ChIJ15MU3NlaFkcRq4NJo0WCgIw,Plac zabaw – Śliczna 12,Playground,Śliczna 12,Kraków,Kraków,4.6,104,,,https://lh3.googleusercontent.com/gps-cs-s/AHRPTWmgQR745uIuBmrc_V4-Be-cat1uxrjnDrtB2XFqccx3k94D6l4wxIfUR32-hIfNRWKrBKVK47w45FRiFlzGf24teaJRJnZ1NBK9ebMZjShbMAbe2chQt3v3raiHHU38mvu3I4RWDg=w800-h500-k-no,50.0740899,19.979041,,"plac zabaw, Kraków",8,,Plener,Plac zabaw,na dworze,,Kraków i okolice,3.3,z-marszu,,
ChIJLZaQNGFbFkcRUlwNhl-myFc,Plac zabaw im Króla Tomasza I Wielkiego,Playground,"Prądnik Czerwony, 30-001",Kraków,Kraków,4.5,47,,,https://lh3.googleusercontent.com/gps-cs-s/AHRPTWmVat84OZUukMGPQsZ9K5nmaFKbRv1Frb7mWn8K3eMEwvZSX0Ktugc5OzFzzbmZJ6cwKvJXHHCWlPzNZT2t1AK9L6lLvY3Qc8jqGbfxLT9HWqZmBAH99nXSXVlWwOtvQxCuKRLq=w800-h500-k-no,50.0936623,19.9734456,,"plac zabaw, Kraków",8,,Plener,Plac zabaw,na dworze,,Kraków i okolice,4.4,z-marszu,,
ChIJPd_BKR5FFkcRJ-yIFD_KW_s,Plac zabaw / Ogródek Jordanowski im. Babci Zosi,Playground,Osiedle 2 Pułku Lotniczego 2B,Kraków,Kraków,4.9,11,,,https://lh3.googleusercontent.com/gps-cs-s/AHRPTWkpx7xmltnYWLn6eCAz639I4SbK8Kc0YLfzaUrHL38R1azqSWpflasjBk0iPJ-R2y_CyCxvfvVt8y6aSxyNqyZLaIW88iEYD9usD_E0b4Q-f85WEXcHKNhtcx6CxGhi2igIb1JumQ=w800-h500-k-no,50.0772409,20.0128878,,"plac zabaw, Kraków",8,,Plener,Plac zabaw,na dworze,,Kraków i okolice,5.7,z-marszu,,
ChIJGQOEIQBbFkcRRe555l90tVo,Plac zabaw w Parku Kolejowym,Playground,Mikołaja Zyblikiewicza,Kraków,Kraków,5,26,,,https://lh3.googleusercontent.com/gps-cs-s/AHRPTWmysipjIlkc64RftH62ktY3r4ckamG4wvY-jOMiWOcOYr_9aBV9porulXIcWncdZ7q6Vs2vnYv-uYtfHM2tU4Ed6oNy1C0UjUyjl0vfLtct9_CEtpfCj3uDFU3m0TpDkM4q8RR-UWb6kM0Z=w800-h500-k-no,50.0599514,19.9476196,,"plac zabaw, Kraków",8,,Plener,Plac zabaw,na dworze,,Kraków i okolice,0.8,z-marszu,,
ChIJ582VMNVaFkcR-uO-eLJ5Mn0,Park Lotników Polskich,Park,,Kraków,Kraków,4.7,9997,,,https://lh3.googleusercontent.com/gps-cs-s/AHRPTWmPz-kww1Wtuopr2eNOIiGjqK_2e7q7-zGkBtCseYz3wEmiTRCV74p_w8zu2WoZEyorJefG8Zc3ko9owqCE1R2kaOWgwcTi1Z01mkI_JqVnMRDWo5ZvO6161kFsjtkUfol5QJquQA=w800-h500-k-no,50.0702676,19.993358,,"plac zabaw, Kraków",8,,Plener,Park,na dworze,,Kraków i okolice,4.1,z-marszu,,
ChIJEyPdAbNaFkcRj19eozfiM3I,Plac zabaw – Srebrnych Orłów 2,Playground,Srebrnych Orłów 2,Kraków,Kraków,4.5,166,,,https://lh3.googleusercontent.com/gps-cs-s/AHRPTWk4UatC9txbbg5Iz354UMM__yY4SnTBMZyuoTmjU8_v_C2b9dHzjmcw3ojCy3j5Z7RBEZPXU5HlSg99ZUdxRGvAaHBzmCQmqyb7kFsTHJzKZkHS-3ncTONVMg_4HmS_nDebZzKYuQ=w800-h500-k-no,50.0945699,20.0072793,,"plac zabaw, Kraków",8,,Plener,Plac zabaw,na dworze,,Kraków i okolice,6.2,z-marszu,,
ChIJXa2hi0FbFkcRIlGrEbHxoEA,"Plac zabaw ""Polanka Redemptorystów""",Playground,Krzemionki 30,Kraków,Kraków,4.8,4,,,https://lh3.googleusercontent.com/gps-cs-s/AHRPTWkJ2SZGzJHcXE_Imb9AkGikFVslQ_41U8oL9RcjGjXxb9CgLsggzk-wS7Q8WDptOwOQioHy_rHVIcdtWtmy1Ct1hCAr5kiqVPDYLawg_Ns_eegmibT_xXUZnhX9bDNXQu62lLgv=w800-h500-k-no,50.0384882,19.9444841,,"plac zabaw, Kraków",8,,Plener,Plac zabaw,na dworze,,Kraków i okolice,2.6,z-marszu,,
ChIJWSmKdwBFFkcRWJ4Ho4hJw2E,Plac zabaw – Lasówka 26,Playground,Lasówka 26,Kraków,Kraków,4.7,21,,,https://lh3.googleusercontent.com/gps-cs-s/AHRPTWlnlKTOEqjDdolnX07QZ8oZr4WR6VrCTMBBOmYNKHB205QuDCs_6dNDzP7XlEKoL90QYkfCOWQzfArgChXGYJa8uhq7yz_gTSgAQ84Mo9gRhouLkkGP30fZ4WKxjEJmjSFoqmDzRA=w800-h500-k-no,50.0479633,19.9932369,,"plac zabaw, Kraków",8,,Plener,Plac zabaw,na dworze,,Kraków i okolice,4.3,z-marszu,,
ChIJCUbZvrdEFkcReDd0xbMKX4s,Plac zabaw – Myśliwska 5A,Playground,Myśliwska 5A,Kraków,Kraków,4.3,79,,,https://lh3.googleusercontent.com/gps-cs-s/AHRPTWl7hnMveO05ORPzxPTnD8174kZ1LeCMyPC68mivWi3DQFIBKx8pHJAriz6iCeBaEbN6y6whmW9_yrXR1FogjX4YlZ201WtpC7PbgSZJ8kayBGk3VH30_OQVsK-uaT2acJ91wcH2=w800-h500-k-no,50.04580079999999,19.989102,,"plac zabaw, Kraków",8,,Plener,Plac zabaw,na dworze,,Kraków i okolice,4.1,z-marszu,,
ChIJf2m15HVbFkcRD45cDsBm87Q,Plac zabaw – Pułkownika Francesco Nullo 15,Playground,Pułkownika Francesco Nullo 15,Kraków,Kraków,5,3,,https://zzm.krakow.pl/,https://lh3.googleusercontent.com/gps-cs-s/AHRPTWlB3kUGrhV_lgvQVIE0rhomm63_RXf5boIj4O4dNKaAlZlTjBjELmZvaoarszliGJTB7HIPgEBgeg_aVp_KGAAPUS1PTUf9q6g3wptnDN0h-X-M9j6XfLrQLNspqkYnxkwl7hqDEw=w800-h500-k-no,50.0610668,19.965977,,"plac zabaw, Kraków",8,,Plener,Plac zabaw,na dworze,,Kraków i okolice,2.1,z-marszu,,
ChIJCaIFVwRFFkcR3YelumXg3xk,Park Żeromskiego,Park,Osiedle Na Skarpie 6,Kraków,Kraków,4.7,1071,,https://zzm.krakow.pl/lista-parkow/238-park-zeromskiego.html,https://lh3.googleusercontent.com/gps-cs-s/AHRPTWnO6DYsgZU0RKdI-GbnPysaEQThslASIqy-P-AJOLOhEjqxFfNJ-8jesVBzLfMIE62pHspwuYl43-kHp3P8ewHP3Jt5fnnVUeJtWXm1rk2sNZWo_Ddq9IwKwBJ5eOAQIIYVXOL4=w800-h500-k-no,50.0662978,20.0431559,,"plac zabaw, Kraków",8,,Plener,Park,na dworze,,Kraków i okolice,7.6,z-marszu,,
ChIJidOVSqdbFkcRX3-A2Ap0W6A,Plac zabaw – Horodelska,Playground,Horodelska,Kraków,Kraków,4.5,46,,,https://lh3.googleusercontent.com/gps-cs-s/AHRPTWl10LRf2bM4TjgOgYd463xRwTbAzBWPRDl7ZjlDUP5QkYk9BuJHJZdMMGvtoQ-2lgeZQME-EhEAlTLvA95jOoa3ojF1iCtxYS-oI-U95kFHPEUyg40YrulG6pBu2-MaGO4nnOHrjQ=w800-h500-k-no,50.0906434,19.9976686,,"plac zabaw, Kraków",8,,Plener,Plac zabaw,na dworze,,Kraków i okolice,5.4,z-marszu,,
ChIJbUElEhJbFkcRXzAqMneGkjk,Planty,Park,,Kraków,Kraków,4.7,23713,+48 12 201 02 40,"http://www.krakow.pl/instcbi/36721,inst,6362,362,instcbi.html",https://lh3.googleusercontent.com/gps-cs-s/AHRPTWkVtBZUUuvJklE4uvelRz_ORqpu_ToOFMn0fWqYt4bUUxbb_cFCp1xMdzNJTQEQCF4gIcGFLDuPRRxnA1DaU2g46kG73cpeyP2i6c_-qnHzBhYcsHPMuzefD3ROSYxR7A6M82qKhQ=w800-h500-k-no,50.0599245,19.9414307,,"plac zabaw, Kraków",8,,Plener,Park,na dworze,,Kraków i okolice,0.4,z-marszu,,
ChIJm1CfTo9bFkcR5pshitoi8jA,Plac zabaw – Krzywy Zaułek,Playground,Krzywy Zaułek,Kraków,Kraków,4.4,35,,,https://lh3.googleusercontent.com/gps-cs-s/AHRPTWmc5QYWUr5jKWQhmxOY3sFu1tbUFVwDP66VxdZ7SWiUyAr2DwHgGZ1XpM9A4fnBUp6ptRfZLhLug_1r7v_df9FwBEzbl_e1qTfSxMFrKXMc4LuLbOPXfJtqcq4kAr0NIHYV5-s=w800-h500-k-no,50.0760908,19.9019551,,"plac zabaw, Kraków",8,,Plener,Plac zabaw,na dworze,,Kraków i okolice,3.0,z-marszu,,
ChIJDQSKs_NaFkcRsq6tBxL0l5c,"Plac zabaw – Prądnik, Biały, 30, 001",Playground,"Prądnik, Biały, 30, 001",Kraków,Kraków,4.4,34,,,https://lh3.googleusercontent.com/grass-cs/ACvplmMWwBy2Cuhk0_v3_ONd4F0tXcKO9d6rkuoV2ntS9wpTGDgeFYMUj4Gvjy-60PNA7YtVDbnMj7NMa1lZwHc4Qs1Se7LKg5sNmKTBeiwu4KyvPhouyqki-AeC0S1zXEJBe0CQpPw=w800-h500-k-no,50.0920482,19.9561903,,"plac zabaw, Kraków",8,,Plener,Plac zabaw,na dworze,,Kraków i okolice,3.6,z-marszu,,
ChIJ72vYkZJbFkcRAsnljkP5ApA,Plac zabaw Mazowiecka/Kmieca,Playground,Kmieca,Kraków,Kraków,4.4,22,,,https://lh3.googleusercontent.com/grass-cs/ACvplmM3EtZZtNmbvg7y2QeTtvVswGtT8kpplp12SBplJ60_sdx_ptYpIBi8pbml6qiKzLSzKwvc39YlPvioiEpIG52hRHN9da8CCLp1jM-xgPKvKYnSz_sJQzKJ7igbLQ5WkT3KYZIY=w800-h500-k-no,50.0769509,19.9222114,,"plac zabaw, Kraków",8,,Plener,Plac zabaw,na dworze,,Kraków i okolice,2.0,z-marszu,,
ChIJ7RngBOVaFkcRFDR3bBFSPMY,Plac zabaw – Celarowska 26A,Playground,Celarowska 26A,Kraków,Kraków,4.2,77,,,https://lh3.googleusercontent.com/grass-cs/ACvplmOjRTv5xbOH-mX5vQJAmG5h6UgVvzwCSKE03-q9M4q9OV4oUebDANB0IijM6hB731jOhjTprNyfO8Cpv4iVqqHfEx3tyBskBKeEvCW3DaXJoYTURRFcW8sBCWzyKq9vSjHhCDcc=w800-h500-k-no,50.08273029999999,19.9568672,,"plac zabaw, Kraków",8,,Plener,Plac zabaw,na dworze,,Kraków i okolice,2.7,z-marszu,,
ChIJ4e4e_YxbFkcRVt9RO5Jrmf8,Plac zabaw – Piekarska 14,Playground,Piekarska 14,Kraków,Kraków,3,3,,,https://lh3.googleusercontent.com/grass-cs/ACvplmN5b9lpTDfxwunWnqZrQ2FNuXJ0C0DKHjmoSMexbwrKbLjo2sgieNUdXzqlW74YboG3lao4hyx3QixgiwovaSSzb0m_IpLvu3D2-2VqHAHZKiV6AS8rmF3cPvlfeUBujlA66CD8=w800-h500-k-no,50.0476623,19.9390382,,"plac zabaw, Kraków",8,,Plener,Plac zabaw,na dworze,,Kraków i okolice,1.6,z-marszu,,
ChIJd028giZbFkcRH_ItySMSaUc,"Plac zabaw – Prądnik Czerwony,30-001",Playground,"Prądnik Czerwony,30-001",Kraków,Kraków,4.5,33,,,https://lh3.googleusercontent.com/grass-cs/ACvplmPD8qvWfUCquw9-tfzKIN9gtbySdKyEXXNlqle7XH5F2FLuEAH95uHD4FiK39T29MlhoNKjNtJuqBwXn82_5p25xmGvmOnqfV0LTfoKoCw78GQ6zhk_2oRhDLPp4_ht_dRI8kyf0A=w800-h500-k-no,50.0907133,19.9777219,,"plac zabaw, Kraków",8,,Plener,Plac zabaw,na dworze,,Kraków i okolice,4.3,z-marszu,,
ChIJxyyV7TJbFkcREaJmSwZdGLY,Plac zabaw – Widok 31,Playground,Widok 31,Kraków,Kraków,4.5,89,,,https://lh3.googleusercontent.com/grass-cs/ACvplmP3_cHlE6n8og1sjM8e8x7_DHAiz3FasUv2SBQIMIMnbhNcmojLuQkqawB4zdgNygM82O6jGL02uFMnMrKbbBaK8XOcwfiWF_69UIzo2K8v9jlpqw8O3_CWp_ITNxpzOlNMShQ2bQ=w800-h500-k-no,50.0576573,19.9807476,,"plac zabaw, Kraków",8,,Plener,Plac zabaw,na dworze,,Kraków i okolice,3.1,z-marszu,,
ChIJY_lYpvhbFkcRacJmsbMRuJc,Park Kieszonkowy - Pierwszy Ogród,Playground,Bolesława Prusa 20,Kraków,Kraków,4.9,8,,http://zzm.krakow.pl/,https://lh3.googleusercontent.com/grass-cs/ACvplmM-X4m5BkiU279sY7dEHtaipe-kojSaPrB6h5iK4l7_HbalES-GtSOLCRT1TzBY2k_DroYIDAcgyM2v1OxMJv2yIDHA5u_51kSgb_jjxHXcVwDGgGIV6KBxqfXi7iGzSM_CkadtjULkzK5i=w800-h500-k-no,50.0560736,19.9169836,,"plac zabaw, Kraków",8,,Plener,Plac zabaw,na dworze,,Kraków i okolice,1.6,z-marszu,,
ChIJUQEAmRFbFkcRrQ-Kz-5OnE8,Plac zabaw – Bolesława Limanowskiego,Playground,Bolesława Limanowskiego,Kraków,Kraków,3.5,10,,,https://lh3.googleusercontent.com/grass-cs/ACvplmMOe6WBsy2JBD8xkppvC1cS62jP_IxFRkBNSLHYnhsArRCIo05CS34yGyXf4KTI72Ju2Dt8aOhgNJL_w1oq9kwWfgPI8YDsiTR-yd8zd5eAbYm_IzzRZTnOCu7h5ktGooplRSw9pA=w800-h500-k-no,50.0427382,19.9591912,,"plac zabaw, Kraków",8,,Plener,Plac zabaw,na dworze,,Kraków i okolice,2.6,z-marszu,,
ChIJJ_8oQtNDFkcRMLAiajCg1fY,Plac zabaw – Edwarda Heila,Playground,Edwarda Heila,Kraków,Kraków,4.5,15,,,https://lh3.googleusercontent.com/grass-cs/ACvplmO72H6xwmQS7NaoMb5tJf6I8Q-ncOhrQywdBemWlVgUwN_6DrGOiNTKEpL6D2Zifp4SfbfLtiqUOck0LloQ6eAoKTEqPG12w2kq2nW2LMH1xqb8H2naCwB0sBArDNZiLHOTuhmu=w800-h500-k-no,50.0219347,19.9585761,,"plac zabaw, Kraków",8,,Plener,Plac zabaw,na dworze,,Kraków i okolice,4.7,z-marszu,,
ChIJX-hHsoNdFkcRBJeQePjCSC0,Plac zabaw – Sąsiedzka,Playground,Sąsiedzka,Kraków,Kraków,4.4,34,,,https://lh3.googleusercontent.com/grass-cs/ACvplmPnhdnYdnsT8Dke-WCaWW5Pi0smDCU-4E1Vq9qCkV5cUawAh9t5jUFqbyQIY1Y1BfP68yX_LaavaCX5Wvbn24u_zfjPKqdMKfdf9ge0nRUhWhZ1VluzA9gvJBqTmx2S5-s4bPu6=w800-h500-k-no,50.0219939,19.9133143,,"plac zabaw, Kraków",8,,Plener,Plac zabaw,na dworze,,Kraków i okolice,4.7,z-marszu,,
ChIJ12hvZVtbFkcRfpDYbW520Ww,Park im.Wojciecha Bednarskiego w Podgórzu,Park,Jana Zamoyskiego,Kraków,Kraków,4.8,5214,,,https://lh3.googleusercontent.com/grass-cs/ACvplmM5wTbswPJjNNS2jFLRkHWnGsia-WrVaPx0eDtTTYFKNhBlO3amztFxdpu0kbmHeAcm5W4oLc0IDp-awkKxhIo5DycvhGnPSRcfCRstux3NLpllbaKrQnJvOL1q_VgueMzAKZ8CMg=w800-h500-k-no,50.0418562,19.9497519,,"plac zabaw, Kraków",8,,Plener,Park,na dworze,,Kraków i okolice,2.4,z-marszu,,
ChIJNYqLLctbFkcRYRTazPOHQMI,Plac zabaw „ul. Siedleckiego”,Playground,Michała Siedleckiego 13,Kraków,Kraków,4.2,9,,,https://lh3.googleusercontent.com/grass-cs/ACvplmMtZ6vCEVsvjW7QeXy9Su9BmfNt8DXxMqw6mfgywIdBJES-H22vattOnaFgezZWmfInu7bxFbgvafiF7IzQGhS9bU0NOG_8dQaZC0omerRn1fzU9flJaHpDNaDmPJFxXZq-KUyM=w800-h500-k-no,50.0546938,19.9527882,,"plac zabaw, Kraków",8,,Plener,Plac zabaw,na dworze,,Kraków i okolice,1.4,z-marszu,,
ChIJaVyqeHdbFkcREnf4DPw5wRw,Park Dębnicki w Krakowie,Park,Praska 22,Kraków,Kraków,4.7,2012,,https://zzm.krakow.pl/,https://lh3.googleusercontent.com/grass-cs/ACvplmN9IKyGGqlMXD2CXhzc8SJigu4a7XKDHFUHuFJOUEiQt8douewruAodT7Rt0UrEkyRuXvdWdNRjE9pp3ZuPU1lXkc0ctd3t2Zp4V8HaI2EL_jN0dLB6lZ5DvjVsWnwvYDNbRAE=w800-h500-k-no,50.0497457,19.9170385,,"plac zabaw, Kraków",8,,Plener,Park,na dworze,,Kraków i okolice,2.0,z-marszu,,
ChIJiy20hYdZFkcRQNk3r2heX8I,"Plac zabaw – Prądnik Biały,30-001",Playground,"Prądnik Biały,30-001",Kraków,Kraków,4,43,,,https://lh3.googleusercontent.com/gps-cs-s/AHRPTWmJ-CUmwsXSPSwxuJ1vjutITbYz6cDr8YxmP-ECoXffP9yGIwb8gwnmc13Yp8f1gh_7ycbCqwxN74u1WZeTJ4lE46rdJ-UdLt-LZHU1M8CRU0X2xpMqk9ssoQ8E7gNb-5GGXPWc=w800-h500-k-no,50.0960787,19.8821342,,"plac zabaw, Kraków",8,,Plener,Plac zabaw,na dworze,,Kraków i okolice,5.5,z-marszu,,
ChIJdUxbTONbFkcROqFMDZVkA4s,Smoczy skwer plac zabaw tor przeszkód workout,Playground,Królowej Jadwigi 256,Kraków,Kraków,4.9,23,,,https://lh3.googleusercontent.com/gps-cs-s/AHRPTWnwbEOz1NywAUsWG4ZYWyad_qf4_godYrYY5JjyuLXe5TdzAqVWW1_odT2qoIM8jd0Le9_kHif7K-xkcQ3iMATIuF8stM14loL46z_spksGP8SpO9qbyp-0st0t1dUN5LCWJiqn=w800-h500-k-no,50.0662428,19.8723703,,"plac zabaw, Kraków",8,,Plener,Plac zabaw,na dworze,,Kraków i okolice,4.7,z-marszu,,
ChIJIffsH3VbFkcRjeySdcRV21A,"Plac zabaw – Prądnik Czerwony, 30-001",Playground,"Prądnik Czerwony, 30-001",Kraków,Kraków,4.7,7,,,https://lh3.googleusercontent.com/gps-cs-s/AHRPTWm7S9IK4AJ24JiHiWtkOAxF78HruZMLS1cbh-Qr_SmGxtP9vZjnLi_Q-Vm_T_agJkDBsHBCGc-jkXv__TXXhe-mQwn3KxeJN1ieH2t-J6ToGfkIp0Sx0uebtd0S7hZYekelRr1Vyg=w800-h500-k-no,50.0883036,19.9723402,,"plac zabaw, Kraków",8,,Plener,Plac zabaw,na dworze,,Kraków i okolice,3.9,z-marszu,,
ChIJ-Re3zLhbFkcRpN2FetW-oZw,Plac Zabaw Osiedle Śliczna,Playground,Śliczna 32,Kraków,Kraków,5,2,,,https://lh3.googleusercontent.com/gps-cs-s/AHRPTWk1MSxhH7z_AqL5cmZuemttXl0hPXEGVXTaPLAKDg-yAHtaK-6mP_oQX7xRT3G1ZZd3Mb_CAzq-NUgjBCpRmlX4TAsLwdeCCxvjLIsIvIzQCHS58j820rNTdrLcFnL6-fE7BMWk=w800-h500-k-no,50.0739776,19.9745762,,"plac zabaw, Kraków",8,,Plener,Plac zabaw,na dworze,,Kraków i okolice,3.0,z-marszu,,
ChIJx_jLuIhdFkcR_9WzM5XNnm8,Plac zabaw – Waleriana Łukasińskiego 20,Playground,Waleriana Łukasińskiego 20,Kraków,Kraków,4.7,23,,,https://lh3.googleusercontent.com/gps-cs-s/AHRPTWleu6t8NxkObEPBYa9NSGObhqFrQ85Oi7ZjcX5bGg55hE6b2b8R5dTOTJ8xC5Xwz9qFV51zzl4oW_NBUZvilXrVhOJ0XfpivJ_OQF6Cr0VZ3gQ5HUpXjtBUCpaL-0a3b-1GEY0=w800-h500-k-no,50.0217725,19.9258923,,"plac zabaw, Kraków",8,,Plener,Plac zabaw,na dworze,,Kraków i okolice,4.5,z-marszu,,
ChIJr8027BFbFkcRqLdw6Cx8248,Plac zabaw – Warszawska,Playground,Warszawska,Kraków,Kraków,2.5,6,,,https://lh3.googleusercontent.com/gps-cs-s/AHRPTWmrJTWeD-h6R7NFP_cOvQpV9OksmN1jwec1W6pGoKz5fAtyjK4k4m8Mc_Dg28xASbItvweSIcF2U0CRgU8X9e_4lg7E04FjruTfF6uALJfvZyyxp_GbkM576ssFkR-gMKFb8tsW=w800-h500-k-no,50.0702635,19.952567,,"plac zabaw, Kraków",8,,Plener,Plac zabaw,na dworze,,Kraków i okolice,1.4,z-marszu,,
ChIJ718sG7hcFkcRlNB6BxZPsX8,Plac zabaw – Totus Tuus,Playground,Totus Tuus,Kraków,Kraków,4.1,17,,,https://lh3.googleusercontent.com/gps-cs-s/AHRPTWl356nnRrlK3k3WSVvhj3pBFj2KbB9NkAZnUXQnh6OrHEq4rNL9690PwveO2bwweNVsGubOJMujGFOaNP5Pkuw_hSqo_j7TBBbkWY-ErjYNr1QbC3sa2ZN2BSp9yWqufyQSxgmA=w800-h500-k-no,50.01459879999999,19.9355298,,"plac zabaw, Kraków",8,,Plener,Plac zabaw,na dworze,,Kraków i okolice,5.2,z-marszu,,
ChIJneYZRDhbFkcRAr8RpHETJGc,Plac zabaw – Bulwar Kurlandzki,Playground,Bulwar Kurlandzki,Kraków,Kraków,3.7,6,,,https://lh3.googleusercontent.com/gps-cs-s/AHRPTWm8fNuPOm44nCcrujV3xo1Woi3oOz9o0Ldn-G15Pwcv-5WVe2WYuWOg1tLx9VLgGqCNcNgYTJxsx_Reni86vZTSj2hphgI1V1ZJBNRnx2DwTPYawDmIFAvdzYVgZl5mectKsH2z=w800-h500-k-no,50.0536483,19.9619688,,"plac zabaw, Kraków",8,,Plener,Plac zabaw,na dworze,,Kraków i okolice,2.0,z-marszu,,
ChIJyUpxEKhbFkcRrLWyJhgIA1o,Ogród i plac zabaw,Playground,,Kraków,Kraków,4.2,6,,,https://lh3.googleusercontent.com/gps-cs-s/AHRPTWkizkDxjyfh4kGpxGCfJ5j07_hxF5FxJ_8Knyk4xNX3BOPgM33aYaKCc5BoMHoiZtQi13BI6Kn80psV6OmEvdn4SWiVMN1Zg5n4F5iX5X4uipW4QpKGbxpEgQWceDgc71m94cGU=w800-h500-k-no,50.0860362,19.9421355,,"plac zabaw, Kraków",8,,Plener,Plac zabaw,na dworze,,Kraków i okolice,2.7,z-marszu,,
ChIJgwHmfwJFFkcRfVn72qLnwT8,Plac zabaw – Centralna 34,Playground,Centralna 34,Kraków,Kraków,4.9,8,,,https://lh3.googleusercontent.com/gps-cs-s/AHRPTWlOXwWUYIs1cgJsm7Ka18jRRHGR9-XPQ-rhMAeaz1DVk05yv4lsALG1Yo5vcLD8yqdQNnQBQra3LhlUPZVvRkwOvpx9KXteQU-rCLUf9TfmKwrBhpud93xDFfTiQ7ThiGZYSHY=w800-h500-k-no,50.0676251,20.0108138,,"plac zabaw, Kraków",8,,Plener,Plac zabaw,na dworze,,Kraków i okolice,5.3,z-marszu,,
ChIJIaCHZXZbFkcRxuW3bLxFK2I,Plac zabaw – Kielecka 9/20,Playground,Kielecka 9/20,Kraków,Kraków,4.2,5,,,https://lh3.googleusercontent.com/gps-cs-s/AHRPTWkm7MxRhUBmfxVMdTb1LpMTQYS2b-M0_g2uTD4nQ8L7c0p8QHWaLNlCfLJIoSyO23ealfIg-gOadVa6GBQIEi6jbcmq2srdW_CETctN8FpsEC_uto87UfXHWhPkT6gLpNLsJWSy=w800-h500-k-no,50.067221,19.964075,,"plac zabaw, Kraków",8,,Plener,Plac zabaw,na dworze,,Kraków i okolice,2.0,z-marszu,,
ChIJEwz7CSVbFkcR8CME0OS3l0Y,"Plac zabaw – Prądnik Czerwony, 30-001",Playground,"Prądnik Czerwony, 30-001",Kraków,Kraków,4.2,30,,,https://lh3.googleusercontent.com/grass-cs/ACvplmN-uHMPtr9C9YUbrGJI9Pq-ikToIxBf9WWb2iqEnUcnGLI4T4rUZr_d1vovVmlxZmX9X01ksE4qSsvT4BP49yH0ydiTo11paFkuSEYouQwHLWWd9YX3oqsvk6osJK6Dolea7_EatA=w800-h500-k-no,50.0910842,19.9639609,,"plac zabaw, Kraków",8,,Plener,Plac zabaw,na dworze,,Kraków i okolice,3.8,z-marszu,,
ChIJK0k2i0VbFkcRj-L1JYYB7rU,Plac zabaw – aleja Ignacego Daszyńskiego,Playground,aleja Ignacego Daszyńskiego,Kraków,Kraków,4.6,7,,,https://lh3.googleusercontent.com/grass-cs/ACvplmP_1Hy2lG0jtOtg5HV4TBv9YHtVcoRodYKh05Ju03l1QxdbfVcWB5rlIqiy0r4t_HAmQN_bF7pP6HMqHPZezD5FUmfe1wUFWNIuAt3e0NpFNwBUM1fvitTeiDTzUMjiHPgmLQf9=w800-h500-k-no,50.0578554,19.9514239,,"plac zabaw, Kraków",8,,Plener,Plac zabaw,na dworze,,Kraków i okolice,1.1,z-marszu,,
ChIJoZVwa35bFkcRRq1V3LGQwpE,Plac zabaw – Wawelska,Playground,Wawelska,Kraków,Kraków,3.5,12,,,https://lh3.googleusercontent.com/grass-cs/ACvplmPKzIeVct6PBzrJ5Do04ZymlOv2GuPIu7w8RpGT8wQ3LtCobki9G3ChyiWnu3pFAGgHU9nQ1alvXza1dsfHdA8WvZICpmYqKI560FWJDcQ6lNdShVwzk77CP2ybJo_5nmJMcPF3zg=w800-h500-k-no,50.0991924,19.9969558,,"plac zabaw, Kraków",8,,Plener,Plac zabaw,na dworze,,Kraków i okolice,6.0,z-marszu,,
ChIJjw-JtZlbFkcRwx1t-sOz7Uc,Płac zabaw „Drewniak”,Playground,Kronikarza Galla 1A,Kraków,Kraków,4.5,11,,,https://lh3.googleusercontent.com/grass-cs/ACvplmOoRPGcPdqLrmHPDhRIXVUuZ6FU7kQ6mkM6ouLINW-ARLvD2PlNgRUI-P0xrt6jxY-plpzJvMesRhyilGzsm_B9ssRU3yU8W4qnianFz0YWP46ngF_MFEwvVZclvpmeAkGJVcjSkA=w800-h500-k-no,50.0648645,19.9157741,,"plac zabaw, Kraków",8,,Plener,Plac zabaw,na dworze,,Kraków i okolice,1.6,z-marszu,,
ChIJJzABIABbFkcRcb6UweiPfJA,Plac Zabaw Prądnicka,Playground,"Park Kleparski, Prądnicka 7",Kraków,Kraków,4.2,9,,,https://lh3.googleusercontent.com/grass-cs/ACvplmOhIfV3Rhz5RAv6Psdj-mRoKQPWuCx1UWrd8nSYHMryxXlm1ymA3UBsqEpa-Y3EoV4Oc2lWkxsThC2nfzvzMl9qLH4GS0DuJ22l_MUkkebcgeY6O-UqIaJO3247L0M9mOFcJPEHxXSGo9cm=w800-h500-k-no,50.0767533,19.9383144,,"plac zabaw, Kraków",8,,Plener,Plac zabaw,na dworze,,Kraków i okolice,1.7,z-marszu,,
ChIJZ_lkyrVEFkcRDKV3lYlekDw,Plac zabaw – Płaszowska 57,Playground,Płaszowska 57,Kraków,Kraków,4.4,73,,,https://lh3.googleusercontent.com/grass-cs/ACvplmPgalLmkW_vqZU3niPSZ5hXls-bOALNCWXneep0GM2EsCmRkFkNLYJ-SuULWLIH-e7etl9OUO7bZbGrhmlwvaMdW0WxXsj3gjCcsWneKDiU5ovyCO3NfZroMBITFlKYdI0nceDv=w800-h500-k-no,50.04567309999999,19.9819271,,"plac zabaw, Kraków",8,,Plener,Plac zabaw,na dworze,,Kraków i okolice,3.7,z-marszu,,
ChIJy2LiJxdbFkcRPeJ-dYuOrzo,Plac zabaw – Franciszka Kniaźnina,Playground,Franciszka Kniaźnina,Kraków,Kraków,3.4,5,,,https://lh3.googleusercontent.com/grass-cs/ACvplmPmXQcofP_HOQspXIn1hbsTyBKsSGS9yZTkxFLF_3JiUJdRGOe_m33gMYQhl6uacA1nhcQLpzrFtb4HVeWF_QVWgdSIduiBFo2BCvENv2dSrWFSkGMfJ8X1d3Er_YOn18HYx_pJ=w800-h500-k-no,50.0915972,19.9895662,,"plac zabaw, Kraków",8,,Plener,Plac zabaw,na dworze,,Kraków i okolice,5.0,z-marszu,,
ChIJG_8pHNZaFkcRVGFJkOXTdN8,"Plac zabaw – Dąbie, 30-001",Playground,"Dąbie, 30-001",Kraków,Kraków,4.3,8,,,https://lh3.googleusercontent.com/grass-cs/ACvplmObfXQFfmgj6bW_oJd-b2pDCv8MwTKAsSqrJ3-YqE-9jetqaIJxTFCTxqU7ukt-PJNHYT702RHWsbqE4kqC_tdfy1t-lFWLA0ot0e2PoGQxTGf0PXEHQyEscpwcw3B3nWeC5ZyHGw=w800-h500-k-no,50.0697263,19.9829879,,"plac zabaw, Kraków",8,,Plener,Plac zabaw,na dworze,,Kraków i okolice,3.4,z-marszu,,
ChIJFbgnndNbFkcRO37iQMQHF98,Plac zabaw – Stefana Bobrowskiego,Playground,Stefana Bobrowskiego,Kraków,Kraków,5,2,,,https://lh3.googleusercontent.com/grass-cs/ACvplmM62c6UhaeQCsfOVkViWYfZ75eLX2A-DLbDkKpX-KziTcxJ8MYvOXw4sGKKTTKALgcbATUlrSPB0JzSiLvj9u-PqPHPyUsPslBARejQnxPlvojBbdonSmNwJlIFXgY_wOSdNRhn=w800-h500-k-no,50.05922839999999,19.9664578,,"plac zabaw, Kraków",8,,Plener,Plac zabaw,na dworze,,Kraków i okolice,2.1,z-marszu,,
ChIJF5smcZJbFkcREgBOb_ILKIk,Plac zabaw – Za Targiem 11,Playground,Za Targiem 11,Kraków,Kraków,5,1,,,https://streetviewpixels-pa.googleapis.com/v1/thumbnail?panoid=t0FsN3DDxQ0xhR-Lobyeww&cb_client=search.gws-prod.grass&w=800&h=500&yaw=280.14716&pitch=0&thumbfov=100,50.0690956,19.9163578,,"plac zabaw, Kraków",8,,Plener,Plac zabaw,na dworze,,Kraków i okolice,1.7,z-marszu,,
ChIJ61lXVgBbFkcRAvN_c5_9fcc,Plac zabaw – Grzegórzecka 67C,Playground,Grzegórzecka 67C,Kraków,Kraków,5,1,,,https://streetviewpixels-pa.googleapis.com/v1/thumbnail?panoid=XynelozNtAIoAFqRdr08Hg&cb_client=search.gws-prod.grass&w=800&h=500&yaw=267.2434&pitch=0&thumbfov=100,50.0557829,19.9612158,,"plac zabaw, Kraków",8,,Plener,Plac zabaw,na dworze,,Kraków i okolice,1.8,z-marszu,,
ChIJ0ZkF55ldFkcRpAWboZES6HU,Plac zabaw – Borsucza 5,Playground,Borsucza 5,Kraków,Kraków,4.6,5,,,https://lh3.googleusercontent.com/grass-cs/ACvplmPncKp2K6tQjRd-gW32d8AEELKOgsPrPs7H0mkgIGa1hkR22HCyP8sBbf9CWDsq7SGopMjCxQutA8DCn9jvhCYJtpW_cBSxFTo7YRinAGfL5ul7aSgG4m9ys5Ezxj1cxDuYqwk=w800-h500-k-no,50.0286506,19.9279842,,"plac zabaw, Kraków",8,,Plener,Plac zabaw,na dworze,,Kraków i okolice,3.7,z-marszu,,
ChIJw5WPeJRcFkcRwBq8ViMFTqM,Plac zabaw – Podhalańska,Playground,Podhalańska,Kraków,Kraków,3.7,10,,,https://streetviewpixels-pa.googleapis.com/v1/thumbnail?panoid=SnhatWQVUCfZrI3DGwiH_g&cb_client=search.gws-prod.grass&w=800&h=500&yaw=351.62347&pitch=0&thumbfov=100,50.0205083,19.9160001,,"plac zabaw, Kraków",8,,Plener,Plac zabaw,na dworze,,Kraków i okolice,4.8,z-marszu,,
ChIJkXYIkfhbFkcR9JE5419lq2k,Plac zabaw – Na Ustroniu,Playground,Na Ustroniu,Kraków,Kraków,4,4,,,https://lh3.googleusercontent.com/grass-cs/ACvplmMKShrGpzaZcUSC0YjrVK0yu_ZZ24M5zkZIkVdjHaZBDF6bugGRofd09B5sMkgUBhllakvfpo0CMGNf4ysEcUtwSwTxT362KoQq8XW94XLL9DMF4WMHql2fVGgN6nvPF4_DBcUrQQ=w800-h500-k-no,50.0451975,19.931699,,"plac zabaw, Kraków",8,,Plener,Plac zabaw,na dworze,,Kraków i okolice,1.9,z-marszu,,
ChIJ70lGa31FFkcRYCTPmuNR3Bc,Plac zabaw – Osiedle Krakowiaków 42,Playground,Osiedle Krakowiaków 42,Kraków,Kraków,4.4,14,,,https://lh3.googleusercontent.com/grass-cs/ACvplmOBRvtTqKxutFAPNUUfwy_uNpGqVo61MSC_kscSMx_bQ6pcPWdJBuISAEjhtHS4D95P0jiqM-PCxVIDIGvEGMy5B9wxAZGeb1Wr-0pq9NTsPM5TD4CNpCxOn1warRGJK-knnK4=w800-h500-k-no,50.082306,20.036356,,"plac zabaw, Kraków",8,,Plener,Plac zabaw,na dworze,,Kraków i okolice,7.4,z-marszu,,
ChIJEQnclNpbFkcR2r8wSvgK7fc,Plac zabaw – Rozdroże,Playground,Rozdroże,Kraków,Kraków,5,2,,,https://lh3.googleusercontent.com/grass-cs/ACvplmPvyg7ZcsY9d0kuoOK6tsdtGpA4d75dBZmTrxe0uz7YA6vjggUbSc5OtM3dstrXQQ05aNtcuF5VA2h51Ix2Jyie0N8en9d4A3PHu9AeBlhpYoZ-R44gY7qMLYrboZpsYeLelLy3Eg=w800-h500-k-no,50.0416988,19.931704,,"plac zabaw, Kraków",8,,Plener,Plac zabaw,na dworze,,Kraków i okolice,2.3,z-marszu,,
ChIJ-8cvPQJbFkcRUVNgePMtZ6o,Plac zabaw – Widok 41,Playground,Widok 41,Kraków,Kraków,3,3,,,https://lh3.googleusercontent.com/grass-cs/ACvplmP8TVlabzjeccpbp2YgxDyyVFNaEiZPQfZaM-tyuUxyOiK8iQdx6jj6jboVZ9nUGmzailuxdPWNoHLfjlieGMPKp1LzMay9wzjmgM1HDyU65Ah0F_lorkF1sXmLmMOswIV2XgIl=w800-h500-k-no,50.0563292,19.9774605,,"plac zabaw, Kraków",8,,Plener,Plac zabaw,na dworze,,Kraków i okolice,2.9,z-marszu,,
ChIJ6329FT1FFkcRJGwjbvNQhJE,Plac zabaw – Osiedle Wysokie 7,Playground,Osiedle Wysokie 7,Kraków,Kraków,3.8,5,,,https://lh3.googleusercontent.com/grass-cs/ACvplmP_9k18AkRueBCdUXKG2ajHfhwmffk0uHDhYI-D328OYBrHs40yOVy3QWFtlEnawZUULun_XZB_Dxnf4QJIBYH_Ogp465KrUk0jx1k5Jl_D0_Hkg9hLP5XzkBTwMBfqa3wY5I85=w800-h500-k-no,50.0888898,20.0163251,,"plac zabaw, Kraków",8,,Plener,Plac zabaw,na dworze,,Kraków i okolice,6.4,z-marszu,,
ChIJnZI3V65bFkcRzY-WFzb5B2M,Plac zabaw – Władysława Podkowińskiego,Playground,Władysława Podkowińskiego,Kraków,Kraków,5,2,,,https://lh3.googleusercontent.com/grass-cs/ACvplmM0uBqSOvn7KAaM8ZCXRd3pPss1wwGXGAZOIOToCprXXzAHQGAa-UMIbcXF3DgTqBVW2r9YMWwvdfxeAyKZoGYyv50NXozBUPLia7NTDS_G_zIhmrV5SQ_o0RHYLnCIt6123Rf-OA=w800-h500-k-no,50.0836887,19.8935774,,"plac zabaw, Kraków",8,,Plener,Plac zabaw,na dworze,,Kraków i okolice,4.0,z-marszu,,
ChIJ8XAgWO9bFkcR4XTe3iRv-PA,"Plac zabaw – Prądnik Czerwony, 30-001",Playground,"Prądnik Czerwony, 30-001",Kraków,Kraków,4.8,8,,,https://lh3.googleusercontent.com/grass-cs/ACvplmNq7LSF9yvE236MeJdYHAQd7TSgo5VlzzQjR64xEKncHOfl8qE6x-Dq-gmzfSNQ-PzmrJvDQWpxlBTlQXiea-VRS-huxTTNPHWQkZrRamxtcLXQYM-jw2igx67MRlGaZIMr3EOk=w800-h500-k-no,50.0731408,19.9787255,,"plac zabaw, Kraków",8,,Plener,Plac zabaw,na dworze,,Kraków i okolice,3.2,z-marszu,,
ChIJS4ZvNgBbFkcRDhB6wcT6BHM,Plac zabaw z trampolinami,Playground,Biskupia 20,Kraków,Kraków,4.3,4,,,https://lh3.googleusercontent.com/grass-cs/ACvplmMPOrUwZK00iPc7F48FsgC4DUtVar2hl4MewLLtk4lp3VJenDI5BtBkbTF6VKen3X2ko7PxK1Ggcm1vh5UhPORmmYviHn5UsRdsXXopRezPK2EJwKcdQrVGDEFzz4TqiQ3BepS3gQ-h4PMB=w800-h500-k-no,50.067621,19.9366212,,"plac zabaw, Kraków",8,,Plener,Plac zabaw,na dworze,,Kraków i okolice,0.7,z-marszu,,
ChIJBd1YH5RDFkcRQ3WRCP0mydA,Certyfikowane Place Zabaw Kraków,Playground,Adama Bochenka 12C/47,Kraków,Kraków,,,+48 503 025 774,http://www.drewno-styl.eu/,https://lh3.googleusercontent.com/grass-cs/ACvplmPWsKFw7ZVwgg-lBb14fmi2c8nk0AinrR5RpEuA0mxOkSMhli9tJtH5qlsb6WyGszsnn1SZDj6u5PU4FbnW5hPi9l7PyJDfz1_1mUE4hwo7-xWoGkLimvU26fWvbWm9RR_6Nj4Vnw=w800-h500-k-no,50.0105862,19.9750036,,"plac zabaw, Kraków",8,,Plener,Plac zabaw,na dworze,,Kraków i okolice,6.3,z-marszu,,
ChIJhxGiqmxbFkcRgS8kxb82WNU,"Drewniany plac zabaw, park kieszonkowy",Park,Aleja Pułkownika Władysława Beliny-Prażmowskiego,Kraków,Kraków,4.1,7,,,https://lh3.googleusercontent.com/gps-cs-s/AHRPTWn7zdfZDFOCm9avhwv2B2y8glkxEg1Bxg3WCq6Mg0h_FmqasGxqxXCDKFAk-hHgijV7TQNEk8Z_9v1ELl6D8orb1MuUDGZFQ1s5WXlb26_NcXUmKHa5z2Cj5lhNfKoudutCGnYJ=w800-h500-k-no,50.0737168,19.9582308,,"plac zabaw, Kraków",8,,Plener,Plac zabaw,na dworze,,Kraków i okolice,2.0,z-marszu,,
ChIJERCXwjlbFkcRxWDVUbVvDgI,Plac zabaw – Katowicka,Playground,Katowicka 28,Kraków,Kraków,3,1,,,https://streetviewpixels-pa.googleapis.com/v1/thumbnail?panoid=LcpxHIBJAlz-2qlSG6QTsw&cb_client=search.gws-prod.gps&w=800&h=500&yaw=228.28549&pitch=0&thumbfov=100,50.0841285,19.8824653,,"plac zabaw, Kraków",8,,Plener,Plac zabaw,na dworze,,Kraków i okolice,4.6,z-marszu,,
ChIJv4Wge6JbFkcRyiN2_ZWyWaQ,Osiedlowy plac zabaw przy Wizjonerów 2,Playground,Wizjonerów 2,Kraków,Kraków,4.5,2,,,https://lh3.googleusercontent.com/gps-cs-s/AHRPTWktqU4geTCKT3uYcGNH0mytagYqZQMaMrwvn_jpVd6PC3sD-UZF5ys6Hq_SkvnSnzrk2TxhIp6rztZD2GTwCMTOyoHI-2rbfGUFOCx30xQK6Tha-O_teLYQkCHGIAA3o1z0LMMJ=w800-h500-k-no,50.0849007,19.8852262,,"plac zabaw, Kraków",8,,Plener,Plac zabaw,na dworze,,Kraków i okolice,4.5,z-marszu,,
ChIJZ9pVBBJbFkcRMw11Gwf1x8M,Rynek Główny,Plaza,Rynek Główny,Kraków,Kraków,4.8,189622,,"https://krakow.pl/instcbi/1218,inst,10961,0,instcbi.html",https://lh3.googleusercontent.com/gps-cs-s/AHRPTWn6Q-Zbvu2FUN4iKSEk5Zr7cEbVKH2Ab0RdcTNbQ3Oh7IC453b_NMGDvFuM0gpgtV9jGwSuYCCxkgHFCSGcWKRvkLs_ybPfrJXXRPsJS58bKYB7gES0D1AkOv8nxcvbInjsyhZh=w800-h500-k-no,50.0618971,19.9367559,przyszła kategoria: Atrakcje turystyczne,"plac zabaw, Kraków",8,,Plener,,na dworze,,Kraków i okolice,0.0,z-marszu,,
ChIJJXlWz-BcFkcRpo9baaitcS8,Park Maćka i Doroty,Park,Wichrowa 23,Kraków,Kraków,4.7,1546,,https://zzm.krakow.pl/lista-parkow/248-park-im-macka-i-doroty.html,https://lh3.googleusercontent.com/gps-cs-s/AHRPTWlYMzhml2GVtx94CY0Jftw2lT1PYurcz9IOyKldDKZsw9ZpdM2iNf_teFxV3FdtdIGDqoKrKm7rB-xbBRupalDRd2J9iFDChI_nnWS0EjIr_660_j65WtRw9n3upojPVp6QNO8=w800-h500-k-no,50.00220119999999,19.9120489,,"plac zabaw, Kraków",8,,Plener,Park,na dworze,,Kraków i okolice,6.8,z-marszu,,
ChIJi-84GbBbFkcRDjCO2zfVZ4E,Plac zabaw – Młynówka Królewska,Playground,Młynówka Królewska,Kraków,Kraków,4.5,91,,,https://lh3.googleusercontent.com/gps-cs-s/AHRPTWm8qZobIPmW2JOQuo3LmXXnkGq84smAAxcTdIgIr-yldkueclnZ7fFSJTpMDop6UPn0DT4fpZhIYVjqyE4C7r74GA7tZKM2CSOXNh2uvNcZM-4uS2jV-cMtQnE3Hq9w-E7rM6_h=w800-h500-k-no,50.0752271,19.9202849,,"plac zabaw, Kraków",8,,Plener,Plac zabaw,na dworze,,Kraków i okolice,1.9,z-marszu,,
ChIJ4_mNPAhbFkcRdk2Z0E-T85c,Plac zabaw – Władysława Łokietka,Playground,Władysława Łokietka,Kraków,Kraków,2,4,,,https://streetviewpixels-pa.googleapis.com/v1/thumbnail?panoid=n5tUnYrV0oXZLTdkV34s_A&cb_client=search.gws-prod.gps&w=800&h=500&yaw=352.38257&pitch=0&thumbfov=100,50.112621,19.8987736,,"plac zabaw, Kraków",8,,Plener,Plac zabaw,na dworze,,Kraków i okolice,6.3,z-marszu,,
ChIJbd8scnhDFkcRh-qEwvFCSaY,Park Aleksandry,Park,,Kraków,Kraków,4.4,1075,+48 12 201 02 40,https://zzm.krakow.pl/lista-parkow/242-park-aleksandry.html,https://lh3.googleusercontent.com/gps-cs-s/AHRPTWkJhXCq75exQSppjJ5L9crO4t2MTJh6ygpQrX6MWeAk4dZDKEFYPYEOzGqQuNgdcOGoJr8oAj0q0f7yIovFwYQQ-u6qh-_-NiYQ7ope25_LVVlGYsDbeRBbkg88NF86DE0bTHUdQw=w800-h500-k-no,50.0121744,20.0141302,,"plac zabaw, Kraków",8,,Plener,Park,na dworze,,Kraków i okolice,7.8,z-marszu,,
ChIJK1VRa7ZaFkcR6aItB72byiE,Park Tysiąclecia w Krakowie,Park,,Kraków,Kraków,4.6,3260,+48 12 201 02 40,,https://lh3.googleusercontent.com/gps-cs-s/AHRPTWmKRRn34F_HdVUGWDV07DmhWsoGWCRhn72mqeoc1WsiO0DNglF5VDm959aY5g5HK8QuoNoAdxcZa6xBT30QuIl4l1DQlOM6EH2fslFAGWvMU54WtpKuktdB8VSKneKOdrhwQ7Y5=w800-h500-k-no,50.0908409,19.9965723,,"plac zabaw, Kraków",8,,Plener,Park,na dworze,,Kraków i okolice,5.3,z-marszu,,
ChIJN7xYvkBbFkcR2D55kNoFhRE,Plac zabaw – Nadrzeczna 8,Playground,Nadrzeczna 8,Kraków,Kraków,,,,,https://lh3.googleusercontent.com/gps-cs-s/AHRPTWngvxEX6sSZhwh4fkp5Y0eyOjeWdcP-Kim8OW1WSQqS1DqdMrQs0Nsm9pnBH9SILZXzruXHBvmLe_aqKEi6z0mKyUxXVIcnWxZ7GHCbWQUASwMNPPcH1Cr7R18ozWM7ybvIDxbl=w800-h500-k-no,50.0824413,19.9574407,,"plac zabaw, Kraków",8,,Plener,Plac zabaw,na dworze,,Kraków i okolice,2.7,z-marszu,,
ChIJVTyrjBlbFkcR5Y44DVtsmU4,Park Strzelecki,Park,Zygmunta Augusta 7,Kraków,Kraków,4.5,2208,,https://zzm.krakow.pl/lista-parkow/255-park-strzelecki.html,https://lh3.googleusercontent.com/gps-cs-s/AHRPTWm7LvQsH3Nciw7HaIAlUQKriuekSjy2qI5i9EC86iIZAGSzcnhJQ6GUAcsLpvPhWOuatXlosN_xidSmdhO8uM9t-oN2Y-_H2phnTqsq4QWG9mMQG8wMDrZrxarsMv7F2HKuAuql=w800-h500-k-no,50.0658909,19.9501185,,"plac zabaw, Kraków",8,,Plener,Park,na dworze,,Kraków i okolice,1.0,z-marszu,,
ChIJCcyO2IhbFkcRyV3AGweTRJA,Leśne Laboratorium Zabaw,Playground,,Kraków,Kraków,4.4,5,,,https://lh3.googleusercontent.com/gps-cs-s/AHRPTWmMKZ5DTRB4Qb0SkQ6VWfLjAutpM_71aXe18XDMM-3ZROGgEf6SRfAliNcU644vaPv_XeMpRvp0axG4BFII1sKmQ0DvfQvFsUnneK2g8ueY7J6lUjwuQVtx05N8BX8iIBSEocO8=w800-h500-k-no,50.0386566,19.9433565,,"plac zabaw, Kraków",8,,Plener,Plac zabaw,na dworze,,Kraków i okolice,2.6,z-marszu,,
ChIJCxxy1gxFFkcREutWoBPZ5qg,Plac zabaw pod NCK,Playground,al. Jana Pawła II 232,Kraków,Kraków,4.3,11,,,https://lh3.googleusercontent.com/gps-cs-s/AHRPTWnGmdn8tBME5sNLvEMlcv2sAtL1LaqRbNYRR3ZD2o8L0G2WcjY9X_JZ3nlDJYcamU3tvSNp9YzzMwT_yyW_hyfSsxjW3aHd2U5vZGskG2QDf-Tiymq9hk3pQ8WP7ks1mL3-_pC5=w800-h500-k-no,50.0708796,20.0338224,,"plac zabaw, Kraków",8,,Plener,Plac zabaw,na dworze,,Kraków i okolice,7.0,z-marszu,,
ChIJ9QITtJhbFkcRx-jRTeHpdLo,Błonia w Krakowie,Park,,Kraków,Kraków,4.7,7346,+48 12 201 02 40,,https://lh3.googleusercontent.com/gps-cs-s/AHRPTWkZ0jgXPEJOpiPe6qO3tExmMkscqwpJfiLlY_NjAb9vfZVSbvyuaumqmPmTTZbynWMaNnNpTQHv-cZhhL1TAmWS30q6Zgs7lZTaDPdmigsGyZSYwkvBpowD_olZf_nKA91S7LZGNw=w800-h500-k-no,50.0597699,19.9095228,,"park, Kraków",8,,Plener,Park,na dworze,,Kraków i okolice,2.0,z-marszu,,
ChIJqaUuN1laFkcRWUyhUsuV4fk,Park Kościuszki,Park,,Kraków,Kraków,4.7,3040,+48 12 201 02 40,,https://lh3.googleusercontent.com/gps-cs-s/AHRPTWk806NFRe1jfkzjcTGlVbmToHhCwA994_eSZJSGtTKD-CvpqxVsEF-AMNQe8ZwNesjd6IHH9IMylxtOXf1hin-2ctR2p_9vRPX26yaCDeWWctsfPyC2uvifVX4p8jc5v3ZBRvl-=w800-h500-k-no,50.0932756,19.9401704,,"park, Kraków",8,,Plener,Park,na dworze,,Kraków i okolice,3.5,z-marszu,,
ChIJQwGGo0ZaFkcRcEW_2rlnsWs,Bielańsko-Tyniecki Park Krajobrazowy,Ecological park,,Kraków,Kraków,4.7,10741,+48 12 415 38 33,https://zpkwm.pl/,https://lh3.googleusercontent.com/gps-cs-s/AHRPTWnPtcrO-skRA-flJLG3ww7cyE2CLUlDc-Hcp9k8fq9o5rN_n-CT1aIXz3DY5x3C7oAKW3qBWLjnY6tgpXeTSSW7285DsyPRxYumwFSRTp04BYNnXBwJ1zDhBVmWpyFlgB1t-Gcy3g=w800-h500-k-no,50.05587569999999,19.8500192,,"park, Kraków",8,,Plener,Park,na dworze,,Kraków i okolice,6.3,z-marszu,,
ChIJi1KP1zNbFkcRPQ7s4Fhza1Y,Park Dąbie,Park,Ofiar Dąbia,Kraków,Kraków,4.7,468,+48 12 201 02 40,,https://lh3.googleusercontent.com/gps-cs-s/AHRPTWnPq41br-CCYkQeEjhsgDhTau94QzL0YwTXCfHh7H3CeYp_TUAu09_1S36RJi16XN7FzotlA4mupStJPOb_k7gz7qKx4CVIc1zzrdDAxHe3kSsGYJnaUdHUa5B3zRUdvkd6srin=w800-h500-k-no,50.0561483,19.9791603,,"park, Kraków",8,,Plener,Park,na dworze,,Kraków i okolice,3.1,z-marszu,,
ChIJk8boBH1aFkcRnfe5kIr7RGE,Park Witkowice,Park,,Kraków,Kraków,4.7,893,+48 12 201 02 40,,https://lh3.googleusercontent.com/gps-cs-s/AHRPTWkRfdt6YHnJ1V-I3ihGB1YHfCI8WvO29KoCc8DleswPfhCSCwOJOnizSATlfJpisy1B5HyrB68Jhpf1nS4ZVb0G94aJJCQq2QlBJ_S3_dyLa_l8Y2oNmd5tMbJw3DxNbYd3oN0=w800-h500-k-no,50.1093841,19.9548925,,"park, Kraków",8,,Plener,Park,na dworze,,Kraków i okolice,5.4,z-marszu,,
ChIJxSlqH2RDFkcRXqDxCPiHn-A,Park im. Anny i Erazma Jerzmanowskich w Prokocimiu,Park,Górników 29,Kraków,Kraków,4.7,2681,+48 12 201 02 40,,https://lh3.googleusercontent.com/gps-cs-s/AHRPTWl7pMLt_gI6vx36klO3pEt3dvOQoMJT6t4dWTqlP-ZSmGgWb584Wo1FKntwUozeYPaXcJXRQhfOokXtO_hGGDjpXT_VkSHolzg-tCjxAKIyeANwLt3Mv1IHeJHg5RvhfXAEd4dktw=w800-h500-k-no,50.01798849999999,19.995086,,"park, Kraków",8,,Plener,Park,na dworze,,Kraków i okolice,6.4,z-marszu,,
ChIJ6cPfxgVFFkcRxiEddVOyxyg,Park Czyżyny w Krakowie,Park,,Kraków,Kraków,4.7,560,,,https://lh3.googleusercontent.com/gps-cs-s/AHRPTWmEqiIq25zetwJYWNmYJe-2aVuzF7n9xFO299XtBbp-Xv4XKTMlTs4COELaoeTGRP1o6qlbl9f_1EdZ-PdNeZgvyKRUxOvdFoNkBRXMCga0gv4jABoYr9IGEeDUGAvKAf68ARVl6g=w800-h500-k-no,50.0793443,20.000888,,"park, Kraków",8,,Plener,Park,na dworze,,Kraków i okolice,5.0,z-marszu,,
ChIJr1Wt1k1aFkcRetibrDPU9oA,Park im. Stanisława Wyspiańskiego,Park,Władysława Łokietka,Kraków,Kraków,4.7,888,,http://zzm.krakow.pl/index.php/zzm/parki/220-park-im-stanislawa-wyspianskiego-w-krakowie.html,https://lh3.googleusercontent.com/grass-cs/ACvplmO0B37tGQtIW6iA56A65jfJTLwIPdQE6HDMbcD9F5XoZ49jgd2LASQGIDAJF09NIxeW14soddDZxo98GOthA07RXbnNzBniQNfx5kBYfBoNFDDUk8wuSoqeERmoV9kgxGxE6j4=w800-h500-k-no,50.0858333,19.9208333,,"park, Kraków",8,,Plener,Park,na dworze,,Kraków i okolice,2.9,z-marszu,,
ChIJr5g9eERbFkcRvyr1GeI0Gjc,Park Krakowski im. Marka Grechuty,State park,Czarnowiejska,Kraków,Kraków,4.7,462,,,https://lh3.googleusercontent.com/grass-cs/ACvplmPyzPYXsolUVOBka1USr0fiu3aPI4av_8px79WqFPAMHaA79NhoH4LfTXoui8Cv--7nxjresK29CmlZglsk0Q1wTRx8R0YlWwx3UlIrdZTX9efEL5Dpa3pAETXIfr3QFQ9cUi7-tA=w800-h500-k-no,50.06803069999999,19.9244053,,"park, Kraków",8,,Plener,Park,na dworze,,Kraków i okolice,1.2,z-marszu,,
ChIJt3puXphbFkcRDlq2wa9IkeA,Park im. Wisławy Szymborskiej,Park,Karmelicka 24b,Kraków,Kraków,4.8,530,,,https://lh3.googleusercontent.com/grass-cs/ACvplmPWlwl9iC84oCYvfezYAOFY3T2tgbzEZZQYj9EokZJ1Cssw5Ikj4xo71YrN08hbrkgBLfw4fQFUdWTFSCFSvhMIWbURI-25hY7dIHgakjtM6xDNNLAvrXeeS0tKUuasBObGMu8nSUY6KJQ5=w800-h500-k-no,50.0652881,19.929146,,"park, Kraków",8,,Plener,Park,na dworze,,Kraków i okolice,0.7,z-marszu,,
ChIJHVuLoKREFkcRzLqd8Auo9QE,Park Miejski Bagry Wielkie,State park,Kacza 35,Kraków,Kraków,4.6,523,+48 722 267 111,,https://lh3.googleusercontent.com/grass-cs/ACvplmMfFC3ZBBTXBrzLIJCvcpHV2a1Vc-6J2_TWhN-GS4w95na3FaVC8N5OoP9mFHK0pUZuZp3xBpih9WT3XEJrf1ldDbf9o0zJT-Yt2r2Vtk1mUSXKZwa9h1t7-OYv4KkgFOk0I2xx=w800-h500-k-no,50.03488549999999,19.9909431,,"park, Kraków",8,,Plener,Park,na dworze,,Kraków i okolice,4.9,z-marszu,,
ChIJA4UKXxFFFkcRuBXO-7PVEFs,Park Ratuszowy w Krakowie,Park,Aleja Przyjaźni 4,Kraków,Kraków,4.6,1025,+48 12 201 02 40,https://zzm.krakow.pl/lista-parkow/232-park-ratuszowy.html,https://lh3.googleusercontent.com/grass-cs/ACvplmOT6JzkfGB1fve8NVeyK7-q372N5nQE10Kw1POgWaIBxCGuk7zxuhzxEmCNcDyUJUshra0ku_-E7w1j1ZEFHdrStHzP8STE-k0XxXX7S5FFV4GuiuvwcpiDzmlpx-qfITfKf5u_=w800-h500-k-no,50.07566689999999,20.0395427,,"park, Kraków",8,,Plener,Park,na dworze,,Kraków i okolice,7.5,z-marszu,,
ChIJHyAV4WpDFkcRRmb__Ntmi-I,Park Duchacki,Park,Malborska,Kraków,Kraków,4.7,713,+48 12 201 02 40,,https://lh3.googleusercontent.com/grass-cs/ACvplmOKbDalR6Ms-m5uKgil-0N6Fp9xw9UhOdCLsV_DPbBDyzrL91rGxSUs97wNCHtN-mD98aoZS2L9oIZ6gS8h-uCaOqaXo1lDwwit2YGWVRd4vCqLHfAczRAvQEOHycWHze5yzQGP=w800-h500-k-no,50.0214929,19.9653089,,"park, Kraków",8,,Plener,Park,na dworze,,Kraków i okolice,4.9,z-marszu,,
ChIJ3UB5wq9aFkcRz-M1vy7xIsI,Park przy os. Złotego Wieku,Park,,Kraków,Kraków,4.8,318,,http://www.mistrzejowice24.pl/2018/02/20/sciezka-edukacyjna-polaczy-mistrzejowice-z-pradnikiem-czerwonym/,https://lh3.googleusercontent.com/grass-cs/ACvplmOjAErFtaslQXHXL2f_eGNEcgb2f7hvpO9J6FEiSuCj8Y8h9KxedJg6HdBHUmQ4m-qBCtBh05X4fEWHMNhe_RQ9h53r9__ZkKmbfswi847fcpmp3pFZp66IcNRLOMRj_saBESQY=w800-h500-k-no,50.0990489,20.0003508,,"park, Kraków",8,,Plener,Park,na dworze,,Kraków i okolice,6.1,z-marszu,,
ChIJ4Xu7oTRbFkcR3irNtMAaLHI,Park Kieszonkowy - Ogród Kwietny,City park,Piasek Północ,Kraków,Kraków,4.5,116,,,https://lh3.googleusercontent.com/grass-cs/ACvplmMg8_AFpZF6uqw0NV29bK0lKihlqeszyJjr7WdQqaVWwOmtylYNSlvQg2jTe4aFG-Uh-msQR3n54sNomCcsKAlVn8QorMu_0WAXe6pUwWrZJd-HCHYQPnNu9GmbF_jL-TwLtW8r9g=w800-h500-k-no,50.0705378,19.9317252,,"park, Kraków",8,,Plener,Park,na dworze,,Kraków i okolice,1.1,z-marszu,,
ChIJb5yxLUhbFkcRtR26WBtOOlc,Ogród Dębowy,City park,,Kraków,Kraków,4.9,67,,https://zzm.krakow.pl/lista-parkow-kieszonkowych/442-park-kieszonkowy-ogrod-debowy.html,https://lh3.googleusercontent.com/grass-cs/ACvplmNrx81JqnNCibxQfoWYwbap3wEpmJRSnOuStPRJuvlr83xZA-LSssDDFDWVYzrvqJ5uqXnu6kk34737CPm_kA6btyoShorliyFoz4K5Ri-Ka0tUAUj1I8QZi3T7fCyypd_fvT8=w800-h500-k-no,50.0828198,19.9557412,,"park, Kraków",8,,Plener,Park,na dworze,,Kraków i okolice,2.7,z-marszu,,
ChIJefCH4RtFFkcR0-cBwDrR4ww,Łąki Nowohuckie w Krakowie,Park,Biskupa Filipa Padniewskiego 9,Kraków,Kraków,4.7,1664,,,https://lh3.googleusercontent.com/grass-cs/ACvplmOFuIMLW9WLUaqp18Qi96QRa4Tj-D_VLKcyAkkc5DCpclR8Ivnj58CioInF4LWMTFaFlZl9Qs9LvH1waDGlpeoxTGiZzzse3Wps-FXdZDzCIPCMTxEPO_gT1lio08Ook5YPbGaq-Q=w800-h500-k-no,50.0673555,20.0358496,,"park, Kraków",8,,Plener,Park,na dworze,,Kraków i okolice,7.1,z-marszu,,
ChIJ1cFg01tbFkcRWF00blEQZns,Park kieszonkowy „Ogród nad Sudołem”,City park,Naczelna 23,Kraków,Kraków,4.8,473,,,https://lh3.googleusercontent.com/grass-cs/ACvplmMIAFaBBQQOphucrMQnWsFsHeJAE6Ny1qK7EQANBu7LOyXo-GqQFOjjDrFwCk4D9R4xGTNfjLcu5GaZ6fBJ1BtoYspRu3L-obxRCbB2doq_jGsAxaPkU5A_BXrt_TYNP_alPDD_=w800-h500-k-no,50.0904386,19.9684384,,"park, Kraków",8,,Plener,Park,na dworze,,Kraków i okolice,3.9,z-marszu,,
ChIJK2azqC5bFkcR4kA_XoS4Dow,Park Kieszonkowy - Ogród Literacki,Park,,Kraków,Kraków,4.8,33,,http://zzm.krakow.pl/,https://lh3.googleusercontent.com/grass-cs/ACvplmN0V5Fpx6yJK-zZW-r61hoC8GX9gsLgayqvZgV0u-cclHwTmVRRYXEmJGmuskhEETY03a4VzNyhtxuWpSsH_MdHR_XhLnLNdA9N5hD2wu_mmg5UyYPYE8OoZO2CoADxWn540zz1=w800-h500-k-no,50.07243339999999,19.9144558,,"park, Kraków",8,,Plener,Park,na dworze,,Kraków i okolice,2.0,z-marszu,,
ChIJj0VdRoZbFkcRbN5MzXgLQxg,Magiczny Ogród Krakowian,City park,,Kraków,Kraków,4.4,42,,http://zzm.krakow.pl/,https://lh3.googleusercontent.com/grass-cs/ACvplmN4nVdb95cjJyQWyHurfWkjg9cMjtiEnfSymgEfb9def_p9m5SHn1UtXPS8yo8mhtumRvhytesGLx_RN2bb7-fV6iM4wqbLmYu10eE9McsGAqJ-7lO1c-yjkA7lPG8gVQc-2MM9=w800-h500-k-no,50.0485377,19.9266919,,"park, Kraków",8,,Plener,Park,na dworze,,Kraków i okolice,1.6,z-marszu,,
ChIJX-3EBjVFFkcRu25y8N1s1iU,Park imienia gen. Stanisława Skalskiego,Park,Osiedle Dywizjonu 303,Kraków,Kraków,4.6,85,,https://zzm.krakow.pl/lista-parkow/233-park-skalskiego.html,https://lh3.googleusercontent.com/grass-cs/ACvplmO6rjwHwEZEqtSKcmnFYewefQNf63Jto5eJnWGX1roiLANDb1XHwy7cTNmhjkNBjUAHdFikk2FnsGu_Vk3porVCuUZjqB7-rbhZLI1oZleBvL7yWWXM36kNtryEfsGmt6dR1zI=w800-h500-k-no,50.0845499,20.0071234,,"park, Kraków",8,,Plener,Park,na dworze,,Kraków i okolice,5.6,z-marszu,,
ChIJQR4sk7dEFkcRJCzV7OUdCPE,Park Rzeczny Płaszów,Park,,Kraków,Kraków,4.6,596,+48 12 201 02 40,https://zzm.krakow.pl/lista-parkow/249-park-plaszow.html,https://lh3.googleusercontent.com/grass-cs/ACvplmNZqKRqgOGsZRloEt6qdVDd-5Zir8dTy88bu_V6KTowiSjYJlomWAiwlSFMWF9vZJzrRjC_5i1UF2005kPqDefUQhmcZ_-UiirG8JxKy4H117X0maB_p7PQD8Qm5KnF64TS80co=w800-h500-k-no,50.0475157,19.9935535,,"park, Kraków",8,,Plener,Park,na dworze,,Kraków i okolice,4.3,z-marszu,,
ChIJL0l6pp1bFkcRZjCL5A4ZgcY,Park Przy Śluzie,Park,Półkole 9,Kraków,Kraków,4.7,106,,,https://lh3.googleusercontent.com/grass-cs/ACvplmNVxGMaJf4ymtdlW24lvmsS6fEWa9HHZupFrPcpZy4myAH90u-vMLnoDRi_3PHkP5MMniugUqb2RwhoIiPFrJLr9w8EpStw2DFhbWtRz03EMoWFsWVfuVITAQzJMSbNBbu2rScd=w800-h500-k-no,50.0615967,19.9829436,,"park, Kraków",8,,Plener,Park,na dworze,,Kraków i okolice,3.3,z-marszu,,
ChIJZfDUYABZFkcR2YI1Hxtz4rY,Park Tetmajera,Park,Włodzimierza Tetmajera,Kraków,Kraków,4.6,649,,,https://lh3.googleusercontent.com/grass-cs/ACvplmNl53VT4j45jWtq9IRT7ZW9c4qiKd2v-NW5kq0iRCSz6Gf4Pbul61qcRisiKrclmWZln6DnYSiqWC88Yiv3ubxUwQ_flM5Yufjg8J2M1KAGc9fBfUnqMmwZJE7bB0TSLZcKjOjH=w800-h500-k-no,50.0931338,19.8651664,,"park, Kraków",8,,Plener,Park,na dworze,,Kraków i okolice,6.2,z-marszu,,
ChIJLddxYL9cFkcRadChTpBG0xM,Park Solvay,Park,Kościuszkowców,Kraków,Kraków,4.6,161,+48 12 201 02 40,https://zzm.krakow.pl/lista-parkow/251-park-solvay.html,https://lh3.googleusercontent.com/gps-cs-s/AHRPTWm9HxLBpwAxkHHSqXZYTiWuTxiFE8jtfiWzQl1-dgf5uQegUQlNV2QWGCwX8D65AB-kBTw7eACCvi2la9CjQvx-R3KAJ6idHobT-CW7G8Cs9cCt9KF2goLRbFCzQ-mbstGA0oS8Iw=w800-h500-k-no,50.0156319,19.9263841,,"park, Kraków",8,,Plener,Park,na dworze,,Kraków i okolice,5.2,z-marszu,,
ChIJFUQjMABbFkcRsIkx6IIQHbI,Park Kolejowy,City park,Morsztynowska 5,Kraków,Kraków,4.8,111,,,https://lh3.googleusercontent.com/gps-cs-s/AHRPTWnyU2nvW2e5g0mNxXeAOxBqk3A5UDsjUjbWE0cTox4VK7H3MkMCNG5N1x2aywyfQdIlISbuSmxlLbRLZgkFeCfLcpaN1fZgEjckhI1p-7lPuhqh_Mmv_sM-gHCPNCSFX2AOzfhNtvdbqj5I=w800-h500-k-no,50.05976159999999,19.9476499,,"park, Kraków",8,,Plener,Park,na dworze,,Kraków i okolice,0.8,z-marszu,,
ChIJs2_GbmVZFkcRCvfvd9C5bh0,Park Młynówka Królewska,Park,Zygmunta Starego,Kraków,Kraków,4.6,313,+48 12 201 02 40,,https://lh3.googleusercontent.com/gps-cs-s/AHRPTWl_NzzNe6kx8xv33XRvG-_ZgPn4nX4d8yds48S2T_MXJM31n8U_2WPbXzk0E3QGyYjNXhCBk1JUW1-ewoS-QgZZygM-HRYs-kUfQwrA1Jkmy8qRoPT65hpuKn-p07UUpYyR_40H=w800-h500-k-no,50.0798146,19.8562783,,"park, Kraków",8,,Plener,Park,na dworze,,Kraków i okolice,6.1,z-marszu,,
ChIJS2xP4nxdFkcRmHsa-o1tjM0,Park rzeczny Wilga II (Borsucza),City park,Cegielniana,Kraków,Kraków,4.8,65,,https://zzm.krakow.pl/aktualnosci/1021-zakonczenie-prac-nad-ii-etapem-parku-rzecznego-wilga.html,https://lh3.googleusercontent.com/gps-cs-s/AHRPTWncGX5Qh7rec9cz36OAkiUB1ygmj7sskrHDxKXBGki_s1K8kWsvukF5-EhD0uMUcv7dmkMdVbGgoKUAgXdnZuiV1ae--RIiX0UFZfZzfdIFSCaExbaA7PpKxXD6Nz9dUvUE3yw3Nw=w800-h500-k-no,50.0275891,19.9273492,,"park, Kraków",8,,Plener,Park,na dworze,,Kraków i okolice,3.9,z-marszu,,
ChIJU4HaI6NbFkcRibE2awZw_vQ,Park Jalu Kurka,Park,Szlak 73A,Kraków,Kraków,4.1,104,,,https://lh3.googleusercontent.com/gps-cs-s/AHRPTWkCnWtgN3CSRFQXaWtrTUIJArZehnp1_yPJSELosFLGXdwGT4vuxghGwz70D7QHLyYjjnevMn6wHjH60t5KccVZTNTN90TW27ZMRkGNO7gXv8WFTCSp26ii9LgrVBiGrgTrUQ9Y5A=w800-h500-k-no,50.0696407,19.9421918,,"park, Kraków",8,,Plener,Park,na dworze,,Kraków i okolice,0.9,z-marszu,,
ChIJkaXzBJJdFkcRTobeOpLch9E,Ogrody Krakowian - Ogród Chwastowy,Park,,Kraków,Kraków,4.7,62,,,https://lh3.googleusercontent.com/gps-cs-s/AHRPTWmv9nX3A1Y_a1QFGnTitUVFcIxxipT8wMMMv_vaWFtxYXv4lk8NHSwfDR7DfbH9JpZOCeTrS-jxAk-23tt3VRjp6curwryfzIqIqohzPZSiHcfavv7NNVzmDpgSmUA0xrtQD91z=w800-h500-k-no,50.0338578,19.9398144,,"park, Kraków",8,,Plener,Park,na dworze,,Kraków i okolice,3.1,z-marszu,,
ChIJOR8_M6hbFkcRYkuy2XDWwEI,Fabryczny Ogród Krakowian,Park,,Kraków,Kraków,4.8,46,,,https://lh3.googleusercontent.com/gps-cs-s/AHRPTWmisMVAShRFnUw8JgTrNqkwu8iaVNGkvqqNtsIQxK-vQ0NkACzgWT_GETgzyYnWzVUE-Ubr1B6IymvqfvrOG58jGU82TyW2KHlEjf1ZJ51Z8YTAis54KwiaQdtYjbzeG20yEB29eA=w800-h500-k-no,50.06419169999999,19.9739267,,"park, Kraków",8,,Plener,Park,na dworze,,Kraków i okolice,2.6,z-marszu,,
ChIJQ3GxJMBbFkcRrdoTSPkHQuQ,Park przy Grottgera,Hiking area,aleja Artura Grottgera 16,Kraków,Kraków,4.8,85,,,https://lh3.googleusercontent.com/gps-cs-s/AHRPTWmIbJv4FWFhplfPBCKOYDZeglQSZOPJ8nV9qRMFCMdImwP7CCLv1M-lYwOZ0kY25HS8i2tUvK5SGCcH68xDRECo2xI3K8fmCqjzUlSp1nz9FjF6dilm6nVbK1XPcccyBLI-XrMw=w800-h500-k-no,50.0737082,19.9268751,,"park, Kraków",8,,Plener,Park,na dworze,,Kraków i okolice,1.5,z-marszu,,
ChIJVze9i5lFFkcROBqI3UJDj_U,Park przy Stawie Płaszowskim,City park,,Kraków,Kraków,4.8,72,,https://zzm.krakow.pl/lista-parkow/444-staw-plaszowski.html,https://lh3.googleusercontent.com/gps-cs-s/AHRPTWlrIo8F4DktZe8r6P92P-6PsZ-RPg9ZvJl9P2FSMfs_zWPcJsj194HFadefdfPovLuW6jhd749SPj5Qv3jTAfRuAx7Ac3_3IyMM5Tj3-yLVGu2Dz8yyI_hqXA46ypfPHr5kOFRcUA=w800-h500-k-no,50.0419827,19.971514,,"park, Kraków",8,,Plener,Park,na dworze,,Kraków i okolice,3.3,z-marszu,,
ChIJC3YLdkhbFkcRk45meDeLUec,Park Stacja Wisła,Park,,Kraków,Kraków,4.6,581,+48 12 201 02 40,,https://lh3.googleusercontent.com/gps-cs-s/AHRPTWkfQpMk5xwcKcDb3DF3xc-kGANvR1wLC6ddiEFoNLKn3tDNlgY06Lh5qKob98JPvvv6qcLOzLjsixXu_WxpY4JjiWlrqxbGWyJOoxS-eg1uDFVE7CDLhXAc1m841X1PBmqGJMed=w800-h500-k-no,50.0506783,19.9592366,,"park, Kraków",8,,Plener,Park,na dworze,,Kraków i okolice,2.0,z-marszu,,
ChIJfbUvNiVdFkcR80Aq7A6fj_o,Park Rzeczny Wilga (Brożka),Park,Jana Brożka,Kraków,Kraków,4.4,57,,http://zzm.krakow.pl/,https://lh3.googleusercontent.com/gps-cs-s/AHRPTWmxUvd99aHYcz855uYXO04RP3MnxCYgQ352DapsDcYviQGQFvf7t35nGqKsP0JCF_-KV-RIX3eT5Iz92tDiPOrdxrQw5izKu_QZdoRrpISTBG7gQc3oA_1B8RZsMJbG6Wbtix7MEQ=w800-h500-k-no,50.0312981,19.9290333,,"park, Kraków",8,,Plener,Park,na dworze,,Kraków i okolice,3.4,z-marszu,,
ChIJfwWlajdbFkcRGwAs-Z4Yzc0,Park Grzegórzecki,Park,,Kraków,Kraków,3.8,59,,,https://lh3.googleusercontent.com/gps-cs-s/AHRPTWmicxWX2FIFpx47TcxnN9ECCvAdOrLR4amffWAqImg4_1JVVPwkks7ezVJB7RB0IouekGhtDrJ75LdAxinheR7Ef98S6vl8rRMpU94Wl2yJAyP9JxBQNv5x84bZeIHx_JIq0lbF=w800-h500-k-no,50.0549111,19.9674278,,"park, Kraków",8,,Plener,Park,na dworze,,Kraków i okolice,2.3,z-marszu,,
ChIJU3xsuQFbFkcRuVt0PM3xJXI,Park Kleparski,Park,Prądnicka,Kraków,Kraków,4.5,63,,,https://lh3.googleusercontent.com/gps-cs-s/AHRPTWnaJ9QLSRmCdKkzLXfz51QM5SLT7vH5dvQ-5dNigAxgPC0ur8byq40GRp0ZROU_jKi7YnVakzmXMafK6UVeXtVWVtSpCyDXkOEu1XRxu6MBI_xuv1WMoq73r4NsLkGDngYTCeyh=w800-h500-k-no,50.07598609999999,19.9379709,,"park, Kraków",8,,Plener,Park,na dworze,,Kraków i okolice,1.6,z-marszu,,
ChIJU4NFYABbFkcRjClI5n1oX8w,Park Łokietka,City park,Oboźna 29B,Kraków,Kraków,4.5,37,,,https://lh3.googleusercontent.com/gps-cs-s/AHRPTWkycg8wk8nj4CeWBlZB0_QxI3I4-dMbREn_qdbl0YpCQYMCmYZ5O_NlKl0oAKd76zJLMpauqLAwONaxaUIwwSysUPDRkNIsYhqzeF4lAb-MnclAGXL-EBqGbc49OVuC0QsLIJb1jKfLGOBE=w800-h500-k-no,50.0802144,19.9280536,,"park, Kraków",8,,Plener,Park,na dworze,,Kraków i okolice,2.2,z-marszu,,
ChIJe8R9WwBDFkcREpKNdcG2hR4,Park Aleksandry Północ,Park,Erazma Jerzmanowskiego,Kraków,Kraków,4.6,34,,https://zzm.krakow.pl/aktualnosci/1890-park-aleksandry-polnoc.html,https://lh3.googleusercontent.com/grass-cs/ACvplmPsRfORggn0pJ0i0fsA5WoFaBYs-1uCNsXeJCPPNYGLV8QH3vwAIYVIzZtkp-g3mliLC4m4DqfKdsNfQYGCyfV38la3OtSR_r2LIPVRGdcLI9k2dULD1-Zwwa_UcyY2yQQTRp6UDEmJDTUD=w800-h500-k-no,50.0198537,20.0085178,,"park, Kraków",8,,Plener,Park,na dworze,,Kraków i okolice,6.9,z-marszu,,
ChIJN237tR9bFkcRrDAavRFZe7U,"Park, zabytkowy fort",Park,,Kraków,Kraków,4.7,27,,,https://lh3.googleusercontent.com/grass-cs/ACvplmNzgDcF6gaOUGjW7sHEFb4_Ujy7RVyJKUe5CvDqwUYRZbET7JWrFyfmJXBVL6hGxq_OITei1OGIEfkhfPYTx7aW3FC4x6c--DyySRRHes82okaWjcBSz1LLAdZcXLWwEduM5eVp=w800-h500-k-no,50.0809842,19.8997704,,"park, Kraków",8,,Plener,Park,na dworze,,Kraków i okolice,3.4,z-marszu,,
ChIJlec71DhbFkcRvBZnsckN-zk,Park Bronowice przy forcie,Park,Henryka Rodakowskiego,Kraków,Kraków,4.6,36,,,https://lh3.googleusercontent.com/grass-cs/ACvplmP695ba990xTJW-BDBj6I3gDemzbB2fpDqmJ4gZ1bdRHxwLXclZMDLWhY7TxjUBYPED5iRzJIxPvydWd1OKjME-G-VxQ8zxTIi0WvTgoypWtu2BMSsUagbIWVd-a251ruFvD8_g5A=w800-h500-k-no,50.0805453,19.8996282,,"park, Kraków",8,,Plener,Park,na dworze,,Kraków i okolice,3.4,z-marszu,,
ChIJo0dazaZbFkcRPY0bz0Z-KTE,Leśny park kieszonkowy,Park,Kazimierza Chałupnika 16,Kraków,Kraków,4.8,11,,,https://lh3.googleusercontent.com/grass-cs/ACvplmPlue14N4dXLE2mF3qc_gia-1mrUb34FuIMsfgP0Oz0YGC2U6sZmMDyWeXU8kj_sNKtPihgaY_AJ2xplWEgvYCtJGUf21aGBCTWD59nb9fh9OCmLQadf26fPwisssXheKlF_lGb=w800-h500-k-no,50.0770281,19.9764426,,"park, Kraków",8,,Plener,Park,na dworze,,Kraków i okolice,3.3,z-marszu,,
ChIJ08hlZgBFFkcR9Dc_64UbeTM,Park Woźniców,Park,Sołtysowska 11A,Kraków,Kraków,4.5,15,,,https://lh3.googleusercontent.com/grass-cs/ACvplmP6rxVXpPX_XLd9XYoKD89Gnnpw79cfylbYao0qy_XK9WWiS-1oiAgXtaHPwo1yQssQyia5PphCYIEK9_XEdhVzya39N_gnbVSr9ZpzguMA3SDSf6xyjpRW_ov0UQAmlfiRVvrJ=w800-h500-k-no,50.0650408,20.0134363,,"park, Kraków",8,,Plener,Park,na dworze,,Kraków i okolice,5.5,z-marszu,,
ChIJJbxcHENDFkcRyGwZxh3KyfU,Park Rzeczny Drwinka,City park,Drwinka,Kraków,Kraków,4.2,269,,,https://lh3.googleusercontent.com/grass-cs/ACvplmPRHIV6lfwh1MpA5kmRSFGIZ_IFq1K1-Hcu_cTlTGuoVo1fQnUGz7eI8CHHxlgq5eSff5_Z-w9dHc8Hj8DZju3iF-LaYcueb6uZNQrblZ_CHE6D8QOy-TALq-1JO1VSZJfyN3Odzg=w800-h500-k-no,50.0148326,19.9799339,,"park, Kraków",8,,Plener,Park,na dworze,,Kraków i okolice,6.0,z-marszu,,
ChIJBWrq5k9bFkcRU9_E5F9Zdjk,Wzgórze Lasoty w Krakowie,Ecological park,"2XR4+WQ9, Por. Antoniego Stawarza 29",Kraków,Kraków,4.8,80,,,https://lh3.googleusercontent.com/grass-cs/ACvplmP07TutEbyd51VRSUny8JgHGMEMD-HA3RhXchMmJ94sjiRpBhnZ-ay4ykmgLYLhtuvPGHMlfsB_fS6UhPmE9bO39BiXBmyQfe4RxKbNeyN4MftTosuTNHwelr8swvfgq8OjmSI=w800-h500-k-no,50.0422959,19.956887,,"park, Kraków",8,,Plener,Park,na dworze,,Kraków i okolice,2.6,z-marszu,,
ChIJYZBl9dtbFkcRIICX8WSS4qY,Park Zdrojowy Mateczny,Park,,Kraków,Kraków,4,45,,,https://lh3.googleusercontent.com/grass-cs/ACvplmOsMpkl-1Z1AVX9s_lKdBRVY3kBv5H8DT5E0ZqIttotcODJuZjiqCAUL0T0guZ_cbPbLZoMn9yKyLKkYhjICHvIHAVpzmrAmPR3ZzPsrVN5HDiEJv7_9_BuYQgZCaVSivB0kCKJYw=w800-h500-k-no,50.0382447,19.9375487,,"park, Kraków",8,,Plener,Park,na dworze,,Kraków i okolice,2.6,z-marszu,,
ChIJQSCNnt5dFkcRsw7PKG3C3mk,Park w Łagiewnikach,Park,Aleksandra Fredry 12,Kraków,Kraków,4.2,27,,,https://lh3.googleusercontent.com/grass-cs/ACvplmMvNlDVAlpdPyzFfgtiOiMFGDeSxueqewLHfHAQglI1mpFQ0yFIhNnF-hC9fyLiHsprmD-HcNFmPHpJBBVlvkLcwr4agrKEoZW9yuRBVozVk5RmSr-QU8VBxJ1Av0hSs1E25mM=w800-h500-k-no,50.0232153,19.9448239,,"park, Kraków",8,,Plener,Park,na dworze,,Kraków i okolice,4.3,z-marszu,,
ChIJRYCAA59bFkcRoVjl1H90sSY,Skwer Kółeczko,Park,Kazimierz,Kraków,Kraków,4.3,161,,,https://lh3.googleusercontent.com/grass-cs/ACvplmPuqJ5iCYmVJ3eD6xVx7PDVKNJdpt6sbxbFq8kSoA7pD6gER6wwoxdeEbP4yQTK07HpRH_8nb0grPbBRvykKwfe736fcPLEGWdOWrUmyHw134eiSzDsy6LfgdOZy3F2EuQhFQ4=w800-h500-k-no,50.0538915,19.9455526,,"park, Kraków",8,,Plener,Park,na dworze,,Kraków i okolice,1.0,z-marszu,,
ChIJ0f-Zb2pbFkcRMqRHHlNqyVY,Park Wodociągów Miasta Krakowa,Park,Senatorska 9,Kraków,Kraków,4.8,8,,,https://lh3.googleusercontent.com/gps-cs-s/AHRPTWmiIajCjMb7lkIp89gymDezGDDe9oIR6V3bbvqqCE-9oheoCnRVSIEgpfFANVpoV-YI8th488jZe_0_EQ3tBZSAiuMbpYrFoTo7BrQFBBIdHcfBgT1hr49H98rgHx2ryVuoVUQ=w800-h500-k-no,50.0554344,19.920134,,"park, Kraków",8,,Plener,Park,na dworze,,Kraków i okolice,1.4,z-marszu,,
ChIJDfifJABbFkcRmqOoc0JG7JY,"Park Fort 2 ""Kościuszko""",Park,Zwierzyniec,Kraków,Kraków,5,2,,,https://lh3.googleusercontent.com/gps-cs-s/AHRPTWkAa04SsOX-jRtD-6HjAsUiqF9-3zIwyDZer_zArFJcnrKyJ62LE07SNKqR5bi1hFxJzzdNga98R2HHhKQU7u_ekgz8aC5aFthodW8UbJ3U7r_6rD8oxtNvadqejtwMPqzhxcWzXAi_dcVk=w800-h500-k-no,50.0548176,19.8918424,,"park, Kraków",8,,Plener,Park,na dworze,,Kraków i okolice,3.3,z-marszu,,
ChIJSfKhLwBDFkcRJMUZkxcALu8,Park przy Dworze Czeczów,Park,Księdza Jerzego Popiełuszki 36,Kraków,Kraków,3.5,2,,,https://streetviewpixels-pa.googleapis.com/v1/thumbnail?panoid=owaAhC9ydmuEsb070YmHCQ&cb_client=search.gws-prod.gps&w=800&h=500&yaw=204.86398&pitch=0&thumbfov=100,50.01462309999999,20.0394014,,"park, Kraków",8,,Plener,Park,na dworze,,Kraków i okolice,9.0,z-marszu,,
ChIJfdljQ7JaFkcR4QzGvB2c28s,Park trialowy Mistrzejowice,Amusement park,,Kraków,Kraków,4.4,36,,,https://lh3.googleusercontent.com/gps-cs-s/AHRPTWkrRIRcGdq7F5A5jwCR-jrJz39EzhRGdpd2ZOkHp80ghYVNJ2TmyaaSldRTXktg-vMucxsGJ9iyYy-rrHbnelvG1Pvi_QayGDAv3RC8DxIMYnzFXd2cBVJBMK0aUErA3JeL9QCHiQ=w800-h500-k-no,50.0957737,20.0066025,,"park, Kraków",8,,Plener,Boiska i sport na polu,na dworze,,Kraków i okolice,6.2,z-marszu,,
ChIJNw0Rx1tdFkcRMsMGYHCGrEE,Park Wola - Sportowa Sodowa,Theme park,Sodowa 5,Kraków,Kraków,4.7,327,+48 660 808 111,https://parkwola.com/,https://lh3.googleusercontent.com/gps-cs-s/AHRPTWm0jtrs495b3T7A8H_afB2kdJG6xejcaB5w2oQRBRmS28wawxL9Tx0x2xAVEAo4-dWvVYvdMXF-Q1RR2FdxtaqU87HfskTF-L36O7KUUD8-mTdaB0uWEtC2C0FgRNarRHF9eP8E=w800-h500-k-no,50.0340528,19.9000779,,"park, Kraków",8,,Plener,Park,na dworze,,Kraków i okolice,4.1,z-marszu,,
ChIJtwWrY_ZbFkcRRjAiYvxLFcY,Game Park Kraków,Amusement park ride,Aleja Generała Tadeusza Bora-Komorowskiego 37,Kraków,Kraków,4.5,53,,https://www.facebook.com/gameparkkrk,https://lh3.googleusercontent.com/gps-cs-s/AHRPTWlHECNK06sftjDeth5LlPoGLpizV4x5Mz6U8J7MQKO4xu473SDH2Qgef5lVbPpGb1IRtadmYpjz9_ZZhhyueBZDx5UYKPRWTTvXSikjPCmH2fxyMy1FQM4PvzfU5oEVvfkokOE_0Q=w800-h500-k-no,50.0870269,19.9822334,do weryfikacji (dzieci?),"park, Kraków",8,,Pod dachem,Sala zabaw,w środku,,Kraków i okolice,4.3,z-marszu,,
ChIJlWm3ZhxbFkcRs3tuBpSlWSI,Skwer im. Zbigniewa Wodeckiego,Park,,Kraków,Kraków,4.7,27,,,https://lh3.googleusercontent.com/gps-cs-s/AHRPTWkQvWZl56Fu2ciwr1KUGglFdomLyesYoEK0IoUZpQbu91A-1xiqNANGghSEX_Hk_mB8fUjyduGP11cEfdci-nHaGXslcsi3-cTDcaq2Yf3U4bXSHEpVU_xhb9syz0rq8toSoTPF=w800-h500-k-no,50.06294279999999,19.9440856,,"park, Kraków",8,,Plener,Park,na dworze,,Kraków i okolice,0.5,z-marszu,,
ChIJm7pWuZJbFkcR6nUH1s7VtNw,Park kalisteniki,Gym,,Kraków,Kraków,4.7,34,,https://flowparks.com/pl/realizacje/street-workout-krakow-park-jordana,https://lh3.googleusercontent.com/gps-cs-s/AHRPTWlzn0tmbYvBKMbgmPSStyRN4WfSJw6hPQvACTBXnEMuH7BjrDhVbrpTbGjEAXOm2lJOFi3mn7NpMz_EQYwGCqHglbdXAUgTlGKq5rBDRVQzhifM1gmLCNTck__NlegiO1OknRM=w800-h500-k-no,50.0626279,19.9131164,,"park, Kraków",8,,Plener,Boiska i sport na polu,na dworze,,Kraków i okolice,1.7,z-marszu,,
ChIJY9q07r8ByYER2IWoNaI3MIo,Park Wola Cruises – Prywatne Rejsy po Wiśle Kraków,Boat tour agency,Tyniecka 4,Kraków,Kraków,4.6,18,+48 790 030 765,https://www.parkwolacruises.com/,https://lh3.googleusercontent.com/gps-cs-s/AHRPTWlKe-Ar6QsTJHLLt_qy_ZlOIoiru6hu7fXOZ5kJo4wHJ7mSjUBp4jChC1FGHW4xaY2SqogLhZ-FGVYJ-zsSvOdmkEhnaTTdNzoIPkJ23gBJeT-5K2CwB3808UmTDq--rQgvj8ejiU-_pinb=w800-h500-k-no,50.0523122,19.9254859,przyszła kategoria: Rejsy / atrakcje turystyczne,"park, Kraków",8,,Plener,,na dworze,,Kraków i okolice,1.3,z-marszu,,
ChIJbz-mI1dFFkcRpiAyJm59FzY,Skatepark w Parku Lotników,Sports complex,al. Jana Pawła II,Kraków,Kraków,4.6,90,,"https://investmap.pl/inwestycja/krakow-skatepark-park-lotnikow,10274.html",https://lh3.googleusercontent.com/gps-cs-s/AHRPTWlVU-VMTRAPgVoSvP7fPdQY9EPNjTbUfECfNQAkWMY7PidwqV6TWkmYIUqHEi7ChXlWe7Cj081kxGqKjPnZJHYs0_hX5KMnHt5lyBSMEBtVmPO1t_T_v1JNmJTRJ6ZIaj9FhRwo=w800-h500-k-no,50.0730476,19.9884194,,"park, Kraków",8,,Plener,Boiska i sport na polu,na dworze,,Kraków i okolice,3.9,z-marszu,,
ChIJnUcMXgBHFkcRrOxIegD1vLs,Park Przylasek Rusiecki,Park,Rzepakowa 29,Kraków,Kraków,,,,,https://streetviewpixels-pa.googleapis.com/v1/thumbnail?panoid=msIB9yVDATwwhNLmwBFH7A&cb_client=search.gws-prod.gps&w=800&h=500&yaw=263.94397&pitch=0&thumbfov=100,50.052501,20.162865,,"park, Kraków",8,,Plener,Park,na dworze,,Kraków i okolice,16.2,z-marszu,,
ChIJ7WDTVStcFkcRCJASCKaEv7Q,Nature Reserve Skołczanka,Nature preserve,"Kraków-Podgórze, Obrony Tyńca 87",Kraków,Kraków,4.7,107,,,https://lh3.googleusercontent.com/gps-cs-s/AHRPTWkJMSxYE7aBa9dBOXQAhDfKxl83Y74RoohXpQVJGSuuQF1Z3L-1cJ3ZCMzidJ8IyIRCRTZPqCdl_uigd2eRIMfmak8lBXlPXfSz5Cnm1RcO3FH_SLwQTiRIakUgLigkCA5SvQiI=w800-h500-k-no,50.0118417,19.8287982,,"park, Kraków",8,,Plener,Park,na dworze,,Kraków i okolice,9.5,z-marszu,,
ChIJ089bECdFFkcRA621rje2rsU,Park parkour Czyżyny,Gym,,Kraków,Kraków,4.7,31,,,https://lh3.googleusercontent.com/gps-cs-s/AHRPTWlHdJmJrNyadIhAKXmuZuF0DyV6vw5xfdrPFqkDwu64ENKqFhuYoeXK8wC-6DTnImhIZHgzCr0YYuzM9odYEyKx9dZDQmjqyN8RKaQcsvILPe1UkI3U18PYVWehYazLynSBTwNqGw=w800-h500-k-no,50.0793027,20.0005913,,"park, Kraków",8,,Plener,Boiska i sport na polu,na dworze,,Kraków i okolice,4.9,z-marszu,,
ChIJI4xY1otcFkcRFLhYkHcV1dU,Street Workout Park – Michała Bobrzyńskiego,Gym,Michała Bobrzyńskiego,Kraków,Kraków,4.8,122,+48 12 311 01 33,,https://lh3.googleusercontent.com/gps-cs-s/AHRPTWlEsuOWsIE50fH8MgDokfuHHPD74bZtRP3j92UiIX0MPDOOagJSEmZ2tFPZlTxY682PEnXlVXzsdIlqotZfvyiAmE6XFFJZ75295JThZlIXdlzwivOzD3t0MhFZm92OwCEeciJK6g=w800-h500-k-no,50.0260229,19.8991747,,"park, Kraków",8,,Plener,Boiska i sport na polu,na dworze,,Kraków i okolice,4.8,z-marszu,,
ChIJUcBr-E5aFkcR0Ay07N31Ne8,Street Workout Park – Władysława Łokietka,Gym,Władysława Łokietka,Kraków,Kraków,4.8,144,,https://flowparks.com/pl/realizacje/street-workout-park-krakow-ul-wladyslawa-lokietka,https://lh3.googleusercontent.com/gps-cs-s/AHRPTWmWdlwloyEZNkZJw5JwBpfcaGB8S0OHs5Alyi1vyEu59oqbqZXMepaGL7GM9pKvHVd-UX9wLK9Hb0gCoVAgMahPw5WyZIeWGuMlrTYacBSClO4MxUF5ToDzLtR5VUZq4TzyGtW5HA=w800-h500-k-no,50.0880363,19.9211664,,"park, Kraków",8,,Plener,Boiska i sport na polu,na dworze,,Kraków i okolice,3.1,z-marszu,,
ChIJpc-qrEJFFkcRKz_SGXc8mR0,Rushes Park,Amusement center,Saska 23,Kraków,Kraków,4,230,,,https://lh3.googleusercontent.com/gps-cs-s/AHRPTWnPrigEYqsU7HmUFPaInw8sROGZC85jiFB_va8aE4ahFlaADHs7AdsZNldLaPDRb6KBObhnOmjYGhR4v5M58ApgwO4DVzsXopOrske_L2IwEV7VXV0pUcIm3MOWqfF7ymptu_VhYA=w800-h500-k-no,50.0390986,19.9823508,do weryfikacji (dzieci?),"park, Kraków",8,,Pod dachem,Sala zabaw,w środku,,Kraków i okolice,4.1,z-marszu,,
ChIJBfXtP6BbFkcRp-BOkiclgkw,Ice Park - lodowisko sezonowe,Ice skating rink,Władysława Reymonta,Kraków,Kraków,4.4,1772,+48 697 008 340,https://ice-park.pl/,https://lh3.googleusercontent.com/gps-cs-s/AHRPTWnvRysmMiMXytakxOjMDYzlm-lK7C8zOnZRojGH3B_PJ3YQyW5zP54Ar7ynXmCKoqSRViaVTZkjL5QEJlZPpfQi6ATa0V7SsPiSleM2EaCVByi-UmCrfv6n_5Q-RVlPy8UnqH4lMg=w800-h500-k-no,50.0637138,19.9144047,przyszła kategoria: Lodowisko / rolki,"park, Kraków",8,,Plener,,na dworze,,Kraków i okolice,1.7,z-marszu,,
ChIJ7T7A6pFbFkcRMvXVsn9ADnU,Ścieżka edukacyjna Drugie Życie Drzew,Hiking area,Rozrywka 45,Kraków,Kraków,4.6,25,,,https://lh3.googleusercontent.com/grass-cs/ACvplmOfnl5OZDNP2JHL6MYKnKC-a1P82X4SD1vXBZAnW6p-pgJOoG7bD86wLcBS3VS1Y33bpe-M4xCBgTHt3W7q5AAkIfu7DAVPYTmDgKZZXzoSFHLfKiJgHZo8BpLV1US9TKxwHfuQ=w800-h500-k-no,50.0966068,19.9843314,,"ścieżka edukacyjna, Kraków",8,,Plener,Ścieżka edukacyjna,na dworze,,Kraków i okolice,5.1,z-marszu,,
ChIJFV-ONWNFFkcRG62KBpvhg7k,Park Miejski Zielony Jar Wandy,Park,Na Stoku 4,Kraków,Kraków,4.5,398,+48 12 201 02 40,https://zzm.krakow.pl/lista-parkow/241-park-zielony-jar.html,https://lh3.googleusercontent.com/grass-cs/ACvplmM0gMTn2CdWYU-gXyZs5b7LCnkpe9XQEjU59yXh_x3TKyye83ylk2fwua2wAmzX-beXridPxMkDVSohVQy_na3Vfw7ktL7Nyi3uEjvygCr_w80eccO64jI3vdC0y_0-AkAIQ1XT=w800-h500-k-no,50.0946771,20.0592548,,"park miejski, Kraków",8,,Plener,Park,na dworze,,Kraków i okolice,9.5,z-marszu,,
ChIJXfTqrr9FFkcRNSEgMYjEhug,Park Myśliwska,City park,Myśliwska 33,Kraków,Kraków,4.4,106,,,https://lh3.googleusercontent.com/grass-cs/ACvplmM6R-EKNdMe5wdu-Y-LaRzg5nOSrqZc-GOAxfXe8PwlEoNbIdk9YLAhyojGFgx3V4SnM3Fu0-k_JFlYorXILaYhw5PJC4U5ZIHRWSxACqXE5TntkV51obTcillpdwBlNVLhoVW4TQ=w800-h500-k-no,50.0456979,19.9902084,,"park miejski, Kraków",8,,Plener,Park,na dworze,,Kraków i okolice,4.2,z-marszu,,
ChIJs9wHTnZDFkcR34n-lr94coE,Park Rżąka,City park,,Kraków,Kraków,4.6,249,,https://zzm.krakow.pl/lista-parkow/250-park-rzaka.html,https://lh3.googleusercontent.com/grass-cs/ACvplmP4m9AHcd_QYUrlZtvwKV4W6QSmRb4jd9E1QHcG4A3XVVpql0VhkMsv06kB9IC3E4l0V_w2qWYywtF4n0qo2jJ4EyLDmOaktKKkxIm-Ki2ag6VIAOfLNGJCYuvyEbkw5rY93ommOQ=w800-h500-k-no,50.0076778,20.0062433,,"park miejski, Kraków",8,,Plener,Park,na dworze,,Kraków i okolice,7.8,z-marszu,,
ChIJEQz_32JDFkcRVonhKM8IqK0,Park Lilli Wenedy,City park,Bieżanowska 100,Kraków,Kraków,4.5,634,,https://zzm.krakow.pl/lista-parkow/247-park-lilli-wenedy.html,https://lh3.googleusercontent.com/grass-cs/ACvplmMvVor6TbW44g7v68_JpG75k0itahr8DdxGDpGw9e4eieH9liRUlX-TcB_dw14tjIu9CGfkGEcBpEuM7a4RrgPnUSDHFxsCMTHXNBzycxEsK8c3s07XTuSaUpvbLnWIsXQHgZPSXg=w800-h500-k-no,50.0205282,20.0027293,,"park miejski, Kraków",8,,Plener,Park,na dworze,,Kraków i okolice,6.5,z-marszu,,
ChIJ5VeoVfRdFkcR1REZoBEpWOU,Park Miejski im. marszałka Józefa Piłsudskiego,Park,Skawińskie Błonia,Skawina,Skawina,4.7,2400,,https://mapa.targeo.pl/park-miejski-im-marsz-jozefa-pilsudskiego-mickiewicza-adama-7-32-050-skawina~5744080/park-ogrod/adres,https://lh3.googleusercontent.com/gps-cs-s/AHRPTWmm2Xi6gdWD0Hp8V-rC203RO7nCFASJvs6G9HkYjPYInptYOt-fTqxEQ14ddkQGh7VueqZhEWc9HI6NHPOc2WawAOrSQGfg860PSC7RrLYu7F1olcZHoVP5JVusivZ6dAgHiGI=w800-h500-k-no,49.9733764,19.8219866,,"park miejski, Kraków",8,,Plener,Park,na dworze,,Kraków i okolice,12.8,z-marszu,,
ChIJHy8TtwdFFkcRiez4SCrFbOE,Park Klasztorna,City park,,Kraków,Kraków,4.3,78,+48 12 201 02 40,https://zzm.krakow.pl/lista-parkow/229-park-klasztorna.html,https://lh3.googleusercontent.com/gps-cs-s/AHRPTWmMQhtlXPdoEZHo93-qHj5dYgJqPMwwhnSnuvzEgVt2sRv8X2uxQyuyXIP2oQplMlQR7fqSb8cbILatI_fcq-gsniGW7AS9zy-iDON0FtkC61NL8iAE-li7R7OMORJKtkuBlfw=w800-h500-k-no,50.066534,20.0510345,,"park miejski, Kraków",8,,Plener,Park,na dworze,,Kraków i okolice,8.1,z-marszu,,
ChIJwbOqUUlbFkcR78A5DAgh7k4,Ogród Motyli,City park,Jana Dekerta 21,Kraków,Kraków,4.5,56,,,https://lh3.googleusercontent.com/gps-cs-s/AHRPTWkcO8iSK9wxM8rjabuomqIAsq3hZ1v5-fN3QB8r24LxJczmAzJqqvI3Z6LOD6MF5C1LaXgNs2enSJcZLQ4Y8WoHUu_nmDwTepd1sYCRt_TA7HuOekFhTLQhOC9i3Qkh8GxHARU=w800-h500-k-no,50.0462558,19.966572,do weryfikacji (dzieci?),"park miejski, Kraków",8,,Plener,Park,na dworze,,Kraków i okolice,2.7,z-marszu,,
ChIJ07pxUalbFkcRYvXfuK-RbZ8,Kącik Czytelniczy Szewczyka Dratewki,State park,Młynówka Królewska,Kraków,Kraków,4.6,84,,,https://lh3.googleusercontent.com/gps-cs-s/AHRPTWlRZ2su2g0EyLwG0e7d8i7vzBhzgr643gjictd9x0Uotfz9VKjUADYhHBgIs82bD4JCQrS0LEv-EDeSPlpl6cIMorQCW8WFlJ8eaSv_esp1ixIrQLp-pIsXdIDBfPcAnfyBTaRfuA=w800-h500-k-no,50.0742911,19.9238462,,"park miejski, Kraków",8,,Plener,Park,na dworze,,Kraków i okolice,1.7,z-marszu,,
ChIJTbYih4VDFkcRCDDKFktmtsI,Crazy Park,City park,,Kraków,Kraków,4.8,28,,http://zzm.krakow.pl/,https://lh3.googleusercontent.com/gps-cs-s/AHRPTWlovBbbjoFEVBhZL-uEn5rnme8B4SzKpvgGSHvIij25JNBuzBP8fmTgtp8ua8BGk4vkWc5pVzcJ5rJlCjqXHkNudoPHuq2Wkfou7FWQYaPlbZvRMVVkT0bBKqOVWLJ8q0g-DP8f=w800-h500-k-no,50.0218437,19.9977485,,"park miejski, Kraków",8,,Plener,Park,na dworze,,Kraków i okolice,6.2,z-marszu,,
ChIJ-Rm-uQddFkcR8o7yZuq2Lqw,Park Linearny Ruczaj,City park,,Kraków,Kraków,4.6,233,+48 12 201 02 40,,https://lh3.googleusercontent.com/gps-cs-s/AHRPTWnm4CvIAPHbau6ZPZgA94zVbVyXMUDc1D-gQIFksBvjf3FsCXQrcBRR6noFdEg_w00KPEdw1ItgtO4TICIoizvH5JPtPLAIJ3yTniwO9xV1bsj5Ppd2ILkuiLZ5uUgAdfHRgiDGoQ=w800-h500-k-no,50.0278707,19.9088949,,"park miejski, Kraków",8,,Plener,Park,na dworze,,Kraków i okolice,4.3,z-marszu,,
ChIJKQLe-G5bFkcR_rYWIVRw8iI,Artystyczny Ogród Krakowian,City park,Skwer Gustawa Holoubka,Kraków,Kraków,4.9,14,,http://zzm.krakow.pl/,https://lh3.googleusercontent.com/gps-cs-s/AHRPTWmC8OFH-2uqoXFC0nGiVhxjx7lZI9-XrGfV5gEthEEpocp8647K9j6a5OkN087cF9Uk6NfB6L-j5BB7dkMwZosNA2p4a19Sr6myWKUsT8A8RYxUywIAUa5Di0v1NB04RIn643O-=w800-h500-k-no,50.0573438,19.9186286,,"park miejski, Kraków",8,,Plener,Park,na dworze,,Kraków i okolice,1.4,z-marszu,,
ChIJfyZ6pflbFkcR-dXSgABH-zo,Park Kieszonkowy im. Papcia Chmiela,City park,Królowej Jadwigi 81,Kraków,Kraków,4.5,31,+48 12 201 02 40,http://zzm.krakow.pl/,https://lh3.googleusercontent.com/gps-cs-s/AHRPTWmN0_0TZNAgodzsm1qfdzVvwhornXkGMOtCqta_5l-tELz_T7SZY7aJwks9Ccv0gyx5dfkLI2_wAnBNIDWqf0qkj4TgVSKZf_x8hdD3cKrIi9OKLeuHo3vluWZY5aI95qhglL25eQ=w800-h500-k-no,50.0561918,19.90453,,"park miejski, Kraków",8,,Plener,Park,na dworze,,Kraków i okolice,2.4,z-marszu,,
ChIJY32TrQJdFkcRCVfxMJuyz9w,Matematyczny Ogród Krakowian,City park,,Kraków,Kraków,4.5,4,,http://zzm.krakow.pl/,https://lh3.googleusercontent.com/gps-cs-s/AHRPTWmlzlySk-Cs1sZrB9tVU2TrYMvWj4oGJnyGdq8LOVLKG1ioAQReJcr_AOui1K5iXyxt2KzYak2hmlpTM1FptRz84uORIK_fKgoTcHgVcK79ZR9T55e4iCD8KQ4_KHkDtf29t7dMaA=w800-h500-k-no,49.9909942,19.9137966,,"park miejski, Kraków",8,,Plener,Park,na dworze,,Kraków i okolice,8.0,z-marszu,,
ChIJbem4laBFFkcR81qysfXoRPY,Ogrody Krakowian - Ogród polny,City park,,Kraków,Kraków,4.7,62,,http://zzm.krakow.pl/,https://lh3.googleusercontent.com/gps-cs-s/AHRPTWmC36pWoFRE-vEZcZvKS62wRBRQ78muQavtfG-bmtmaYwkmrQ9ohXgpiBEdz6hnWyOE5ce7IQmLKt60rU4u-pxFU1EQFMlVhoUYX9Jb6aik42FcazLckxtFoN8d7twOrHOJaA=w800-h500-k-no,50.099273,20.0223382,,"park miejski, Kraków",8,,Plener,Park,na dworze,,Kraków i okolice,7.4,z-marszu,,
ChIJTy3b8RFFFkcRcEr0T7Mc3rU,Park Szwedzki w Krakowie,Park,,Kraków,Kraków,4.4,768,,https://zzm.krakow.pl/lista-parkow/234-park-szwedzki.html,https://lh3.googleusercontent.com/gps-cs-s/AHRPTWlNmklvmJdwA9Dh2k0kNzgwmx3yqg63ec5UqvYCgm7NiwMFiuLjmYIu-F7EkMA6W-_R7L51qO3fEwerfLwV2r72LF9wbfqHvIu_Qsh-qLibd_7mirePTUTBgAifhYAIJrNPm1fGpQ=w800-h500-k-no,50.0745095,20.0438101,,"park miejski, Kraków",8,,Plener,Park,na dworze,,Kraków i okolice,7.7,z-marszu,,
ChIJ2cbIdgBDFkcRj-x_Kx_RtNY,Park Dolina Kurczaba,City park,,Kraków,Kraków,4.6,30,,https://www.facebook.com/share/18ZahpLABi/,https://lh3.googleusercontent.com/gps-cs-s/AHRPTWn6nezuygrpanKTDsMQ_bmQqzEJs0Sxs2LY3ITgBTh-Y8oNxpbE7WVoQszg2bt0dWBhghEvK1Qfaun1fZdYa2baXmAlcB_a_jA13dWIltsMhvECMt1QFhCZvqVzRCBR9W7p-eyFRQw0wCY=w800-h500-k-no,50.0129774,20.0052657,,"park miejski, Kraków",8,,Plener,Park,na dworze,,Kraków i okolice,7.3,z-marszu,,
ChIJXT7Sy2xFFkcR3Z9c4O_p8co,Park na Osiedlu Piastów,State park,Ognistych Wici 55,Kraków,Kraków,4.6,26,,,https://lh3.googleusercontent.com/gps-cs-s/AHRPTWngNw45hD22U6X57r6oCH6bQOXZA9trlcyDnjdDGzuFXgPyD1GVs39t23IrexbzrnWMIYyOp0plxMCNoSx5oka0se_o6XiSgb35Jj7Bksy1cU0wq9juOeROg_ZutCrFbWCKvS2e9g=w800-h500-k-no,50.10093699999999,20.0169423,,"park miejski, Kraków",8,,Plener,Park,na dworze,,Kraków i okolice,7.2,z-marszu,,
ChIJYdm4ah1bFkcRCv_w_1x9qis,Park kieszonkowy - Ogród Młodzieżowy Krakowian,City park,Nawojki 4/79,Kraków,Kraków,4.9,9,,https://zzm.krakow.pl/ogrody-krakowian/1223-park-kieszonkowy-ogrod-mlodziezowy.html,https://lh3.googleusercontent.com/gps-cs-s/AHRPTWmzoYEHaPCHZql_35P47C1A-gvUJTIZsAekiCV0gR4k0xqZKKgQpOnJ7uRJ-Uw8p3jPYmAhhsOS2aZWCd3N6B_G0adwOTe6MgnbDqHsCekXm57N4Q3NJUZnyAZiebLv1osD0rM=w800-h500-k-no,50.0696775,19.9079813,,"park miejski, Kraków",8,,Plener,Park,na dworze,,Kraków i okolice,2.3,z-marszu,,
ChIJGS7n2jZbFkcRc10wpzvyq7M,Park Św. Wincentego a Paulo,Park,Juliusza Lea,Kraków,Kraków,4.8,14,,https://zzm.krakow.pl/lista-parkow/225-park-sw-wincentego-a-paulo.html,https://lh3.googleusercontent.com/gps-cs-s/AHRPTWl80TwHSDc4gMQ4cNjn6AcWbs0E9Ti9q_fGy5TwNUCk6LKxdWwmSZRwe_h1MLcyVm4gGZJrdszqo9gEUWBOAE7SoHlLc5xkaOXnTzKjQQXdsKqIZE57jbxc3PqupEZuQYRCZAnuEhUUmHhT=w800-h500-k-no,50.0708431,19.9117853,,"park miejski, Kraków",8,,Plener,Park,na dworze,,Kraków i okolice,2.1,z-marszu,,
ChIJVVXRiAxbFkcRLdtmeMqXO6A,Ogród Czapskich,Park,Marszałka Józefa Piłsudskiego 12,Kraków,Kraków,4.8,25,,,https://lh3.googleusercontent.com/gps-cs-s/AHRPTWl6c41DLHmQcX2LGdPG5dfl3Ms39wzSVa0gTG2tjJ0QWfdTwdO1SNoSYrmNyAaZcCpLbPsa6Lf5K3aCgf5KSaf1H2pASHfl1NAFEad1R9j05qWaLPanBZNoFqQ0A_hem59CtKFiPg=w800-h500-k-no,50.05996709999999,19.9300805,,"park miejski, Kraków",8,,Plener,Park,na dworze,,Kraków i okolice,0.6,z-marszu,,
ChIJMxLCDXNFFkcREq-03cY0oBc,Park na Osiedlu Zgody,City park,Osiedle Zgody 7a,Kraków,Kraków,4,4,,,https://lh3.googleusercontent.com/gps-cs-s/AHRPTWmCGAdbgZvnZoTNLnvtn5R9Oz-Wlc_VcZqi7K0892G2wzwgXAmHF_TRcdY9YpLy3qkrLIjbz-sioBcGmO5vUYlipRLvWL0kjGZGlWSycQMUJnjM8DOHpCxwuHIgvOMq0Wg98LqajQ=w800-h500-k-no,50.075729,20.0368941,,"park miejski, Kraków",8,,Plener,Park,na dworze,,Kraków i okolice,7.3,z-marszu,,
ChIJeYEhqsxbFkcRU9evDDWGJpQ,Planty Mistrzejowickie,Park,Obrońców Warszawy,Kraków,Kraków,4.8,236,,https://zzm.krakow.pl/lista-parkow/239-planty-mistrzejowickie.html,https://lh3.googleusercontent.com/gps-cs-s/AHRPTWlbhh70qwSMTlJbVExf2ujCav0bWhfffLh6O5ySMrjpzpoTSHpSX5FM5nwPWOu_AgBlPBayNav14l5UHbVtLEOSnyLGC-8rUOgArrJBG9tIgr0FayAsfbrXt5xzoBLj4-kyYBLosg=w800-h500-k-no,50.0983882,20.0065732,,"park miejski, Kraków",8,,Plener,Park,na dworze,,Kraków i okolice,6.4,z-marszu,,
ChIJP7P9UIhFFkcRfnFMZZMycDE,Sielski Ogród Krakowian,City park,Wacława Króla,Kraków,Kraków,4.6,9,,http://zzm.krakow.pl/,https://lh3.googleusercontent.com/gps-cs-s/AHRPTWmGn6qvOWmb41gRspKx4U0zRSV5PZHjQ1WZXjT6nRyYU303tsp6sSKj_3_zfDot1s5yIcc36l1O3a4pRgA-kuJl4w1eo7APZl8hAZSlDk9FT2DZ4ofL116TTvkWUDW2cylU-fM=w800-h500-k-no,50.08637179999999,20.0150782,,"park miejski, Kraków",8,,Plener,Park,na dworze,,Kraków i okolice,6.2,z-marszu,,
ChIJ45BC4FVZFkcRYzdSVpAP_Kk,Las Wolski,National forest,,Kraków,Kraków,4.8,624,,,https://lh3.googleusercontent.com/gps-cs-s/AHRPTWnpEOCg4DMUw_wYdfLc4daBlaJQoo0z3mJuCixfTah1oNj60YZsYQaCB0dBydYP8ghnWuwEl53lb0v66XyiptC6UGrqg5fhhBfC5tgJl6-v7kJXxrWh17qYertEFQPDaozOPjlZpw=w800-h500-k-no,50.0555185,19.8511182,,"park miejski, Kraków",8,,Plener,Park,na dworze,,Kraków i okolice,6.2,z-marszu,,
ChIJcz7GWwBbFkcRGIAWsw09v_U,Ogród Krakowianek,Park,Nowy Kleparz,Kraków,Kraków,4.4,9,,,https://lh3.googleusercontent.com/gps-cs-s/AHRPTWkoVUquQ2u9fw5HLw-epg2xeUCj7lWf_yRyC0N-29X6IOA9hTFr8DFrStzFSCz0RctYFUiETTZA9fu_rAz_g0x9V47eOE-ynkff__qUpD_uOJQHD_MQxCX1dOLEp66rbx7OLHv9UA=w800-h500-k-no,50.0744617,19.93684,,"park miejski, Kraków",8,,Plener,Park,na dworze,,Kraków i okolice,1.4,z-marszu,,
ChIJV0aGw_JFFkcRyHq-5POF1Uo,Park Planty Bieńczyckie,Park,,Kraków,Kraków,4.6,8,,https://zzm.krakow.pl/lista-parkow/231-park-planty-bienczyckie.html,https://lh3.googleusercontent.com/gps-cs-s/AHRPTWmaoabgYnOqQHSXiY7N7SSrV2U2OBP_BExQjmVQJ5Ozes_3yosP_McmvU8hKdZYkhqx--HvHhVyE-NRnvByqg3dwFkVJpYCxMCyEtpn2K-35CXOzzgmY_lwUmTnZ80IjJEba8tG=w800-h500-k-no,50.08830409999999,20.0165975,,"park miejski, Kraków",8,,Plener,Park,na dworze,,Kraków i okolice,6.4,z-marszu,,
ChIJFUNJSQBbFkcRC5yuC2y2SWc,Park Kieszonkowy Ogród Sąsiedzki na Kazimierzu,City park,Trynitarska,Kraków,Kraków,,,,,https://streetviewpixels-pa.googleapis.com/v1/thumbnail?panoid=EFY1e5WSrus2Z95Ts-36oA&cb_client=search.gws-prod.gps&w=800&h=500&yaw=329.1109&pitch=0&thumbfov=100,50.0478235,19.9456731,,"park miejski, Kraków",8,,Plener,Park,na dworze,,Kraków i okolice,1.7,z-marszu,,
ChIJlR3yiT9bFkcRMuguZY3GfcY,Alejki Mistrzejowickie,City park,Osiedle Złotego Wieku 47,Kraków,Kraków,5,4,,,https://lh3.googleusercontent.com/grass-cs/ACvplmMscmj6AsYO-6xBq8eIEZxqKE7qkxOhs8fxXfUC7OvDU1FWPyLqBL4awcYz8KQuETXEWdwVsWHzhSzJPSUcXZuRxT5slJPgj_1ZXK_QtTd7KdE0RxCdOJCnfC6lGfqDK1z6V0LG=w800-h500-k-no,50.0989108,20.0048723,,"park miejski, Kraków",8,,Plener,Park,na dworze,,Kraków i okolice,6.4,z-marszu,,
ChIJ3bK5Ro1ZFkcRIKs_YE1xQIU,Ekowioska Ujazdowska,Children's farm,Kluczwody,,,5,54,+48 690 016 341,https://www.facebook.com/ekowioska.animacje,https://lh3.googleusercontent.com/gps-cs-s/AHRPTWlo94LR0n5jZk-kjpgLVhBU10JNsEcY1hOPVxvLBF2SMjrMkWJ329kHcMRmviZpvGg2HJr3Vdn0kdrW5j9mEGchc6FxovsrFf-bHd569nbOpSz4cdupcxjH5agGxxfU8OMQqO0h=w800-h500-k-no,50.140949,19.8186695,,"zagroda edukacyjna, Kraków",8,,Plener,Gospodarstwo edukacyjne,na dworze,,Kraków i okolice,12.2,z-marszu,,
ChIJzdtIaS5bFkcRJGQDMR8pmA8,Krakow Eye – koło widokowe,Amusement park,Ludwinowska 2,Kraków,Kraków,4.5,2263,+48 576 664 737,http://cracoweye.com.pl/,https://lh3.googleusercontent.com/gps-cs-s/AHRPTWnqAImAc3aMRZSyDOOwF3o4pBRzb491skaVOrqxFkQOno9F725Yt-IxfQm8X0ZstrcFipHZR8p6b-i9K5o9AnsiqnnfgeBXhgkCsKb0mJ1ckPMf6-rFwqVfWE7viFkuXNnmfqs5nU1DnoGt=w800-h500-k-no,50.0461306,19.9349318,,"wesołe miasteczko, Kraków",8,,Plener,Wesołe miasteczko,na dworze,,Kraków i okolice,1.7,z-marszu,,
ChIJbyF7NblbFkcRIr-fmV8Xcfo,Kręgielnia AGH,Bowling alley,Jana Buszka 4,Kraków,Kraków,4.3,442,+48 12 617 48 35,http://www.basen.agh.edu.pl/%3Fpage_id%3D342,https://lh3.googleusercontent.com/gps-cs-s/AHRPTWnfb4moBsOY52haE6DF0c6QC0ejKyOBj5a0ASJZsoQHbiuVAK4QDIJ1N_45i9j4Epp5XaejkMhmCIA4w4GifSAQPMLCy_1O4wW4UZIntTcokcOFzGw8ksooWkgcx03yRGwg5cWO=w800-h500-k-no,50.0683282,19.9006659,"kategoria ""Kręgielnia"" jeszcze nie istnieje; przyszła kategoria: Kręgielnia","basen dla dzieci, Kraków",6,,Pod dachem,,w środku,,Kraków i okolice,2.7,z-marszu,,
ChIJXagf6ApbFkcRWuithnXAZTk,Muzeum Narodowe w Krakowie,National museum,al. 3 Maja 1,Kraków,Kraków,4.5,12975,+48 12 433 55 00,https://mnk.pl/oddzial/mnk-gmach-glowny,https://lh3.googleusercontent.com/gps-cs-s/ANWiy9R8hp7ZeVqZnm-WywlVppKCMwZBGdByDaItyI7uGIGeZCqFeIPrCEukIfLFpiPnhIGHP-UN6tSPJ9lhXCt4BLJ-RxAFMhc_pl8p6dFEZExAzsmfjRyqXYU3dN_eZXDKSukgvhs=w800-h500-k-no,50.0603322,19.9238092,do weryfikacji (wystawy dla dzieci?),"muzeum, Kraków",9,,Pod dachem,Muzeum,w środku,tak,Kraków i okolice,1.0,z-marszu,,
ChIJ39ffX9JaFkcR86cKqC04JVg,Muzeum Lotnictwa Polskiego,Museum,al. Jana Pawła II 39,Kraków,Kraków,4.7,17767,+48 12 642 87 00,http://www.muzeumlotnictwa.pl/muzeum/,https://lh3.googleusercontent.com/gps-cs-s/ANWiy9R82apbglMoPADcy275fX7tguGoG6dvcSKsoXsMyC4kiytkYeD5oQU5OCYliqNvcjSgvibbCZFmzTv_hjRzJj9XJd8GYJfkCg94y40eEUZe4A3_1hszuKoJNYwMgRuruTfPEQ=w800-h500-k-no,50.0769631,19.9897622,,"muzeum, Kraków",9,,Pod dachem,Muzeum,w środku,tak,Kraków i okolice,4.1,z-marszu,,
ChIJ9Rk2BW1bFkcRmKV_1sTfuaw,Zamek Królewski na Wawelu,Museum,Wawel 5,Kraków,Kraków,4.7,168035,+48 12 422 51 55,https://wawel.krakow.pl/,https://lh3.googleusercontent.com/gps-cs-s/ANWiy9QUnCke9mJK1QYQT-Arpof-nuLB77awO2A86ob2Zz1qqq98PA59attpUqj5pmB-0VyH907KiiLmfvgd1ZG3gv_ckLAzZHilfCkUGDKwGznMnHiNs1UrxpGrzwf3JS5BNaJZwQ2G=w800-h500-k-no,50.0541115,19.935423,do weryfikacji (wystawy dla dzieci?),"muzeum, Kraków",9,,Pod dachem,Muzeum,w środku,tak,Kraków i okolice,0.9,z-marszu,,
ChIJ34YvSURbFkcRRrFRmfKUu-s,Apteka pod Orłem,Museum,Plac Bohaterów Getta 18,Kraków,Kraków,4.5,1734,+48 12 656 56 25,https://muzeumkrakowa.pl/oddzialy/apteka-pod-orlem,https://lh3.googleusercontent.com/gps-cs-s/ANWiy9ROe6-KhNGg0ZlfGmmLV-aCPttNETK2hJR1T173PqUT8mqcPtDkSpPu3EUzihk8uJjFz458KlipH_KsZTZwATdt55QBqANxIqWqa8Fo7UL8Cbg848VCmCxTolQSMFsuI4gg--EsoQ=w800-h500-k-no,50.04623609999999,19.9542789,do weryfikacji (wystawy dla dzieci?),"muzeum, Kraków",9,,Pod dachem,Muzeum,w środku,tak,Kraków i okolice,2.1,z-marszu,,
ChIJselQM0BbFkcRRNtlrwTACk4,Stara Synagoga,Museum,Szeroka 24,Kraków,Kraków,4.4,5751,+48 12 422 09 62,https://www.muzeumkrakowa.pl/oddzialy/stara-synagoga,https://lh3.googleusercontent.com/gps-cs-s/ANWiy9Q32eNtkD07LR_uOND7hO2QbOZsxUfFDYXTQahGjBVfGuEqP5Day1YmnPik_9nzmqENFjQVeuAsGBA_4l58w8i_xwgPeNcak1CjrA261dkS-8HJGq_zbkCGLRTrbveohtIbob_nxFVCkS1Y=w800-h500-k-no,50.0514597,19.9485936,ukryte: brak oferty dla dzieci (do przywrócenia),"muzeum, Kraków",9,,Pod dachem,Muzeum,w środku,tak,Kraków i okolice,1.4,archiwum,,
ChIJjTQrhQtbFkcRaAM2Lem2tNE,Muzeum Stanisława Wyspiańskiego,Art museum,plac Generała Władysława Sikorskiego 6,Kraków,Kraków,4.5,829,+48 12 433 57 64,https://mnk.pl/oddzial/muzeum-stanislawa-wyspianskiego,https://lh3.googleusercontent.com/gps-cs-s/ANWiy9TYVnx0cccbYEvGHvISpqEI0Gci_R4gBitBYoctS1PF-iNWwuIfkl_n8kYPRv2b-eo4CwMGqfPpUoDpY4SUe_ID20V2W0moYJEpI9NJl6ThxF5mKg8-ZKVsd03N3_XBJ9iUE7tyYQ=w800-h500-k-no,50.0614899,19.9291531,ukryte: brak oferty dla dzieci (do przywrócenia),"muzeum, Kraków",9,,Pod dachem,Muzeum,w środku,tak,Kraków i okolice,0.6,archiwum,,
ChIJoX8MMhBbFkcRhFJvOaXBhiY,Dom Jana Matejki – Muzeum Narodowe,Historical place museum,Floriańska 41,Kraków,Kraków,4.7,1267,+48 12 433 57 44,http://mnk.pl/oddzial/dom-jana-matejki,https://lh3.googleusercontent.com/gps-cs-s/ANWiy9QF7F2GP6kJVIyJGbwxki2UXrlR-ia2hBYPXJBNf7tKjDYtsUcnFW3T3vfi8_vezMvO3LYng3RE26UK_kOugR9lStVrWeU2Josew5df-JVrLOduImBa1jImcR9Ml7fCjyo3Ws8=w800-h500-k-no,50.0638949,19.9408229,do weryfikacji (wystawy dla dzieci?),"muzeum, Kraków",9,,Pod dachem,Muzeum,w środku,tak,Kraków i okolice,0.4,z-marszu,,
ChIJe-7hLG1bFkcR7QRWFMm2vtQ,Muzeum Narodowe – Pałac Biskupa Erazma Ciołka,Museum,Kanonicza 17,Kraków,Kraków,4.7,704,+48 12 433 59 20,http://mnk.pl/oddzial/palac-biskupa-erazma-ciolka,https://lh3.googleusercontent.com/gps-cs-s/ANWiy9Q_BC0OoGLvPpAqm9h8DIFQb4xt5g5S8PkiDTnd4igWzz9GCBiYQc6Ybn_3OftiJhDgZBDghyWYybWtAITRHrbjj5im0ohHdrOedoDZU-p7qPi1V2LZ3fIdLvWPlQwlVtvFa3WZ=w800-h500-k-no,50.056329,19.9371483,ukryte: brak oferty dla dzieci (do przywrócenia),"muzeum, Kraków",9,,Pod dachem,Muzeum,w środku,tak,Kraków i okolice,0.6,archiwum,,
ChIJjUf7MRBbFkcRg9Ls9752tqU,Kraków Barbican,Museum,Basztowa,Kraków,Kraków,4.6,7015,+48 12 421 02 01,https://www.muzeumkrakowa.pl/oddzialy/barbakan,https://lh3.googleusercontent.com/gps-cs-s/ANWiy9TDkzR9laQz-289bBuxNYcOxEjizWCESP1aQP9rS7fFEL8w2nF_VSDtlpr0JEzCZSDsx3faCTRaz4kdYNQx0wLOicXV4jN_TWp2x4_6csnftiD14s1DRabnsySK8j1QQUjFOJ2t=w800-h500-k-no,50.0654718,19.9416613,do weryfikacji (wystawy dla dzieci?),"muzeum, Kraków",9,,Pod dachem,Muzeum,w środku,tak,Kraków i okolice,0.5,z-marszu,,
ChIJf1gbFcdaFkcRFk76XHxIy14,Multikino,Movie theater,Dobrego Pasterza 128,Kraków,Kraków,4.3,12804,+48 54 230 36 30,https://multikino.pl/repertuar/krakow,https://lh3.googleusercontent.com/gps-cs-s/AHRPTWns1knKoU-uyNPwtz0KNmFcyjzxxRlk_7-TrEy5v0MYcv5GowGELVx9wBuZl-nE00nMdNfX-DSFEqHT555YgnfSm0hTojw0zYkvHPilKYiE4KOQg9NNgRlAC2mQuxVKRySD7WiM2Q=w800-h500-k-no,50.0889388,19.9845494,,"multipleks, Kraków",9,,Pod dachem,Kino,w środku,tak,Kraków i okolice,4.5,z-marszu,,
ChIJ18eIqThbFkcROilCIRG1fbM,Cinema City,Movie theater,"Galeria Kazimierz, Podgórska 34",Kraków,Kraków,4.4,6601,+48 22 241 92 22,https://www.cinema-city.pl/kina/kazimierz,https://lh3.googleusercontent.com/gps-cs-s/AHRPTWl5V4rVswEbbmxOZxCyruuErtVTU66bdKUQ7PetG2awV_jin5MAxSXjBPa6f_CE1UfMh9BJmUiSkzURDrKO6o9rJGckHb2CEf6nf76IPDIXIDxFL5HusrZYaQ07Ss1q0X7-SRIuLQ=w800-h500-k-no,50.0535588,19.954899,,"multipleks, Kraków",9,,Pod dachem,Kino,w środku,tak,Kraków i okolice,1.5,z-marszu,,
ChIJVZStMwpbFkcRVbRn8nU52AQ,Kino Paradox,Movie theater,Krupnicza 38,Kraków,Kraków,4.5,415,+48 12 430 00 15,http://www.kinoparadox.pl/,https://lh3.googleusercontent.com/gps-cs-s/AHRPTWmF1yR44GjIu9vvQAv-VO4W33KkWZYdtN2dR0CRaVedyb7kZIuRnFfE8Uocnt224UxD5xg39A0V0NFIK4A39nY4gKZ3C8woRkoquD_53R0TWAdx4IpZMhAiD6Y7oLPIshDAL_zV=w800-h500-k-no,50.062687,19.9265941,,"multipleks, Kraków",9,,Pod dachem,Kino,w środku,tak,Kraków i okolice,0.8,z-marszu,,
ChIJb75lGMdcFkcRe1qbVIfMh9c,Cinema City IMAX Zakopianka,IMAX theater,Zakopiańska 62,Kraków,Kraków,4.4,6284,+48 22 241 92 22,https://www.cinema-city.pl/kina/zakopianka,https://lh3.googleusercontent.com/gps-cs-s/AHRPTWlVmjs-aD9chrX2g8hWkbugQQSohEaC2O9RrF5gHzWMgMsS0YauLNCEfqicl0qYrs-WA424kpz09tmaCGvhAJviTOjdnnvWBynrcG3Z5fyc0tBwTpOGj-wC9QkxrlVxA5LxJFlL=w800-h500-k-no,50.01628789999999,19.9304879,,"multipleks, Kraków",9,,Pod dachem,Kino,w środku,tak,Kraków i okolice,5.1,z-marszu,,
ChIJa37DIqlcFkcRynvxRCbsCTo,Cinema City Bonarka,Movie theater,"CH Bonarka City Center, Henryka Kamieńskiego 11",Kraków,Kraków,4.5,14205,+48 22 241 92 22,https://www.cinema-city.pl/kina/bonarka,https://lh3.googleusercontent.com/gps-cs-s/AHRPTWlC0SWn55PVHd93Q8xLTqfTcuwzU4EjQQHuKZxM80YGotiR-Zghlk8NmWUCQM6hLvUJzRNBr1N-HaarrZTsU9l1jdHAyWj6ZACS_ZMRXJiQFObFN5atXYi5Vk-h45lBbyfuOg4DGA=w800-h500-k-no,50.0269279,19.9497058,,"multipleks, Kraków",9,,Pod dachem,Kino,w środku,tak,Kraków i okolice,4.0,z-marszu,,
ChIJEXxr4RRFFkcRnqz63RcEymE,Kino Sfinks | Ośrodek Kultury Norwida,Movie theater,osiedle Górali 5,Kraków,Kraków,4.6,569,+48 12 644 27 65,https://sfinks.okn.edu.pl/,https://lh3.googleusercontent.com/gps-cs-s/AHRPTWnZDmMYq9BRukTknL1VKf670MG6kIEYivyhN9IRTqyT1AkRhJFmHnQt1ZUr0Ck2chBSbxwnnvVIZOu8D0KH3Hm26CwyIrL86mlyDsFn6SfO97XiTw7NczUNC7wYvEEqxMNX8Jm0=w800-h500-k-no,50.0797284,20.0365318,,"multipleks, Kraków",9,,Pod dachem,Kino,w środku,tak,Kraków i okolice,7.4,z-marszu,,
ChIJbVilzHRbFkcRhCUvhgl9rDk,Pod Schodami. Kino letnie,Movie theater,Aleja Zygmunta Krasińskiego 34,Kraków,Kraków,5,1,+48 12 433 00 33,https://www.kina.krakow.pl/kijow/kino-letnie,https://streetviewpixels-pa.googleapis.com/v1/thumbnail?panoid=yc5Ju82OdGl_a_RlUFd8FA&cb_client=search.gws-prod.gps&w=800&h=500&yaw=242.43947&pitch=0&thumbfov=100,50.05833029999999,19.9248437,do weryfikacji (dzieci?),"multipleks, Kraków",9,,Pod dachem,Kino,w środku,,Kraków i okolice,1.0,z-marszu,,
ChIJbVilzHRbFkcRRVLlOC1cpQk,Kino Kijów,Movie theater,Aleja Zygmunta Krasińskiego 34,Kraków,Kraków,4.6,,+48 12 433 00 33,http://www.kijow.pl/,https://lh3.googleusercontent.com/grass-cs/ACvplmMP8iR63b5OHAflpjqLoO1d17OJ0n9hdTS08-_uP_F-5FgVmcAqlhvl9njCceay4n8ClWNPsfPOHeeKtTzaJKglXKWp_9-OMyHnfBvrhrOE2qUF4ytSce6rMhBtX2961t2mGZ7EYw=w800-h500-k-no,50.05826219999999,19.924945,,"multipleks, Kraków",9,,Pod dachem,Kino,w środku,tak,Kraków i okolice,1.0,z-marszu,,
ChIJqQHFeGxbFkcR3c_BfwOqs6Y,Muzeum Pinballa Kraków,Museum,Stradomska 15,Kraków,Kraków,4.8,3473,+48 608 041 000,https://krakpin.com/,https://lh3.googleusercontent.com/grass-cs/AABkmLfljZiXREUPcp2uQizL10JWXCbCTnCJ99uaV5c_KVuEqoSoeDIT2Fa4e7h7H0EEBhOVM0KlbNTk3l1oUzV7hKJsBTvFfySGycMZ_CrW2kyIyShLxYG6eV_NWniwXA-crfP7Ey6Q=w800-h500-k-no,50.0528167,19.9400761,,"muzeum interaktywne, Kraków",9,,Pod dachem,Muzeum,w środku,tak,Kraków i okolice,1.0,z-marszu,,
ChIJBeirnr5FFkcRoIWwWeBVN98,Muzeum Gier Wideo,Museum,Centralna 41a,Kraków,Kraków,4.8,4455,+48 509 708 808,http://www.krakowarcademuseum.com/,https://lh3.googleusercontent.com/grass-cs/ACvplmMlHFBqQgYOqYVMQadP0Tr7yLEPlvOTCkOtEtTGtgSsWqlwTidUJyT2R7rgzcNl3rpMABeaBK93JvMY7Md6DCb1dXJQsWXnJuE1zJiT4BJCdrDs5TSvS9Ks5NqaJPaaSoVbVzc0=w800-h500-k-no,50.06808969999999,20.0146796,,"muzeum interaktywne, Kraków",9,,Pod dachem,Muzeum,w środku,tak,Kraków i okolice,5.6,z-marszu,,
ChIJ8bHKTc9bFkcRCsyqCcklZuk,Muzeum Elektroniki Kraków Gry Konsole Komputery,Technology museum,Wrocławska 8,Kraków,Kraków,4.9,528,+48 532 798 799,https://muzeumelektroniki.pl/,https://lh3.googleusercontent.com/grass-cs/ACvplmOuo3ymsLtABI8J6zgTdJ-VO6yqCIWoxSi6pL2wiFuuAM0sZ1xK2qiaHlrJKUhs7H4NeV5Pafkc59JapzF7fXKsPvI3iqlcgfNprLQ9MWOILCWAwYJfAaP0KqRxFpXYT8oTJacYWQ=w800-h500-k-no,50.075101,19.9331256,,"muzeum interaktywne, Kraków",9,,Pod dachem,Muzeum,w środku,tak,Kraków i okolice,1.5,z-marszu,,
ChIJx_HEv51bFkcRjNlYksRtD4o,Dom Iluzji – Muzeum Iluzji,Museum,Floriańska 6,Kraków,Kraków,4.7,9640,+48 517 512 824,https://houseofillusions.pl/%3Futm_source%3Dgooglebusinessprofile%26utm_medium%3Dorganic%26utm_campaign%3Dtest,https://lh3.googleusercontent.com/grass-cs/AABkmLcpUslfDRAOQzIADI_Kq_kk59LMp4ahl9236WSBb6S3MZYx12t7iZgjDCSqUm10B1kjyvBNrRlKotBvOCUaEDlfCp4KVc-t94RD4kQqDWUq1IMSk1b2sPJFEd1DeU1ZyIZIZrTSmUfOuwc=w800-h500-k-no,50.0626212,19.9392345,,"muzeum interaktywne, Kraków",9,,Pod dachem,Muzeum,w środku,tak,Kraków i okolice,0.2,z-marszu,,
ChIJXW0pfQlbFkcRVzb6h69SeLI,Dom Józefa Mehoffera,Museum,Krupnicza 26,Kraków,Kraków,4.6,1023,+48 12 433 58 80,https://mnk.pl/oddzial/dom-jozefa-mehoffera,https://lh3.googleusercontent.com/grass-cs/ACvplmO1M0lglFlX9Rsga5cKzujZlESnaQucSO2pxn3b46IzVe6Yz6K3crutaLCpOvB62qKWW5-YheKWHs26Qv1_xKUd4-Blve86RUz7LFcMpObtocTTUBGcqKYl_MfwQFNbhBIeg8I=w800-h500-k-no,50.0633766,19.9283493,ukryte: brak oferty dla dzieci (do przywrócenia),"muzeum interaktywne, Kraków",9,,Pod dachem,Muzeum,w środku,tak,Kraków i okolice,0.7,archiwum,,
ChIJV5y-iAxbFkcRGvMp1qnTuq0,Muzeum im. Emeryka Hutten-Czapskiego,National museum,Marszałka Józefa Piłsudskiego 12,Kraków,Kraków,4.8,723,+48 12 433 58 40,http://www.mnk.pl/,https://lh3.googleusercontent.com/grass-cs/ACvplmO5lzqcBNl3VH87uRSVrGc9JP7rKAexNQprseqKue-UsYpPAoFKWE4mvcLCF16qjtzWbRNG68zqUegKFDm_5Om_ywvxaKFfIzh4ygCVLsVy4PwDa7gKpV1U8QyMDyXzTHti7qpD=w800-h500-k-no,50.0600312,19.9300036,ukryte: brak oferty dla dzieci (do przywrócenia),"muzeum interaktywne, Kraków",9,,Pod dachem,Muzeum,w środku,tak,Kraków i okolice,0.6,archiwum,,
ChIJIwORYhxbFkcRriIbGxAedaU,"Muzeum Armii Krajowej im. Gen. Emila Fieldorfa „Nila""",Museum,Wita Stwosza 12,Kraków,Kraków,4.6,2828,+48 12 410 07 70,http://www.muzeum-ak.pl/,https://lh3.googleusercontent.com/grass-cs/ACvplmOfMV08xYhKYt3n5yauHJHNRWIA3sJZ4_r33UNrww8p6XbxODplJWFlKpAzmu_d4LgJvivL_L4TlIDfRkhoyn3jvs7WGRvmtZEBPg7nq4-TDA3DcoQpnFB6wLyZqM_bGsufaYeX=w800-h500-k-no,50.0722348,19.9484801,do weryfikacji (wystawy dla dzieci?),"muzeum interaktywne, Kraków",9,,Pod dachem,Muzeum,w środku,tak,Kraków i okolice,1.4,z-marszu,,
ChIJF3-uAZtbFkcRp3P8ExkxjRM,Muzeum Tortur - atrakcja historyczna Kraków,Museum,Floriańska 10,Kraków,Kraków,4.8,1887,+48 798 688 532,https://muzeumtortur.pl/%3Futm_source%3Dgbp%26utm_medium%3Dorganic,https://lh3.googleusercontent.com/gps-cs-s/AHRPTWmcjHX_v_g8TnEldVt97cV4thWppeyQt_QYOjRWMxkoyUDNUEK82b9cQqCwmWJ9hwEObOhR9ct-skeiUfMwCLlsUoDmg8p6IuHZexao4Z_uj7xH-ODGOJtJ2HUG4SkyCB99VWCo=w800-h500-k-no,50.062768,19.9396285,do weryfikacji (dzieci?); ukryte: brak oferty dla dzieci (do przywrócenia),"muzeum interaktywne, Kraków",9,,Pod dachem,Muzeum,w środku,,Kraków i okolice,0.2,archiwum,,
ChIJ_bpU2w9bFkcREQsQIFoS44c,Mury Obronne – Muzeum Krakowa,Museum,Pijarska,Kraków,Kraków,4.6,138,+48 12 421 13 61,https://www.muzeumkrakowa.pl/oddzialy/mury-obronne,https://lh3.googleusercontent.com/gps-cs-s/AHRPTWmaZYYrLHA6gHyFNPYK9EX2gMPT7tCBw93w6m4mbpxh3n_dCj773EAbcNrPl5s5OHNWOOuSNQVqvJpW_pVrKHTTS0K5pikoUW8rHRctL9XK2iZkK8X9a_6VIjoT6kPmsA8SjInh2CB8nZ4=w800-h500-k-no,50.0647358,19.9422124,do weryfikacji (wystawy dla dzieci?),"muzeum interaktywne, Kraków",9,,Pod dachem,Muzeum,w środku,tak,Kraków i okolice,0.5,z-marszu,,
ChIJF4FqFm5bFkcRh71dBn7SdpA,Muzeum Manggha – Sztuki i Techniki Japońskiej,Museum,Marii Konopnickiej 26,Kraków,Kraków,4.5,6303,+48 12 267 27 03,https://manggha.pl/,https://lh3.googleusercontent.com/gps-cs-s/AHRPTWm-YOFZ61vOpt3tbKsAdv3-JarSqNM0dEjehnO3AmBVKGtFRfDiVLiUdKp9tlXiFpI3WPfjdw_8-Nz16mPNw6zcTPAbZq76Qz3rBGn0tI3zHQZmNTQURQshYZDqD6584ya11a7b=w800-h500-k-no,50.0505654,19.931556,do weryfikacji (wystawy dla dzieci?),"muzeum interaktywne, Kraków",9,,Pod dachem,Muzeum,w środku,tak,Kraków i okolice,1.3,z-marszu,,
ChIJg0Fi4ohcFkcRLzsAQD55eCo,Centrum Edukacji Przyrodniczej Uniwersytetu Jagiellońskiego,Science museum,Gronostajowa 5,Kraków,Kraków,4.9,341,+48 506 418 849,http://www.cep.uj.edu.pl/,https://lh3.googleusercontent.com/gps-cs-s/AHRPTWkSbPZmFh7RUUZxjpdhe4ioPe681DY5UK5S6-ROJTlE7zYE8HPQjXy1VQJaKxP5X-U6X_6RnLnmmWV7-iqjDT3ZT7W57NbGRtJ9zakjgzULCc4wGtgKXUKnvUyNsQ1XbxB_N_psCQ=w800-h500-k-no,50.0275086,19.9022293,,"muzeum interaktywne, Kraków",9,,Pod dachem,Muzeum,w środku,tak,Kraków i okolice,4.5,z-marszu,,
ChIJkTsLh09bFkcRGSLoWy5U_WE,Muzeum Podgórza,Local history museum,Bolesława Limanowskiego 51,Kraków,Kraków,4.7,641,+48 12 396 81 02,https://muzeumkrakowa.pl/oddzialy/muzeum-podgorza,https://lh3.googleusercontent.com/gps-cs-s/AHRPTWnmC64Y3Ky_gnFGs1NUdSuooDXYQe1r-VyYWo8ADcVTNEgxz1mUldYANw7b9xf4-k-8QOGTbrri6GXVcJ6XCu_Rqfce9_xAFCv43KxtmKBtHtG82O7LUMzbuWCs_3rYD9WgB3siag=w800-h500-k-no,50.0427279,19.9606989,do weryfikacji (wystawy dla dzieci?),"muzeum interaktywne, Kraków",9,,Pod dachem,Muzeum,w środku,tak,Kraków i okolice,2.7,z-marszu,,
ChIJZTtv_glbFkcRbLGxdE-9PyU,Centrum Historii Techniki AGH – Muzeum,Museum,al. Adama Mickiewicza 30,Kraków,Kraków,4.2,28,+48 12 617 30 43,https://muzeauczelniane.pl/en/museum-of-the-agh-university-of-science-and-technology/,https://lh3.googleusercontent.com/gps-cs-s/AHRPTWlh6cOMrwObKHKoOFmfxgx0ceQvp7O8GNjBc-ShgVdwa7jTKLvh5nVb4c_qdISmh0oV_RobyRA_jNkuM5D_-EhLiNPCfQLoo48dCJ9Pp_OwMiiZV0n1oNjTHE6dZojLBsgqeCo=w800-h500-k-no,50.066153,19.9214235,do weryfikacji (wystawy dla dzieci?),"muzeum interaktywne, Kraków",9,,Pod dachem,Muzeum,w środku,tak,Kraków i okolice,1.2,z-marszu,,
ChIJq6pq29hcFkcRIGEPO-1Zxqg,Fort 52a,Tourist attraction,Forteczna 28,Kraków,Kraków,4.5,382,+48 12 619 24 14,https://muzeumkrakowa.pl/oddzialy/muzeum-i-centrum-ruchu-harcerskiego,https://lh3.googleusercontent.com/gps-cs-s/AHRPTWlGyefkEzIhymyr2njxMtzsxeK_p8COfcUa0TfsBkbBcHhm2JBy1E18NgomBYqR_BzTUlfUx_zXG-RsQu00F86GqgvnCQxjji8Qx0SWGbcD301Ujgj92Gs3v7ipsM5BRAmOqRZWzfQfuqHU=w800-h500-k-no,49.997948,19.9168281,do weryfikacji (wystawy dla dzieci?),"muzeum interaktywne, Kraków",9,,Pod dachem,Muzeum,w środku,tak,Kraków i okolice,7.2,z-marszu,,
ChIJL0pjMjxbFkcR-AP1dGA0OFs,Świat w Budowie - Wystawa klocków LEGO Kraków,Tourist attraction,Floriańska 15/7,Kraków,Kraków,4.7,360,+48 668 338 350,https://www.facebook.com/swiatwbudowie/,https://lh3.googleusercontent.com/gps-cs-s/AHRPTWnfSHs1o0Q8cfFM0v6X54X-lNvJoK1FChhFylsrONOM-IoEIozY8QsPy_AnK-k110hr_PMztzheU3F1LY7f4j4z8UrSha5fa6Drwn4_sOgWPVYEX6XCDZfEd-kSQYU3OjruaAO9FREkDgI=w800-h500-k-no,50.062708,19.939869,,"muzeum interaktywne, Kraków",9,,Pod dachem,Klocki LEGO,w środku,tak,Kraków i okolice,0.2,z-marszu,,
ChIJmx_X2A1bFkcR6rQfgcOrYPQ,Muzeum Kata Kacianora,Museum,Rynek Główny 29,Kraków,Kraków,4.4,472,+48 602 515 570,http://www.kacianora.pl/,https://lh3.googleusercontent.com/gps-cs-s/AHRPTWmC-BMt6owLHpJQXR3MemfCXoabZ55sbbN4Bx45hTK-sUulF0VR5-feTh6QqlyuxBEoyQdeCOej7pMesOaYuAwWdG1JhjdO5WPtI9QAi1q9X3Tp-_knQNTAvvLXJXluQZQBaIUEhg=w800-h500-k-no,50.06187389999999,19.9357171,do weryfikacji (dzieci?); ukryte: brak oferty dla dzieci (do przywrócenia),"muzeum interaktywne, Kraków",9,,Pod dachem,Muzeum,w środku,,Kraków i okolice,0.1,archiwum,,
ChIJKQkOq9dbFkcR8qWwWEqX7UM,Van Gogh & Vincent – Muzeum Biograficzne,Museum,Bracka 13,Kraków,Kraków,4.9,554,+48 538 319 888,https://vangoghandvincent.pl/,https://lh3.googleusercontent.com/gps-cs-s/AHRPTWlGq5pcnPHnRYp8i_4tz02VZbG_4a8VoUDnJ9LaNVXianCwnUOuA1Zg1ihy-dz2ccInO4Iletz3o8ysdVNxuv9IVZmZ-Bwv0vAOSEyTKW2yZfchRh9XHjYffZ_ZtO66DiGmqJMm-wZUeaev=w800-h500-k-no,50.0599309,19.9359974,ukryte: brak oferty dla dzieci (do przywrócenia),"muzeum interaktywne, Kraków",9,,Pod dachem,Muzeum,w środku,tak,Kraków i okolice,0.2,archiwum,,
ChIJMRLYRqZbFkcRIlqtG5pfNXw,Muzeum Balonów Kraków,Museum,Floriańska 14,Kraków,Kraków,4.6,816,+48 502 799 403,https://wystawabalonow.pl/,https://lh3.googleusercontent.com/gps-cs-s/ANWiy9QHXkCCb6L81eDtvWq6DO9KR2So4sSlGWfozw39SGlJ7oJ-VgU2qsHq7wbbZN-SqrWqxEFivwg8OvZfVPC_ZtjdYQ22MnlWfe94tEQY5pJhC8M9bcxMd8fD0zFMSFjfMC1ck-2UGGm6ii5c=w800-h500-k-no,50.0630004,19.9398449,,"muzeum interaktywne, Kraków",9,,Pod dachem,Muzeum,w środku,tak,Kraków i okolice,0.2,z-marszu,,
ChIJ-7SrmB5bFkcR4RUXG8qjxkk,Muzeum Fotografii w Krakowie - MuFo Rakowicka,Museum,Rakowicka 22A,Kraków,Kraków,4.7,789,+48 12 395 70 42,http://www.mufo.krakow.pl/,https://lh3.googleusercontent.com/gps-cs-s/AHRPTWmWKDLO2SRNyJ0_eX5gQNmC5LJOYPC-crU8PgruALzPVCr0a1egSMJJWVMU8DFZUF-RJox4YCFcyHrU_PC0bvDvbXggSnRs32KeATBb_M5b1e-g9YaQN9dqSka9wSl9q15xPl7D=w800-h500-k-no,50.0702996,19.9536657,ukryte: brak oferty dla dzieci (do przywrócenia),"muzeum interaktywne, Kraków",9,,Pod dachem,Muzeum,w środku,tak,Kraków i okolice,1.5,archiwum,,
ChIJdQD_6EZbFkcRL4eZiip3bLE,Galeria Szopek Krakowskich,Museum,Rynek Główny 35,Kraków,Kraków,4.8,127,,,https://lh3.googleusercontent.com/gps-cs-s/AHRPTWmtJEPt3yQZqVVvpS7QmccQxj6ITO5truqcRuBVUYvV-8MTZrSGgUBEnjC5h195VvGrh4-wsxr9igQzOCcYfI4CfNhArq-SG_ntul9CHl0ALWgO3TLAQQhzFFhIez4E2ii7DHLe1A=w800-h500-k-no,50.0627577,19.9366155,,"muzeum interaktywne, Kraków",9,,Pod dachem,Muzeum,w środku,tak,Kraków i okolice,0.1,z-marszu,,
ChIJ74vfuHNFFkcRmQoYe9FD3jU,Dworek Jana Matejki w Krzesławicach,Museum,Melchiora Wańkowicza 25,Kraków,Kraków,4.6,842,+48 12 644 56 74,http://www.palac-sztuki.krakow.pl/,https://lh3.googleusercontent.com/gps-cs-s/AHRPTWnGKm2W_BrtxvbjS8_LK52AQIpqxt-opypQZC-n81bcDdnLkhkRrh1g9rXIKTgjk8ADyeaC7CEEtcmylhljTKja6-SPHzLtv6UwphuUN_83FeYF8wjL8Tm2xDR_ouMf8YC9jUk-=w800-h500-k-no,50.0818297,20.0554459,do weryfikacji (wystawy dla dzieci?),"muzeum interaktywne, Kraków",9,,Pod dachem,Muzeum,w środku,tak,Kraków i okolice,8.7,z-marszu,,
ChIJTSeiAJyJFkcRTTaMTYQI5V0,APILANDIA Interaktywne Centrum Pszczelarstwa,Corporate office,Pszczela 2,Klecza Dolna,Klecza Dolna,4.8,377,+48 517 203 452,http://apilandia.pl/,https://lh3.googleusercontent.com/gps-cs-s/AHRPTWkJ2sUc2ExlqvNm0nwEPIMIxDSrKN17KEuVF0rNohHzW3ftFk1OXOLn9ZX__ukd3Tv7SuVngUYdqCv8pAItG712rVufPc0qwURIdWvsE3hFO1MRs-bjl5lKPdu1CuZyJjkdz_vASA=w800-h500-k-no,49.8828958,19.5369234,,"muzeum interaktywne, Kraków",9,,Pod dachem,Muzeum,w środku,tak,Pod Krakowem,34.8,z-marszu,,
ChIJX8amVUxFFkcRFMoDZGbfadg,Muzeum Duchowości i Kultury Cystersów wraz z Biblioteką w Opactwie Cystersów w Mogile,Museum,Klasztorna 11,Kraków,Kraków,4.9,82,,https://muzeumcystersow.pl/,https://lh3.googleusercontent.com/gps-cs-s/AHRPTWlh2emmHT-AMMjKvcKQdDLEBUT_P7fNqVAlXdtuXPqtzTVAhANY7Kfp_UTsX8bw-d_qezo3URSGMMpt60W_mrgEagzj6AZ76zpeBRxaOz_UKftpxQsI0m-rrK1Rprvoe9siza49Yw=w800-h500-k-no,50.0641085,20.0534934,ukryte: brak oferty dla dzieci (do przywrócenia),"muzeum interaktywne, Kraków",9,,Pod dachem,Muzeum,w środku,tak,Kraków i okolice,8.3,archiwum,,
ChIJdzz2lpFbFkcRwoIbgNSJzPc,Muzeum Kościuszkowskie,Museum,aleja Jerzego Waszyngtona 1,Kraków,Kraków,4.3,212,+48 12 425 11 16,https://kopieckosciuszki.pl/,https://lh3.googleusercontent.com/gps-cs-s/AHRPTWmwNgWNglK9pbBn2iHv3J3KhNLw-VViWirhOx3AQuXbw0iDaEkLTyTkhIMupFWalNXO1LWZHBLKTlxgPbuPKxhldBam5cF63Ka7088Kd4TiH_pYqf9YS6E-XE6EPP29XrIkGiDu=w800-h500-k-no,50.0542246,19.8933156,do weryfikacji (wystawy dla dzieci?),"muzeum interaktywne, Kraków",9,,Pod dachem,Muzeum,w środku,tak,Kraków i okolice,3.3,z-marszu,,
ChIJlw8d3A1bFkcR0eb1FhmEWOM,Kino Pod Baranami,Movie theater,Rynek Główny 27,Kraków,Kraków,4.7,3722,+48 12 423 07 68,http://www.kinopodbaranami.pl/,https://lh3.googleusercontent.com/gps-cs-s/ANWiy9QLmFStRto3xrotzLI7fwbfgN64w4hd4-SlJQ9OO-0bQZaa90tpaVCgD6SG-iaZ92MNSPjL-uDvTJ2lVFY-wxCPsJDVVrxqqSDWsSDaPD0hFsveDSaE_EhSme0aXUWO0ohS10umxg=w800-h500-k-no,50.0616286,19.9353217,,"kino studyjne, Kraków",9,,Pod dachem,Kino,w środku,tak,Kraków i okolice,0.1,z-marszu,,
ChIJFTFbhAVbFkcRsHw_LBrn2Qk,Kino Agrafka,Movie theater,Krowoderska 8,Kraków,Kraków,4.6,1004,+48 12 430 01 79,http://www.kinoagrafka.pl/,https://lh3.googleusercontent.com/gps-cs-s/ANWiy9Tge3gp3YgEfQb9QQFEtrjt7R5NAmF5IyW3p5-GbbkZgQBo7nodkq5SN1JXnlG_Kma8Uor1JSRFu69T8p6k8o7VHtPUgJKDKmN-mMrr5SZvMVOSBr-eVSvdkSf580oifAY3flpG=w800-h500-k-no,50.0674589,19.9376324,,"kino studyjne, Kraków",9,,Pod dachem,Kino,w środku,tak,Kraków i okolice,0.6,z-marszu,,
ChIJkXLjf6hbFkcRfC3HmVmgxT0,"""Mikro"" Kino",Movie theater,Juliusza Lea 5,Kraków,Kraków,4.7,1359,+48 12 634 28 97,http://www.kinomikro.pl/,https://lh3.googleusercontent.com/gps-cs-s/ANWiy9QBZYeXZf5HFQ3LTS6f8BGqpCGx5JjvUHOylpFlYm6QkXXg-qsmnhv-b9js6-KUc8GzAARnuu2L09WB0P23FsmDYHNqSvmDokF4teGeFJhI8LqOoccIZwjDDG-uwplMlJgNmHH2=w800-h500-k-no,50.0694995,19.9237837,,"kino studyjne, Kraków",9,,Pod dachem,Kino,w środku,tak,Kraków i okolice,1.3,z-marszu,,
ChIJEyJNLxBbFkcRE-coIVkWRX8,Kino 7D & VR Kraków,Amusement center,Floriańska 36,Kraków,Kraków,4.3,277,+48 12 341 58 40,https://kino-vr.pl/,https://lh3.googleusercontent.com/gps-cs-s/ANWiy9T2vTRYXw5tBJfUun8x_aCNfprh4m20e952QAEOTnNuX8Ssn9pmGD8OU298HqeqMXBRl8u_emOq2IJ5Py4-00lXVoA-Zvw4e-egXlEdZbT9t1cgvpePJPEmqmXutZlfPwlZnlHV=w800-h500-k-no,50.0644013,19.9407703,,"kino studyjne, Kraków",9,,Pod dachem,Kino,w środku,tak,Kraków i okolice,0.4,z-marszu,,
ChIJde9NVoNbFkcRCfEpuTCP59g,Mikro Bronowice,Movie theater,Stawowa 61,Kraków,Kraków,5,1,+48 12 290 06 46,https://www.kinomikro.pl/,https://lh3.googleusercontent.com/gps-cs-s/ANWiy9SXU9zYYnI3iVl8cnNJBGbpCJj5GW5XJVtSKbnMVA-J8pqgAyfzDYY_YFBPiuF3dM5cXxIdO6wMXyQq9qF8H4LAQZLaqUiNfQXB6sQW1tHMuCHuRMBmkH9yhmhX4lfKUN8y4rVYMLiop-3j=w800-h500-k-no,50.0924033,19.8979696,do weryfikacji (dzieci?),"kino studyjne, Kraków",9,,Pod dachem,Kino,w środku,,Kraków i okolice,4.4,z-marszu,,
ChIJM0-ZXvJFFkcRbL1KEpGqkXQ,Kino Parafialne Arka,Movie theater,Obrońców Krzyża 1,Kraków,Kraków,,,+48 534 581 616,https://stronadobra.pl/kinoarka/,https://lh3.googleusercontent.com/gps-cs-s/ANWiy9RootAJvo_7LSO0DD6isUIJmPdcxfFwbGp15MREdFQDn4jieITdF0h8opd6fs0SgeoqZD8rgkc3k1JxY75Ixx-qUSZc-RJbVK6deyGVZB7N2qsvds6waij-u6vIcZyRAI36t-3l=w800-h500-k-no,50.0850519,20.0292289,do weryfikacji (dzieci?),"kino studyjne, Kraków",9,,Pod dachem,Kino,w środku,,Kraków i okolice,7.1,z-marszu,,
ChIJVcEOcg5bFkcRtZt4I9Rjld4,Muzeum Figur Woskowych Polonia,Tourist attraction,Floriańska 32,Kraków,Kraków,4.1,2669,+48 502 799 445,http://www.poloniawaxmuseum.com/,https://lh3.googleusercontent.com/grass-cs/ACvplmOkt6RrZ7zsARvmvMu9nOydhJf9d9GAGmHvWQEUiVHlaquz2wQlRMP0c3uIZL95PC3pIEbaVJroT1jiV3ahBJtlGz6h--OIlYYhEGpdGLcnioOUKhP7MsUdarUa_kIIEsJ7g93S=w800-h500-k-no,50.06409499999999,19.9406449,do weryfikacji (wystawy dla dzieci?),"muzeum dla dzieci, Kraków",9,,Pod dachem,Muzeum,w środku,tak,Kraków i okolice,0.4,z-marszu,,
ChIJixh2OsdbFkcRB6iQ_ghELvI,Świat Małych Techników - muzeum/sklep LEGO Technic,Tourist attraction,Tadeusza Kościuszki 47,Kraków,Kraków,5,1023,+48 451 081 092,https://smt.edu.pl/,https://lh3.googleusercontent.com/grass-cs/ACvplmNEuf7EqtcZ1eDhzWsBGc7PV1Mm8Dai-uzEQzmeL0LnxHV9OIJ4BT2H65Cf7CpE9wqBxhEmRZEppDwOaqz9b7EzDXeDhwgYlog_euFWGliOZUhuT5LYAN4oOdyZ2VbioDUp5t4ZtXO11Us=w800-h500-k-no,50.0530931,19.9202002,,"muzeum dla dzieci, Kraków",9,,Pod dachem,Klocki LEGO,w środku,tak,Kraków i okolice,1.6,z-marszu,,
ChIJx8LOzxFbFkcR1Xe9aBcFT1A,Muzeum Farmacji Collegium Medicum Uniwersytetu Jagiellońskiego,Science museum,Floriańska 25,Kraków,Kraków,4.7,835,+48 12 421 92 79,https://muzeumfarmacji.uj.edu.pl/,https://lh3.googleusercontent.com/grass-cs/ACvplmORKLl7JgWurBpcoJABksISMYrYGnoRIhek0lZ2utOOXKf4IOxz5bAsEE1lltRzKHcFOQi5d2z2kZyvf5xmXkB8NefanTH0_ZRhrWqmUprxKODucr-GOG1lvzxbANJr3pwwHV0x7MGs-9QI=w800-h500-k-no,50.063227,19.9402599,do weryfikacji (wystawy dla dzieci?),"muzeum dla dzieci, Kraków",9,,Pod dachem,Muzeum,w środku,tak,Kraków i okolice,0.3,z-marszu,,
ChIJS46BBdhDFkcRFbST_a5JJZc,Kopalnia Soli Wieliczka,Historical place,Daniłowicza 10,Wieliczka,Wieliczka,4.6,39399,+48 12 278 73 02,https://www.kopalnia.pl/,https://lh3.googleusercontent.com/grass-cs/ACvplmOTITxkdKui_yoykBB917T5WsRRVNxdrig9Y4qAOMeKVkgKttpkadwg9Rnn7xYeUHnFee4qwSkv0WirQ0UD_ERdRTPCjKcjpBZmBzTyM3nPsvob76GU-X1onDkvxZFuYY7WTp9f=w800-h500-k-no,49.98350199999999,20.0551878,przyszła kategoria: Atrakcje turystyczne,"muzeum dla dzieci, Kraków",9,,Pod dachem,,w środku,,Kraków i okolice,12.1,z-marszu,,
ChIJXyVLKQpbFkcR0luGkQ-2tVk,Teatr Groteska,Performing arts theater,Skarbowa 2,Kraków,Kraków,4.7,1778,+48 12 633 48 22,http://groteska.pl/,https://lh3.googleusercontent.com/gps-cs-s/AHRPTWmwx8Mm9R9rCAYGKvTvm6eU1rwuaC9pmLChpn5w5xaQ5dDDKuMiC5ZDLZ2Bjk1Y2LDiYhYTfkHxlmzMgdFQDCTKhjKoHcOpRmQd3WrSKW9rvZGatWaIsA-2OX8ySie7j2h0Q0CLTA=w800-h500-k-no,50.0630964,19.9264974,,"teatr dla dzieci, Kraków",9,,Pod dachem,Teatr,w środku,tak,Kraków i okolice,0.8,z-marszu,,
ChIJ8S8NySRbFkcRDqW0X9LuOsA,Teatr Magic,Children's theater,Karmelicka 27/301,Kraków,Kraków,5,43,+48 697 478 990,https://teatrmagic.pl/,https://lh3.googleusercontent.com/gps-cs-s/AHRPTWlOw0_cqvhohwkzMO8lnoj9EwMosjJ7IKC9yHbnRLEzwDT7xYLUlXa-KcZg0kcRwQEky55Liu2uHrHuilQYwTykQoGjKrYERxuIyrVbrFZEPe2oQvU5V83ZtTYCnViyhTZkxZg0xw=w800-h500-k-no,50.066209,19.930065,,"teatr dla dzieci, Kraków",9,,Pod dachem,Teatr,w środku,tak,Kraków i okolice,0.7,z-marszu,,
ChIJUcf9jRRbFkcRyerT3DzAHFw,Teatr Współczesny w Krakowie,Performing arts theater,Przemysłowa 2,Kraków,Kraków,4.6,827,+48 602 359 078,http://www.teatrkrakow.pl/,https://lh3.googleusercontent.com/gps-cs-s/AHRPTWm5AJhWjCjIIUSDMP3G-qb-KNadicU2JSwT2nom8sxGabhAg0cyJnV11BqowvYRi4JAU-bq5lsakJaXp0Qd_2uiBMTuOG9LqvzvsxtezCklESRTPCnDMmLvBby6ZWOBPgrZ-ms=w800-h500-k-no,50.04981739999999,19.9583284,,"teatr dla dzieci, Kraków",9,,Pod dachem,Teatr,w środku,tak,Kraków i okolice,2.0,z-marszu,,
ChIJW3pRaBVFFkcRtUzNtje064U,Teatr Ludowy,Performing arts theater,"Teatr Ludowy, Osiedle Teatralne 34",Kraków,Kraków,4.7,3587,+48 12 680 21 12,http://www.ludowy.pl/,https://lh3.googleusercontent.com/gps-cs-s/AHRPTWntMJOb6gpMOnPhxfNBXPTRGQ0VdSSAcRGmDnj6NlEtdkY3YfjrloUdvSWjb1S45InnQkPsSDKvnE-QqlfzwMXi1QC1P5Ok0E7ixlnwNjhs0iCho1uXQFISttRtXr4_kV3Oa0E=w800-h500-k-no,50.0804789,20.0339718,,"teatr dla dzieci, Kraków",9,,Pod dachem,Teatr,w środku,tak,Kraków i okolice,7.2,z-marszu,,
ChIJ_Uz7xw5bFkcRM4P7QNqmriY,Teatr Szczęście,Performing arts theater,Osiedle Zielone 9,Kraków,Kraków,4.8,378,+48 570 252 555,http://www.teatrszczescie.pl/,https://lh3.googleusercontent.com/gps-cs-s/AHRPTWkF7G7LmkTJGHmMKEQEImR6dAehXKAJp0Mieli6ghiOxm4GFAVVphInQDYrj0BNBjO8y34IPFbb4vQI5wJjvkX4Lu4a84R_1k34hKs015BnhhzUGwZftE6l5M4iiR-xB07ppFA=w800-h500-k-no,50.0799903,20.0441054,,"teatr dla dzieci, Kraków",9,,Pod dachem,Teatr,w środku,tak,Kraków i okolice,7.9,z-marszu,,
ChIJb6BDtg5bFkcRWMFyNOKFVlY,Teatr Bagatela,Performing arts theater,Karmelicka 6,Kraków,Kraków,4.7,8173,+48 12 422 66 77,https://www.bagatela.pl/,https://lh3.googleusercontent.com/gps-cs-s/AHRPTWkvwzI8MT3TIMnQe9AOPgQK0_sWrtlf0MV_Kluus75-G-2yr4ITzZvjoVIaxv4mQlOupf4ZJ-Ng6COMh7LZ4O019BsAvQjzGo0nGs7l13f1wOhfKKNcCe70GjZgW2WBv5KMBOpbbw=w800-h500-k-no,50.06364989999999,19.9324167,,"teatr dla dzieci, Kraków",9,,Pod dachem,Teatr,w środku,tak,Kraków i okolice,0.4,z-marszu,,
ChIJdXHgTxBbFkcRh_ynFwBRqDs,Teatr im. Juliusza Słowackiego w Krakowie,Performing arts theater,plac Świętego Ducha 1,Kraków,Kraków,4.8,5882,+48 12 424 45 00,http://www.slowacki.krakow.pl/,https://lh3.googleusercontent.com/gps-cs-s/AHRPTWnnejDMtU04XPv3TPFmc2wJgIcMbOLjM-_UUaIMMZ6WKH0985x49sLIrxtieGKyV6dh4mhulOpGt3siXnnKElZvexmcBuJaZP3FHMvay9DESpdvGdsvcbImZ8yrCZKxOt4YtTg=w800-h500-k-no,50.0639313,19.9428604,,"teatr dla dzieci, Kraków",9,,Pod dachem,Teatr,w środku,tak,Kraków i okolice,0.5,z-marszu,,
ChIJExacRA1FFkcRSyATUjwJqY8,Teatr Łaźnia Nowa,Performing arts theater,Osiedle Szkolne 25,Kraków,Kraków,4.6,1144,+48 12 425 03 20,http://laznianowa.pl/,https://lh3.googleusercontent.com/gps-cs-s/AHRPTWlDBO_2Re6TmtD7SeWMS-hXc_p5VUL3ytFCHv6A7euEi01pcW6H7yVd-_XrFduHzpo85AsiCz-lC_puhqboT0RlLFOEeIpQ7jw-N6L2bCAwmSlluPpv-xKpQ_9JRQO6MSJTab8P3A=w800-h500-k-no,50.0782239,20.0478207,,"teatr dla dzieci, Kraków",9,,Pod dachem,Teatr,w środku,tak,Kraków i okolice,8.1,z-marszu,,
ChIJYwSloHhbFkcRsNNbPyGkeWw,Teatr Praska 52,Performing arts theater,Praska 52,Kraków,Kraków,4.8,663,+48 606 365 590,https://www.teatrpraska52.pl/,https://lh3.googleusercontent.com/gps-cs-s/AHRPTWkK6nzhdJ0n0EvZoN3PyMPseMivOI805aLy1fKUjI8dh_MqvdsgjzflvTBGR7uvf7jW79tggGbMQqMSgxETLkva2Hgg6JPSz0qPLcz6xAj5OcW55iNrTJAPqLPwmaKVsJsMPU-qGQHhyP8k=w800-h500-k-no,50.0461973,19.9106752,,"teatr dla dzieci, Kraków",9,,Pod dachem,Teatr,w środku,tak,Kraków i okolice,2.6,z-marszu,,
ChIJN62rrlxbFkcRCfQSILR8YZQ,Teatr Edukacji i Profilaktyki Z UŚMIECHEM,Children's theater,Zamknięta 10/1.5,Kraków,Kraków,5,7,+48 784 281 167,https://www.teatr-z-usmiechem.pl/,https://lh3.googleusercontent.com/gps-cs-s/AHRPTWllQBlhsfEDX3Am4h17ndORV_WhBejz6tfZEUmp4aRebFst1Z679w7r2Oj3eeLMfqppOvBaTNYXCfgYj077P6qwfN4MMakZGlo7PlGHesnZ412uNfEry3ToQGlfP1tMG2S56BiiZBSWmEJr=w800-h500-k-no,50.0402389,19.9624692,do weryfikacji (dzieci?),"teatr dla dzieci, Kraków",9,,Pod dachem,Teatr,w środku,,Kraków i okolice,3.0,z-marszu,,
ChIJMVSH-BFbFkcR-EziRGxBpR8,Teatr Ludowy – Scena pod Ratuszem,Performing arts theater,Rynek Główny 1,Kraków,Kraków,4.8,404,+48 12 421 50 16,http://www.ludowy.pl/,https://lh3.googleusercontent.com/gps-cs-s/AHRPTWkIVrzxNg6_FnNmksB0DiQkBvb8VkDduTJqnNN8xthCejjXS-tV_GWV5Vfw6YqnW4neCpg5XM_AeXV8mq2poLA966KMu0XXvQIDnj3_-Nld5VswXnrj8URwlCC8PvMzWKp3JeM=w800-h500-k-no,50.0615594,19.9364319,,"teatr dla dzieci, Kraków",9,,Pod dachem,Teatr,w środku,tak,Kraków i okolice,0.1,z-marszu,,
ChIJEe0hYGxbFkcRtWSz4djnd-E,Młody Teatr Tańca Terpsychora,Children's theater,Grodzka 40,Kraków,Kraków,5,3,+48 694 972 082,https://mttt.pl/,https://lh3.googleusercontent.com/gps-cs-s/AHRPTWlNe9MbwialswWym80fddBhMd0oSu1zAZIoOaePwyovqLtrq4DrH_22qGYB7kp9I1AcuYKC7LbvwwjDF4oNaCIx13-gtr5yT8cs5iRcCLyqhifeCxk2ETGEn3e6MhTqyf3G30p6=w800-h500-k-no,50.0580885,19.9382094,do weryfikacji (dzieci?),"teatr dla dzieci, Kraków",9,,Pod dachem,Teatr,w środku,,Kraków i okolice,0.4,z-marszu,,
ChIJ25YIY3NbFkcR1_HIYDG-EOc,Teatr Scena STU,Performing arts theater,Aleja Zygmunta Krasińskiego 16,Kraków,Kraków,4.8,2413,+48 12 422 27 44,http://scenastu.pl/,https://lh3.googleusercontent.com/gps-cs-s/ANWiy9T5ldzxDRCFBxW2sGkoH-YthHaT-9RcaFEakt9-dltuUaR8eOwA_rRQkSC6U3hGS53XB-nsHOGAjKNxKgiHNZku70S7bWJVqDahX8ij1FBVLHkNMXQcf158xEHa6xR_RFOC4jHjcQ=w800-h500-k-no,50.056422,19.9264522,,"teatr, Kraków",9,,Pod dachem,Teatr,w środku,tak,Kraków i okolice,1.0,z-marszu,,
ChIJP5ASiDlbFkcR3exk4kmaWBo,Teatr Variété,Performing arts theater,Grzegórzecka 71,Kraków,Kraków,4.8,3253,+48 12 442 78 00,http://www.teatrvariete.pl/,https://lh3.googleusercontent.com/gps-cs-s/ANWiy9SJzfQYoBUfu6Hmy9GBJO7ypMPweptGF939I0Ej33UcBiNoB6L2W0qzEZEm96w6sRM_r5hVyY1jHxvKdbRLW-OFKSyCSk9MQYA50BMZbYaxNj7hDr4geqZ05tSC_0g9ejjSt8S2=w800-h500-k-no,50.05678109999999,19.9639488,,"teatr, Kraków",9,,Pod dachem,Teatr,w środku,tak,Kraków i okolice,2.0,z-marszu,,
ChIJqd7fnB1dFkcRHFtSY5lRxkE,Krakus. Teatr lalek. Laluk A.,Performing arts theater,Profesora Wojciecha Marii Bartla 23,Kraków,Kraków,,,+48 504 102 389,,https://streetviewpixels-pa.googleapis.com/v1/thumbnail?panoid=YZQUof1SZI_LZ9bDO929qQ&cb_client=search.gws-prod.gps&w=800&h=500&yaw=159.60664&pitch=0&thumbfov=100,49.9985851,19.8960095,do weryfikacji (dzieci?),"teatr lalek, Kraków",9,,Pod dachem,Teatr,w środku,,Kraków i okolice,7.6,z-marszu,,
bk-filia-21,Biblioteka dla dzieci – Filia nr 21,Library,Królewska 59,Kraków,Kraków,,,,https://biblioteka.krakow.pl/filia-21,,50.0734628,19.9149954,,lista filii biblioteka.krakow.pl,10,,Pod dachem,Biblioteka,w środku,tak,Kraków i okolice,2.1,z-marszu,,"Czynne w soboty, kącik malucha, oddział dla dzieci."
bk-filia-26,Biblioteka dla dzieci – Filia nr 26,Library,Komorowskiego 11,Kraków,Kraków,,,,https://biblioteka.krakow.pl/filia-26,,50.0857898,19.9734494,,lista filii biblioteka.krakow.pl,10,,Pod dachem,Biblioteka,w środku,tak,Kraków i okolice,3.7,z-marszu,,"Kącik malucha, oddział dla dzieci."
bk-filia-56,Biblioteka dla dzieci – Filia nr 56,Library,os. Zgody 7,Kraków,Kraków,,,,https://biblioteka.krakow.pl/filia-56,,50.0759262,20.0379002,,lista filii biblioteka.krakow.pl,10,,Pod dachem,Biblioteka,w środku,tak,Kraków i okolice,7.4,z-marszu,,"Czynne w soboty, playstation, gry planszowe, oddział dla dzieci."
mzj-krakowskiklubjazdykonnej,Krakowski Klub Jazdy Konnej,Horse riding school,Kobierzyńska 175A,Kraków,Kraków,,,,http://www.kkjk.pl,,50.0165898,19.903703,,lista klubów MZJ,10,,Pod dachem,Zajęcia sportowe,w środku,,Kraków i okolice,5.6,treningi,Jazda konna,
mzj-ośrodekjazdykonnejpegaz,"Ośrodek Jazdy Konnej „Pegaz""",Horse riding school,Łowińskiego 1,Kraków,Kraków,,,,http://www.ojkpegaz.pl,,50.0928773,20.0380662,,lista klubów MZJ,10,,Pod dachem,Zajęcia sportowe,w środku,,Kraków i okolice,8.0,treningi,Jazda konna,
mzj-wlkskrakusjeździectwo,"WLKS „Krakus"" – jeździectwo",Horse riding school,Kąpielowa 51,Kraków,Kraków,,,,http://www.wlkskrakus.pl,,49.9954288,19.931246,,lista klubów MZJ,10,,Pod dachem,Zajęcia sportowe,w środku,,Kraków i okolice,7.4,treningi,Jazda konna,
mzj-rcridingcentersosnowice,RC Riding Center Sosnowice,Horse riding school,Wandejska 10,Kraków,Kraków,,,,http://www.rcsosnowice.pl/,,50.0116524,19.9054294,,lista klubów MZJ,10,,Pod dachem,Zajęcia sportowe,w środku,,Kraków i okolice,6.0,treningi,Jazda konna,
mzj-klubjeździeckicheval,Klub Jeździecki Cheval,Horse riding school,Juliusza Lea 116,Kraków,Kraków,,,,,,50.0718377,19.9014801,,lista klubów MZJ,10,,Pod dachem,Zajęcia sportowe,w środku,,Kraków i okolice,2.8,treningi,Jazda konna,
mzj-uksszkołarajskarajskierancho,"UKS „Szkoła Rajska"" – Rajskie Rancho",Horse riding school,Tuchowska 113,Kraków,Kraków,,,,https://rajskierancho.pl/,,49.9912663,19.9720633,,lista klubów MZJ,10,,Pod dachem,Zajęcia sportowe,w środku,,Kraków i okolice,8.2,treningi,Jazda konna,
mzj-klubjeździeckikaratino,Klub Jeździecki Karatino,Horse riding school,Krzewowa 11,Kraków,Kraków,,,,,,50.0311812,19.8501513,,lista klubów MZJ,10,,Pod dachem,Zajęcia sportowe,w środku,,Kraków i okolice,7.1,treningi,Jazda konna,
mzj-klubjazdykonnejszary,Klub Jazdy Konnej Szary,Horse riding school,Parkurowa 4,Michałowice,Michałowice,,,,http://www.kjkszary.pl,,50.1506282,19.9802423,,lista klubów MZJ,10,,Pod dachem,Zajęcia sportowe,w środku,,Kraków i okolice,10.4,treningi,Jazda konna,
mzj-klubjazdykonnejpodżubrem,Klub Jazdy Konnej Pod Żubrem,Horse riding school,Targowa 5,Niepołomice,Niepołomice,,,,http://www.kjkpodzubrem.pl/,,50.0361396,20.2196725,,lista klubów MZJ,10,,Pod dachem,Zajęcia sportowe,w środku,,Kraków i okolice,20.4,treningi,Jazda konna,
mzj-klubjeździecki5dak,Klub Jeździecki 5 DAK,Horse riding school,Mokra 17,Niepołomice,Niepołomice,,,,,,50.0255767,20.1935122,,lista klubów MZJ,10,,Pod dachem,Zajęcia sportowe,w środku,,Kraków i okolice,18.7,treningi,Jazda konna,
mzj-klubjeździeckiponysport,Klub Jeździecki PonySport,Horse riding school,Siercza 1,Wieliczka,Wieliczka,,,,,,49.9742396,20.0380129,,lista klubów MZJ,10,,Pod dachem,Zajęcia sportowe,w środku,,Kraków i okolice,12.1,treningi,Jazda konna,
mzj-klubjeździeckiinterpolo,Klub Jeździecki Interpolo,Horse riding school,Piekary 1,Liszki,Liszki,,,,,,50.0197145,19.7891878,,lista klubów MZJ,10,,Pod dachem,Zajęcia sportowe,w środku,,Kraków i okolice,11.6,treningi,Jazda konna,
mzj-lksbotojastadnina,LKS Botoja – stadnina,Horse riding school,Korzkiew 49,Korzkiew,Korzkiew,,,,http://www.botoja.pl,,50.1625137,19.883817,,lista klubów MZJ,10,,Pod dachem,Zajęcia sportowe,w środku,,Kraków i okolice,11.8,treningi,Jazda konna,
mzj-klubjeździeckiperrin,"Klub Jeździecki „Perrin""",Horse riding school,Na Skarpie 33,Rudawa,Rudawa,,,,,,50.118263,19.7107345,,lista klubów MZJ,10,,Pod dachem,Zajęcia sportowe,w środku,,Kraków i okolice,17.3,treningi,Jazda konna,
mzj-klubjeździeckifacimiech,Klub Jeździecki Facimiech,Horse riding school,Facimiech 1,Wielkie Drogi,Wielkie Drogi,,,,http://www.kjfacimiech.pl,,49.9714138,19.7188921,,lista klubów MZJ,10,,Pod dachem,Zajęcia sportowe,w środku,,Kraków i okolice,18.6,treningi,Jazda konna,
mzj-kssentioequestrian,KS Sentio Equestrian,Horse riding school,Trątnowice 1A,Trątnowice,Trątnowice,,,,http://www.sentioequestrian.com/,,50.2047168,20.1197054,,lista klubów MZJ,10,,Pod dachem,Zajęcia sportowe,w środku,,Kraków i okolice,20.5,treningi,Jazda konna,
mzj-klubjazdykonnejfabrex,Klub Jazdy Konnej FABREX,Horse riding school,Stanisław Dolny 260,Kalwaria Zebrzydowska,Kalwaria Zebrzydowska,,,,,,49.8882456,19.6395153,,lista klubów MZJ,10,,Pod dachem,Zajęcia sportowe,w środku,,Pod Krakowem,28.7,treningi,Jazda konna,
mzj-klubjeździeckileńcze,Klub Jeździecki Leńcze,Horse riding school,Leńcze 239,Leńcze,Leńcze,,,,,,49.8920719,19.7299582,,lista klubów MZJ,10,,Pod dachem,Zajęcia sportowe,w środku,,Pod Krakowem,24.0,treningi,Jazda konna,
mzj-ksstadninakonikrzywopłoty,"KS „Stadnina Koni Krzywopłoty""",Horse riding school,Hardego dz. 47,Krzywopłoty,Krzywopłoty,,,,,,50.400562,19.6239993,,lista klubów MZJ,10,,Pod dachem,Zajęcia sportowe,w środku,,Pod Krakowem,43.8,treningi,Jazda konna,
mzj-klubsportowyfaruk,Klub Sportowy FARUK,Horse riding school,Niegardów Kolonia 54,Koniusza,Koniusza,,,,http://www.konie-niegardow.pl,,50.2066608,20.1878058,,lista klubów MZJ,10,,Pod dachem,Zajęcia sportowe,w środku,,Pod Krakowem,24.1,treningi,Jazda konna,
mzj-kjkeximius,KJK EXIMIUS,Horse riding school,Piotrkowice Wielkie 38,Koniusza,Koniusza,,,,,,50.2262562,20.188331,,lista klubów MZJ,10,,Pod dachem,Zajęcia sportowe,w środku,,Pod Krakowem,25.6,treningi,Jazda konna,
mzj-fkjkzatoka,FKJK Zatoka,Horse riding school,Zatoka 53,Bratucice,Bratucice,,,,,,,,brak współrzędnych,lista klubów MZJ,10,,Pod dachem,Zajęcia sportowe,w środku,,Pod Krakowem,,treningi,Jazda konna,
mzj-klubjeździeckiszarża,Klub Jeździecki Szarża,Horse riding school,"Wczasowa 16, Bolęcin",Trzebinia,Trzebinia,,,,http://www.szarza.bolecin.pl,,50.1251634,19.4793285,,lista klubów MZJ,10,,Pod dachem,Zajęcia sportowe,w środku,,Pod Krakowem,33.4,treningi,Jazda konna,
mzj-klubjeździeckistajniaprzylesieborzęta,Klub Jeździecki Stajnia Przylesie Borzęta,Horse riding school,Borzęta 85,Myślenice,Myślenice,,,,,,49.8679868,19.9701471,,lista klubów MZJ,10,,Pod dachem,Zajęcia sportowe,w środku,,Pod Krakowem,21.7,treningi,Jazda konna,
mzj-ksszwadronjawornik,KS Szwadron Jawornik,Horse riding school,Jawornik 355,Myślenice,Myślenice,,,,,,49.8588081,19.8855172,,lista klubów MZJ,10,,Pod dachem,Zajęcia sportowe,w środku,,Pod Krakowem,22.9,treningi,Jazda konna,
mzj-klimeksportkrakowskaakademiasportu,KlimekSport Krakowska Akademia Sportu,Horse riding school,Nowa Wieś 37,Dobczyce,Dobczyce,,,,,,49.8984971,20.0625325,,lista klubów MZJ,10,,Pod dachem,Zajęcia sportowe,w środku,,Kraków i okolice,20.2,treningi,Jazda konna,
mzj-teamranchopcim,Team Rancho Pcim,Horse riding school,Pcim 336,Pcim,Pcim,,,,http://www.ranchopcim.pl,,49.7768021,20.0200698,,lista klubów MZJ,10,,Pod dachem,Zajęcia sportowe,w środku,,Pod Krakowem,32.2,treningi,Jazda konna,
mzj-sordylridingclub,Klub Jeździecki Sordyl,Horse riding school,Jeździecka 6,Gierałtowice,Gierałtowice,,,,,,49.94107,19.39498,,lista klubów MZJ,10,,Pod dachem,Zajęcia sportowe,w środku,,Pod Krakowem,41.0,treningi,Jazda konna,
mzj-ośrodekjazdykonnejpoddębami,Ośrodek Jazdy Konnej Pod Dębami,Horse riding school,"Graniczna 44, Inwałd",Andrychów,Andrychów,,,,,,49.86571,19.376095,,lista klubów MZJ,10,,Pod dachem,Zajęcia sportowe,w środku,,Pod Krakowem,45.7,treningi,Jazda konna,
mzj-fundacjafolwarktoporzysko,Fundacja Folwark Toporzysko,Horse riding school,Toporzysko 454,Jordanów,Jordanów,,,,http://www.folwarktoporzysko.pl,,49.6012818,19.7879563,,lista klubów MZJ,10,,Pod dachem,Zajęcia sportowe,w środku,,Pod Krakowem,52.3,treningi,Jazda konna,
mzj-klubjeździeckimszanagórna,Klub Jeździecki Mszana Górna,Horse riding school,Mszana Górna 457,Mszana Górna,Mszana Górna,,,,,,49.6633719,20.0930543,,lista klubów MZJ,10,,Pod dachem,Zajęcia sportowe,w środku,,Pod Krakowem,45.7,treningi,Jazda konna,
mzj-klubjeździeckiassanya,Klub Jeździecki Assanya,Horse riding school,Żmiąca 43,Ujanowice,Ujanowice,,,,http://www.assanya.eu/,,49.7564214,20.5240447,,lista klubów MZJ,10,,Pod dachem,Zajęcia sportowe,w środku,,Pod Krakowem,54.0,treningi,Jazda konna,
mzj-lkjpaintranch,LKJ Paint Ranch,Horse riding school,Długa,Gromiec,Gromiec,,,,,,50.0536004,19.3123162,,lista klubów MZJ,10,,Pod dachem,Zajęcia sportowe,w środku,,Pod Krakowem,44.6,treningi,Jazda konna,
osm-oczko-podwawelskie,Oczko Wodne Podwawelskie,Swimming lake,,Kraków,Kraków,4,1,,,,50.0388035,19.9320789,mało danych (brak adresu),"basen dla dzieci, Kraków",6,,Plener,Park,na dworze,,Kraków i okolice,,z-marszu,,
pl-linolandiakryspinów,Linolandia Kryspinów,Adventure park,,Kryspinów,Kryspinów,,,,https://linolandia.com/en/,,50.0424381,19.7972081,,ręcznie (lista właścicielki),11,,Plener,Park linowy,na dworze,,Kraków i okolice,10.2,z-marszu,,
pl-xtremeparkparklinowywieliczka,Xtreme Park – Park Linowy Wieliczka,Adventure park,Józefa Jedynaka 15,Wieliczka,Wieliczka,,,,,,49.9824032,20.0377993,,ręcznie (lista właścicielki),11,,Plener,Park linowy,na dworze,,Kraków i okolice,11.4,z-marszu,,
pl-parklinowytrawersdubie,Park Linowy TRAWERS – Dubie,Adventure park,,Dubie,Dubie,,,,,,50.1525648,19.693608,,ręcznie (lista właścicielki),11,,Plener,Park linowy,na dworze,,Kraków i okolice,20.1,z-marszu,,
pl-adventureparkfortbarycz,Adventure Park – Fort Barycz,Adventure park,Hallera 25,Kraków,Kraków,,,,https://stowarzyszenieadventure.pl/fortbarycz/szlak/,,49.9956496,19.9915582,,ręcznie (lista właścicielki),11,,Plener,Park linowy,na dworze,,Kraków i okolice,8.3,z-marszu,,
ChIJ0Z_ARqpbFkcR6M6ne5aOvWE-polk,Queen's Tennis Kraków,Sports complex,Zarzecze 124A,Kraków,Kraków,4.4,45,+48 888 488 722,https://queensteniskrakow.pl/polkolonie-tenisowe/,https://lh3.googleusercontent.com/gps-cs-s/AHRPTWm8RglzAKVYOBOm21bioBAtwz8Twnc1BWXoBMDKk3McOAVhLb3M4OU1wsSQnm4-Jo_e8jtQWmYTe1tT4apMenFso0lDRNZiJkeIrSAyzavqn2afk0LVDlnyhXVfdztjjuqGDbAh3w=w800-h500-k-no,50.0759007,19.8817045,organizator półkolonii (ta sama firma jest też w swojej kategorii),"klub sportowy dla dzieci, Kraków",6,,Pod dachem,Półkolonie – tenis,w środku,,Kraków i okolice,4.3,polkolonie,,
ChIJVZStMwpbFkcReUoN_0XcCL0-polk,Centrum Młodzieży im. dr. Henryka Jordana,Community center,Krupnicza 38,Kraków,Kraków,4.8,328,+48 12 430 00 15,http://www.cmjordan.krakow.pl/,https://lh3.googleusercontent.com/gps-cs-s/AHRPTWnN5ubQisyKjZKwgbukBz8EvU8B9w9k7w1N9ZiPN-_E-_DptzYUVcngpgi_4IQ-_aDuKFGKnGm48MmrTrJjR0e7cz1pGwbV8UWdUxo_D4mOFG5ANNNmmN49fAPhydyE7tm3_XoE=w800-h500-k-no,50.0627169,19.9265986,organizator półkolonii (ta sama firma jest też w swojej kategorii),"szkoła tańca dla dzieci, Kraków; dom kultury, Kraków; zajęcia dla niemowląt, Kraków",5,,Pod dachem,Półkolonie – domy kultury i harcerze,w środku,tak,Kraków i okolice,0.8,polkolonie,,
ChIJHTe4i7hbFkcRmpu5a1Apmgg-polk,Kraul,Swimming school,"Budynek główny KS Korona, Kalwaryjska 9/15",Kraków,Kraków,4.9,466,+48 12 654 25 60,http://www.kraul.pl/,https://lh3.googleusercontent.com/grass-cs/ACvplmNDd7s7--jDja1cZBz-AiJBZwE2SNj6mUKDgfyrMhUOzsRgfSrNf6LajAFoaPkREMdY6NALFoftF0Gm-E_JLNC8n9TjVS3oF8sTMfC3QxILLymrikwOYrLzUOTaG5NlmaAAciWVjg=w800-h500-k-no,50.0431971,19.9465331,organizator półkolonii (ta sama firma jest też w swojej kategorii),"basen dla dzieci, Kraków; zajęcia mama i dziecko, Kraków",6,,Pod dachem,Półkolonie – pływanie,w środku,,Kraków i okolice,2.2,polkolonie,,
ChIJLbwxnRZFFkcRh6Om3iesosw-polk,"Interschool Sport Centre Kraków ""East""",Recreation center,Osiedle Szkolne 39,Kraków,Kraków,4.4,669,+48 12 644 22 72,http://www.moswschod.pl/,https://lh3.googleusercontent.com/gps-cs-s/AHRPTWni1b59rTw50l2mMUoYyK1MHfV5xcvOLuAeHEiVWygaJVtbQwL1Z97lDCb7T8aNA4DniAL1papM-F2-cnNV2f4eOnrRlBNOCIjyfM_Cm3VBQq29rfej-rGA5Tyo3SvsKXOaY26xbA=w800-h500-k-no,50.0792002,20.0483272,do weryfikacji (dzieci?); organizator półkolonii (ta sama firma jest też w swojej kategorii),"klub gimnastyczny, Kraków",6,,Pod dachem,Półkolonie – sport,w środku,,Kraków i okolice,8.2,polkolonie,,
ChIJVS8dLbdbFkcR3ev48XtVliM-polk,Nauka pływania dla dzieci Kraków - AgamaSport,Swimming instructor,"Ingardena 4 Os.2 Pułku 21 al. Kijowska 8, Fabryczna 13",Kraków,Kraków,5,162,+48 664 455 766,https://www.agamasport.pl/,https://lh3.googleusercontent.com/grass-cs/ACvplmM1_wjhOQMMsnK1sbTTyidIV7Q1LvhEoaWS8Q1kTrpUugz5JP4pqo3woL8nK1sASXc607rOSvDM6I3Whlx0nMHaY2LHzIzta3UaL_sorvpOtfuHzFWktGwfygyOegFm74tZIHe8QA=w800-h500-k-no,50.0695665,19.9150754,organizator półkolonii (ta sama firma jest też w swojej kategorii),"basen, Kraków; zajęcia mama i dziecko, Kraków",6,,Pod dachem,Półkolonie – pływanie,w środku,,Kraków i okolice,1.8,polkolonie,,
ChIJIwomHNdaFkcRDpD18ByLgvo-polk,Anikino Kraina Zabaw Dziecięcych,Children's amusement center,Nieduża 4,Kraków,Kraków,4.5,968,+48 601 959 351,http://www.anikino.pl/,https://lh3.googleusercontent.com/grass-cs/ACvplmPsl32K6egcArTrkksseG5rvzjlTKY9gkuc7u74McGoaLaYdYSYE8adMDYfZ9oqhzIUnMeS7Rw2rclTyXpTxMtWGQbkIuxZ_IySKnLa2DjNaj7pao4uH8DiPtwbM9-of2ylL0dgxkiA4Cs=w800-h500-k-no,50.07330959999999,19.982981,organizator półkolonii (ta sama firma jest też w swojej kategorii),"basen dla dzieci, Kraków; kraina zabawy, Kraków; sala zabaw, Kraków",1,,Pod dachem,Półkolonie – zabawy i animacje,w środku,,Kraków i okolice,3.5,polkolonie,,
ChIJVVUltDRDFkcRu7dmOoXtMok-polk,Harcownia,After school program,Por. Halszki 28,Kraków,Kraków,4.9,132,+48 667 459 844,http://www.harcownia.com/,https://lh3.googleusercontent.com/gps-cs-s/AHRPTWmCyznkD2M5hLp3rNdajobsw4zQU3jANCfG7BoZyuf3GfWRfRpkx2LAbqIH4ubtNp5_j2t803-KQa1Bk120MCaxprEEEJAE4hx8SetWidFPJr5IbImNgaa02mS-viVy5Jml67IH5PMFTBw=w800-h500-k-no,50.0077135,19.9480263,do weryfikacji (dzieci?); organizator półkolonii (ta sama firma jest też w swojej kategorii),"zajęcia umuzykalniające dla dzieci, Krak...",7,,Pod dachem,Półkolonie – domy kultury i harcerze,w środku,,Kraków i okolice,6.0,polkolonie,,
ChIJxaR913xbFkcRE5f5nhoe-MU-polk,"HI FIVE GYM - gimnastyka dla dzieci, półkolonie Kraków",Gymnastics center,Grochowska 20,Kraków,Kraków,5,39,+48 734 484 610,http://hifivegym.pl/,https://lh3.googleusercontent.com/grass-cs/ACvplmPTV2aPRPy1x7qZmcHT_rBbNmrz8gxchSLr6tPUn-VRmA0gglDfh4jdBN48AWUXuqt1G4uCi7gRwOrOzV4-5P03HvgoARLd8L_KqoohUMDDwxecKd760AoTKhdl5ag9EMcvnXyS=w800-h500-k-no,50.073724,19.962417,organizator półkolonii (ta sama firma jest też w swojej kategorii),"szkoła gimnastyki dla dzieci, Kraków; zajęcia dla niemowląt, Kraków",6,,Pod dachem,Półkolonie – gimnastyka i akrobatyka,w środku,,Kraków i okolice,2.2,polkolonie,,
ChIJU2GFZdpaFkcR8DlVyL8fbQA-polk,Centrum Sportowo-Edukacyjne SkakAnka,Recreation center,Fiołkowa 15,Kraków,Kraków,4.7,389,+48 12 410 51 42,https://skakanka.eu/,https://lh3.googleusercontent.com/gps-cs-s/AHRPTWnju10x4aZuOjEfOgObzSc0dgJzmvnR43NCE6RfKy08-aL0g-4fVJoDXcjGzhtdJQT8WfxKhRZ6vsdd-4Ut17tjYx9KRrBJBcwxACBO8i4IdaldFN-jYnvLWG8is66EwGxCi3oj=w800-h500-k-no,50.0772947,19.9807455,organizator półkolonii (ta sama firma jest też w swojej kategorii),"zajęcia dla niemowląt, Kraków; plac zabaw kryty, Kraków; kawiarnia dla dzieci, Kraków; sala zabaw, Kraków; szkoła gimnastyki dla dzieci, Kraków",1,,Pod dachem,Półkolonie – gimnastyka i akrobatyka,w środku,,Kraków i okolice,3.6,polkolonie,,
ChIJ96IrwDxbFkcRSA7KqcN0_44-polk,Krakowski Szkolny Ośrodek Sportowy im. Szarych Szeregów,Recreation center,al. Powstania Warszawskiego 6,Kraków,Kraków,4.4,571,+48 12 411 58 66,http://www.ksos.pl/,https://lh3.googleusercontent.com/gps-cs-s/AHRPTWnVvCTEUjTDNVRL6B4Q3vAMhikjNv-3yejTALv2e-7Octc3YU8ncaNxOl6H5b5J3KkpmcGsNsQkml9lpUZgCqg2--tbZD2BXB1a2LRwDyIL7M8M4laJZswLxEK6GLf4F_nV80tR=w800-h500-k-no,50.060856,19.961229,organizator półkolonii (ta sama firma jest też w swojej kategorii),"basen dla dzieci, Kraków; zajęcia mama i dziecko, Kraków",6,,Pod dachem,Półkolonie – sport,w środku,,Kraków i okolice,1.7,polkolonie,,
ChIJLa18p8JFFkcRNyWITVf_wV4-polk,"HI FIVE GYM - gimnastyka dla dzieci, półkolonie Kraków",Gymnastics center,Stanisława Lema 7,Kraków,Kraków,4.8,24,+48 734 484 610,http://www.hifivegym.pl/,https://lh3.googleusercontent.com/grass-cs/ACvplmM45oqwiX90dWldeWqcoCeUA17Kahv7um6sG5D01NGhUvyc4jA9QPGslbTQpVVmG7BIir-NP0P3ZZEtoFoiRdk5ijx3oDKdcq6fT7kZHKcg1aQqTmm8QNRwpTsa5WSnzqhSnVIxbw=w800-h500-k-no,50.0672929,19.9917938,organizator półkolonii (ta sama firma jest też w swojej kategorii),"szkoła gimnastyki dla dzieci, Kraków; zajęcia dla niemowląt, Kraków",6,,Pod dachem,Półkolonie – gimnastyka i akrobatyka,w środku,,Kraków i okolice,3.9,polkolonie,,
ChIJ_8L8475FFkcRZPYspcEHLE4-polk,Pro-Sport Kraków,Sports school,Mariana Domagały 31F/2,Kraków,Kraków,5,144,+48 792 080 993,,https://lh3.googleusercontent.com/gps-cs-s/AHRPTWlNj4kRZQehqy7Mfn2TvZjbAtmML5Uey0JzRWaxMHPLLYIq80_jGwEawi9s24KSHUwnICVdPYF2sXJ_Jw4xGqidF2Fcm4gZqy88M-7HjrYSIb6-hJqll4yL7eR02is6WqWIwTABCw=w800-h500-k-no,50.0260821,20.0480602,organizator półkolonii (ta sama firma jest też w swojej kategorii),"szkoła gimnastyki dla dzieci, Kraków",6,,Pod dachem,Półkolonie – sport,w środku,,Kraków i okolice,8.9,polkolonie,,
ChIJkQaTxqJEFkcRBH8-ZzYddTA-polk,Klub Żeglarski Horn Kraków,Sailing club,Kozia 22,Kraków,Kraków,4.5,460,+48 510 459 596,http://www.hornkrakow.pl/,https://lh3.googleusercontent.com/gps-cs-s/AHRPTWkzb9xw0gsaXqwJ81SFBH9gNJ2tA3kbc-X2MOjaXFxUxio2H41sqn5OFOeknVoPenttj9F9kxQvKXUi_Aa6GjcgSWF5uyAISlfoPSn9S6Rkfn9L_y_P-Van5JDH43Daqibwf8foca7-ugFC=w800-h500-k-no,50.0329843,19.9953846,do weryfikacji (dzieci?); organizator półkolonii (ta sama firma jest też w swojej kategorii),"klub gimnastyczny, Kraków",6,,Pod dachem,Półkolonie – rolki i żeglarstwo,w środku,,Kraków i okolice,5.2,polkolonie,,
ChIJJTP92nRbFkcRotkMgwJW26w-polk,Szkoła Tenisa Protenis Kraków. Półkolonie Kraków,Sports club,al. Jana Pawła II 37,Kraków,Kraków,4.8,75,+48 784 037 097,https://www.proteniskrakow.pl/,https://lh3.googleusercontent.com/grass-cs/ACvplmNjA_HB6aC-vJAV-xqgeo5AZneET2h7DJ2Nvy-0glSx16zjscVIFk7W6qqoRROEY--p9wfA40kfSDFRHsw73-PUpkmtYvqTPhqqbYpxRV6hdhtSa2WnfuHMqisxgoMAxSxxMhKk=w800-h500-k-no,50.0765065,19.9964674,organizator półkolonii (ta sama firma jest też w swojej kategorii),"zajęcia mama i dziecko, Kraków; klub tenisowy, Kraków",6,,Pod dachem,Półkolonie – tenis,w środku,,Kraków i okolice,4.5,polkolonie,,
ChIJLeq4F9tFFkcRCAL9ca7I_G8-polk,"HI FIVE GYM - gimnastyka dla dzieci, półkolonie",Sports club,Stadionowa 1,Kraków,Kraków,,,+48 734 484 610,https://hifivegym.pl/,https://lh3.googleusercontent.com/gps-cs-s/AHRPTWkIx6giNnfH5TwG9f3qpam5-qH8DLD-qqdwZ-s3axynsrIKpcIMLsbzd19G4UK3QyOBKKcWazYgFB3yJW59gUeb9jS51SFSonTHOLU5crl9L6eptGMQymNY65oqMpQCAa4WbafqsmZ_VAIB=w800-h500-k-no,50.0855499,20.0402183,organizator półkolonii (ta sama firma jest też w swojej kategorii),"klub gimnastyczny, Kraków",6,,Pod dachem,Półkolonie – gimnastyka i akrobatyka,w środku,,Kraków i okolice,7.8,polkolonie,,
ChIJ9-88zBFFFkcRqwWIr8hPeWM-polk,"Klub ""Jędruś"" - Ośrodek Kultury Kraków-Nowa Huta",Community center,Osiedle Centrum A 6A,Kraków,Kraków,4.5,182,+48 504 418 913,http://krakownh.pl/oddzial/klub-jedrus,https://lh3.googleusercontent.com/gps-cs-s/AHRPTWlBchZzGc8L9O0LKR27Qb_d0fdbwFDUOIt2T1Gai737XPKShuRf_uSnm1AVSRUJEaglg08qz6OVBrSC_GjoZ2aUINhBS1Ir6TO5FqVewqWieX_raje6lLmPV-FahsI9QN8wmoBT4g=w800-h500-k-no,50.0726021,20.0416165,organizator półkolonii (ta sama firma jest też w swojej kategorii),"zajęcia umuzykalniające dla dzieci, Krak...; dom kultury, Kraków",5,,Pod dachem,Półkolonie – domy kultury i harcerze,w środku,tak,Kraków i okolice,7.6,polkolonie,,
ChIJ7xAsvdpbFkcRYFOZZG1Z2qI-polk,Klub Sportowy Bronowianka,Sports club,Zarzecze 124a,Kraków,Kraków,4.4,584,+48 12 636 94 33,http://www.bronowianka.pl/,https://lh3.googleusercontent.com/gps-cs-s/AHRPTWn3YJ4ZG3i7L6Pxq7lVVqM87ao2jq04H-wKtYDhYzflVEN9mqWioYbCzA-6YAWFQKwivSWw38A3dMHEgCkKVz9EuyuDoMt634hGHLDDr5FIbOeA4FuC9a-e6yFhdng29wEX-reV=w800-h500-k-no,50.0756127,19.8815344,organizator półkolonii (ta sama firma jest też w swojej kategorii),"klub tenisowy, Kraków",6,,Pod dachem,Półkolonie – sport,w środku,,Kraków i okolice,4.3,polkolonie,,
ChIJXQjD73FdFkcR2NuMVs9uP6w-polk,Klub Fikołki,Children's amusement center,Henryka Kamieńskiego 11,Kraków,Kraków,4.2,605,+48 500 200 200,http://www.fikolki.pl/,https://lh3.googleusercontent.com/gps-cs-s/AHRPTWkGMwO5gEk7aby1fbCL3m4WMwDqa7J_sTze3amVWlkSOd8XF17QDIH94Hd1KMvfgzSrrOU0T3UxihK7ufCW6lp22c6cWkxMzaWkcdEM8EsIE5wkpsnPplLR3lWpWK2Rxx27gvKFDg=w800-h500-k-no,50.0270406,19.9510589,organizator półkolonii (ta sama firma jest też w swojej kategorii),"kawiarnia dla dzieci, Kraków; małpi gaj, Kraków; zajęcia dla niemowląt, Kraków; sala zabaw, Kraków",1,,Pod dachem,Półkolonie – zabawy i animacje,w środku,,Kraków i okolice,4.0,polkolonie,,
ChIJPSUhUjZbFkcRS0X3h9LCXtM-polk,Smart Kids Planet - Krakowskie Centrum Mądrej Zabawy,Children's amusement center,Podgórska 34,Kraków,Kraków,4.8,1252,+48 12 307 20 10,https://www.smartkidsplanet.pl/,https://lh3.googleusercontent.com/grass-cs/ACvplmMjP0yY4KsT6KHPzKddJXriRBAZ923gaDiNekyvuxmrjQBOCa4sJoJsBSjUj0RemnNmHED84RRWs9-g8f0AW8PtAeO_UdKkjFWcTTuOwszXejJAPSZZ1RnqfAxsGWvHiRFYCxjpS0dQnnyM=w800-h500-k-no,50.0526242,19.9562812,organizator półkolonii (ta sama firma jest też w swojej kategorii),"kawiarnia z kącikiem zabaw, Kraków; sala zabaw, Kraków; sala zabaw dla dzieci, Kraków, muzeum, K...; małpi gaj, Kraków; zajęcia mama i dziecko, Kraków",1,,Pod dachem,Półkolonie – zabawy i animacje,w środku,,Kraków i okolice,1.7,polkolonie,,
ChIJXc566BlbFkcRCk2yqGGuW9Q-polk,Akademia Rolkarza - nauka jazdy na rolkach - Kraków,Sports club,Osiedle Józefa Strusia 7/244,Kraków,Kraków,5,103,+48 500 836 018,http://www.akademiarolkarza.pl/,https://lh3.googleusercontent.com/gps-cs-s/AHRPTWkU7Hjpjz7D3Zzb3o-WJ9nBZju1caG43seghBZvhgUM81JfZbiWf4WogzF1LeZUTFNWuGaiCgO4MfI3fuwfnhAjTRLUYet3DOT92OVoqqaSN1oVMeJdbyTGeRQvmBuBSPXm0q2wIw=w800-h500-k-no,50.08901729999999,20.011833,organizator półkolonii (ta sama firma jest też w swojej kategorii),"akademia piłkarska dla dzieci, Kraków",6,,Pod dachem,Półkolonie – rolki i żeglarstwo,w środku,,Kraków i okolice,6.1,polkolonie,,
ChIJf4_XPKdbFkcR_nSEeVgk4kM-polk,"Sportowa Frajda - nauka jazdy na rolkach i łyżwach, nauka pływania Kraków",Swimming instructor,Henryka Reymana,Kraków,Kraków,5,78,+48 733 588 648,https://sportowafrajda.pl/,https://lh3.googleusercontent.com/gps-cs-s/AHRPTWnr7FEWDfsEDnAScFb62RuqDoT7dHWYuPcbgkOH6DcQ_KUqKRnwJwqzgYkaQ1q9WS9PE5GOOO-jBMMMeT7MChS_JDuJoDBe1D57SeUGiFs1eTVuQ1El-MUwG5TwX2SL4S9_bks5=w800-h500-k-no,50.0621261,19.9126089,organizator półkolonii (ta sama firma jest też w swojej kategorii),"basen dla dzieci, Kraków",6,,Pod dachem,Półkolonie – rolki i żeglarstwo,w środku,,Kraków i okolice,1.8,polkolonie,,
ChIJz8F7GtpbFkcRoY4hSoegYMI-polk,Klub Fikołki,Children's amusement center,Podgórska 34,Kraków,Kraków,4.2,211,+48 500 200 200,http://www.fikolki.pl/,https://lh3.googleusercontent.com/gps-cs-s/AHRPTWk7mCYCc3Xi4WL9hUEnncNgdGQC7iWZcNhv8I3mWfWmldybLT6LIq3vY1CccLHRejzUQuXaV1iZZs7BpcWlgWTLDDC1yo5TIH6HCF_mLLD8Q5DtQw1UR5xfCjIdJ7ggJhm6vtKJ=w800-h500-k-no,50.0535588,19.954899,organizator półkolonii (ta sama firma jest też w swojej kategorii),"kawiarnia z placem zabaw, Kraków; zajęcia dla niemowląt, Kraków; klub sportowy dla dzieci, Kraków; sala zabaw, Kraków; sala zabaw dla dzieci, Kraków, muzeum, K...; plac zabaw, Kraków; małpi gaj, Kraków",1,,Pod dachem,Półkolonie – zabawy i animacje,w środku,,Kraków i okolice,1.5,polkolonie,,
ChIJDWh9YTpbFkcRlsVDMNWUoks-polk,SAW Grzegórzki,Sports club,Fabryczna 3,Kraków,Kraków,4.8,54,+48 12 686 55 15,http://www.sawgrzegorzki.krakow.pl/,https://lh3.googleusercontent.com/gps-cs-s/AHRPTWm0wHh-qMR9vbLT0jLJsv4TaZmkvWYn1oNK-8eDhdVQYXD-qm_W-S6H5vZbjfZxbgJR_gqnHdAiJzTnG1S5Y7tdNz7S-P2NPyQYRrnKAfggi0irl6aM96xiZDx0yWvi4S-BAtTntnANCEPs=w800-h500-k-no,50.0593522,19.9708472,organizator półkolonii (ta sama firma jest też w swojej kategorii),"klub sportowy dla dzieci, Kraków",6,,Pod dachem,Półkolonie – sport,w środku,,Kraków i okolice,2.4,polkolonie,,
ChIJvWE2HAB3_S0RUhAEA3u1-2Y-polk,"Krakowska Akademia Techniki Piłkarskiej - Indywidualne treningi piłki nożnej, dryblingu Kraków, Obozy i Półkolonie piłkarskie",Soccer practice,Przewóz 38,Kraków,Kraków,5,21,+48 608 369 989,http://www.technikapilkarska.pl/,https://lh3.googleusercontent.com/gps-cs-s/AHRPTWnVsxFW2Qm2YX3r4sEah1Fa4uLV1jYVaC6Atu8CL_6kxWnZOZJgplZ44NPPteQP_cUK0lgznI8XYUjTBqawni5mY6fl1jBLT7vdajCyXjeIVF1bgZR8INmBEnkw4lF9EPI3ZfxpoZKkjAkU=w800-h500-k-no,50.0423586,19.9956047,organizator półkolonii (ta sama firma jest też w swojej kategorii),"akademia piłkarska dla dzieci, Kraków",6,,Pod dachem,Półkolonie – piłka nożna,w środku,,Kraków i okolice,4.7,polkolonie,,
ChIJ4a1bGLBFFkcRev4Kmk9tKB4-polk,Chatka Skrzatka,Children's amusement center,Przewóz 16,Kraków,Kraków,4.9,173,+48 795 395 159,https://chatkaskrzatka.net.pl/,https://lh3.googleusercontent.com/grass-cs/ACvplmNi7D7kuyXKmVzdcSA4yzTb0voggKChZg3n8v7H1gh6oQlwkzuxIbiDaqpwW9I590BDLLGl5eupkttoknpjjZstWVvxarGBzJ1FSV_Wu5yKALC0xJX9S4vSIUeDYoJiNTAfp7Hu=w800-h500-k-no,50.0434845,19.9885404,organizator półkolonii (ta sama firma jest też w swojej kategorii),"sala zabaw dla dzieci, Kraków, muzeum, K...; małpi gaj, Kraków; kawiarnia z kącikiem zabaw, Kraków",2,,Pod dachem,Półkolonie – zabawy i animacje,w środku,,Kraków i okolice,4.2,polkolonie,,
ChIJpz75x5NbFkcRhSp3dXM8BbA-polk,Hulahopsy | Gimnastyka akrobatyczna | Zajęcia dla dzieci Kraków,Gymnastics center,Pułkownika Francesco Nullo 23,Kraków,Kraków,4.6,9,+48 790 244 445,http://www.hulahopsy.pl/,https://lh3.googleusercontent.com/grass-cs/ACvplmOXn_gkwqqw-KGQDQ--B5cGyum3XwEMHASyprKc8IJ0EJOjZALcc2AazaBem425cnJIlpdq9FAU_wW0VnIEGYOqAuFKoDDQX2cHO2MbiE2kE73aY-Q2pdPxf-4uU2sUPQ9s3YvJ=w800-h500-k-no,50.0631899,19.964939,organizator półkolonii (ta sama firma jest też w swojej kategorii),"szkoła gimnastyki dla dzieci, Kraków; zajęcia dla niemowląt, Kraków",6,,Pod dachem,Półkolonie – gimnastyka i akrobatyka,w środku,,Kraków i okolice,2.0,polkolonie,,
ChIJscDFzalbFkcR68V9BLiidL8-polk,GYMSPACE Prądnik,Gymnastics center,Pocieszka 3,Kraków,Kraków,4.9,195,+48 575 765 321,http://www.gymspace.pl/,https://lh3.googleusercontent.com/grass-cs/ACvplmOebSfH3gIExOnEVDAkC31D8l8rBFBY6hWUezKVFkoc_fiFcmWk6U7H6kP6HynigGmdi1tYPs0d5e_zMZiONTEPuk-p1Y9VBitOBWKvAbEJGI_xYw_YnrNmTAfUNykKUrlPaxow4A=w800-h500-k-no,50.0905127,19.9577803,organizator półkolonii (ta sama firma jest też w swojej kategorii),"szkoła gimnastyki dla dzieci, Kraków; zajęcia dla niemowląt, Kraków",6,,Pod dachem,Półkolonie – gimnastyka i akrobatyka,w środku,,Kraków i okolice,3.5,polkolonie,,
ChIJ-xEw9wJbFkcR5YugcJllREA-polk,Błonia Sport,Tennis court,al. 3 Maja 57,Kraków,Kraków,4.5,466,+48 728 871 400,https://bloniasport.pl/,https://lh3.googleusercontent.com/grass-cs/ACvplmMqk6stfsDAANaXqL2uyXvP91yKiOn5YKRhgFDxg7gDFsMc0g5508oOxq8ZjST8mE0jl3yPzskkjISLNfkIRcTbswG4HKcegtA-1JIe68uQf4i_l1p4w5p7u62dJBC7Yf9ie8cQ0A=w800-h500-k-no,50.0631,19.9059077,organizator półkolonii (ta sama firma jest też w swojej kategorii),"zajęcia mama i dziecko, Kraków; klub tenisowy, Kraków",6,,Pod dachem,Półkolonie – tenis,w środku,,Kraków i okolice,2.2,polkolonie,,
ChIJqcoPjaNbFkcRFaqV_ubGHfs-polk,"Młodzieżowy Dom Kultury „Dom Harcerza""",Community center,Władysława Reymonta 18,Kraków,Kraków,4.8,362,+48 12 637 37 61,http://www.mdk-dh.krakow.pl/,https://lh3.googleusercontent.com/gps-cs-s/AHRPTWnjtCKSTtnV_5wOa4MQT8DmajVcL5GaebyDAA2DVUVkf8FizcoreeKlYKlL_LEXFHFNw3IY0b6N5S7FNuailDUBFOzvw02RAe2o1qBFq_EmoGSAr_ksccEn8s96rHeIL3tn8z0N=w800-h500-k-no,50.0651127,19.9141021,organizator półkolonii (ta sama firma jest też w swojej kategorii),"klub sportowy dla dzieci, Kraków; zajęcia umuzykalniające dla dzieci, Krak...; dom kultury, Kraków",5,,Pod dachem,Półkolonie – domy kultury i harcerze,w środku,tak,Kraków i okolice,1.7,polkolonie,,
ChIJsTPHULVbFkcR64vNgb3wYDE-polk,"Laboratorium Sukcesu - Profesjonalny piłkarski trening indywidualny Kraków, obozy i półkolonie piłkarskie.",Soccer practice,Na Dołach 4,Kraków,Kraków,5,41,+48 533 045 670,https://laboratoriumsukcesu.pl/,https://lh3.googleusercontent.com/gps-cs-s/AHRPTWkGsYBqLQu1Kdyvlq141vuyV1xaSF0DLRgzP0u3yuT-P0P9-GFEwQLRO-BbeNdYs6b-y-NceX5O_fpxiep6rGKtYQjpLVLgWVpu1dOSbD5zhxQuip6x8X46EWM7P6EzlWDkub8=w800-h500-k-no,50.0460936,19.968238,organizator półkolonii (ta sama firma jest też w swojej kategorii),"akademia piłkarska dla dzieci, Kraków",6,,Pod dachem,Półkolonie – piłka nożna,w środku,,Kraków i okolice,2.8,polkolonie,,
ChIJfzXVQWxdFkcRMdEXdZy-Zw8,"Happy Robot (Warsztaty, Półkolonie, Urodziny Kraków)",Education center,Gwieździsta 7a,Kraków,Kraków,4.7,85,+48 697 571 662,https://happyrobot.pl/,https://lh3.googleusercontent.com/gps-cs-s/AHRPTWl-Ap1JVxfFeWLjShvv8WRMm5c2u_FSRnc6_G9ykVy0_M2zK1-ClvKkcIdevFPkYXQ3g7G2i6LDB7rlcfpr9k76PzhNSzIqpDZP24L_93ssA2Eml97JK-QVgFoWs6X1qEXWetxn4A=w800-h500-k-no,50.01617719999999,19.9067356,,półkolonie kraków,12,,Pod dachem,Półkolonie – robotyka i technika,w środku,,Kraków i okolice,5.5,polkolonie,,
ChIJk-X6PsJFFkcR6OiK3-39LNk,Akademia Sportu i Rozrywki Wyjazdyobozy.pl,Recreation center,Niepokalanej Panny Marii 67,Kraków,Kraków,5,84,+48 730 348 266,https://www.wyjazdyobozy.pl/,https://lh3.googleusercontent.com/gps-cs-s/AHRPTWmdes6Yj0uDI88pu7fz3srZ8ipieCC2cY4iFvvvUqxSQkj5OLFMpgNuXt6nfQX5XMduJCUL-knuPmds5RGwFL2D6PKPKdjY7BjkL0Rtd18xidQOix3v1AkOty3KgiJzV6EFROPt6A=w800-h500-k-no,50.0546527,20.0354373,do weryfikacji (półkolonie?),półkolonie kraków,12,,Pod dachem,Półkolonie – sport,w środku,,Kraków i okolice,7.1,polkolonie,,
ChIJdy3OMVtbFkcRZC2J-03Tv50,Dzieciaki w Formie,Children's camp,Księcia Józefa 54a,Kraków,Kraków,5,4,+48 533 308 286,https://dzieciakiwformie.pl/,https://lh3.googleusercontent.com/gps-cs-s/AHRPTWnWAhyLGjINGZE6n1amfMfVRD6sH3snWXV5pizcSgt97YP11DNUkt9AuWce_Tt1kJgzlbKUitrD-0ZouqlXdoLzRU3irlSuZxYVh0Z33MBJkyOh5shCzGs003uogCwP7r7u_Bop=w800-h500-k-no,50.0469137,19.8892346,,półkolonie kraków,12,,Pod dachem,Półkolonie – sport,w środku,,Kraków i okolice,3.8,polkolonie,,
ChIJN4mbVg9FFkcRCMOqStTklDY,Półkolonia Kraków - Półkolonie sportowe Czyżyny,Sports club,al. Jana Pawła II 37,Kraków,Kraków,5,9,+48 789 652 314,https://polkoloniakrakow.pl/,https://lh3.googleusercontent.com/gps-cs-s/AHRPTWmToxZuuluKqqW55OPQrhOlmx1R5Hx55KmfmfQr80V7Rbqcv-cL21KCROziqybV7QzHEFyAD9TDtKx1Ittfxb5KNx3-TEfKyjihfGZs3VhKk5SKMQhY3NvqZod2qXqxmvTAybSqOgnri_4C=w800-h500-k-no,50.0764619,19.9961118,,półkolonie kraków,12,,Pod dachem,Półkolonie – sport,w środku,,Kraków i okolice,4.5,polkolonie,,
ChIJY29SYm1bFkcRc73h8MSmNuY,Arete Pracownia,Learning center,Podzamcze 26/4,Kraków,Kraków,4.7,19,+48 666 111 120,https://www.facebook.com/profile.php%3Fid%3D100031485381343,https://lh3.googleusercontent.com/gps-cs-s/AHRPTWmxq2XkGMvD8xS2MtXXxHPIWEsJ421YYfS0nRGWdzh32HIabzpV14xMR2bEBp2BIjl80bX3NZWrCpEFt5OVHZsZxiB_eYb-S6pCAwtfhLpU-t4uhXVdPFDazepBzgaUnA4tkg7R=w800-h500-k-no,50.05516249999999,19.9335715,do weryfikacji (półkolonie?),półkolonie kraków,12,,Pod dachem,Półkolonie – nauka i kreatywność,w środku,,Kraków i okolice,0.8,polkolonie,,
ChIJG4XNTMxbFkcRGyoA1C9ppDw,FabLab Małopolska,Education center,Jana i Jędrzeja Śniadeckich 3,Kraków,Kraków,4.8,,+48 665 770 994,https://www.fablabmalopolska.pl/,https://lh3.googleusercontent.com/gps-cs-s/ANWiy9RvlZjbNVusMAE5uIOIYgF1E-zgUVVUXHbQdKfEf2PJ2DwUMfIHjDvkT7-UWcDPvo7-zPgXMo68jjc8u62_j0bjXopupn3y61xdCUSCQulxg70OcNiwgFJZLaFltVYlvEBb_9Vj=w800-h500-k-no,50.0615896,19.9535461,do weryfikacji (półkolonie?),półkolonie kraków,12,,Pod dachem,Półkolonie – robotyka i technika,w środku,,Kraków i okolice,1.2,polkolonie,,
ChIJUdV9FtNaFkcRpP4owym6MM8,KreaTech,Learning center,al. Jana Pawła II 31,Kraków,Kraków,4.5,,,http://kreatech.pl/,https://streetviewpixels-pa.googleapis.com/v1/thumbnail?panoid=7i8sDwjasvs1POu6c7rzwA&cb_client=search.gws-prod.gps&w=800&h=500&yaw=232.18468&pitch=0&thumbfov=100,50.0746172,19.9939405,,półkolonie kraków,12,,Pod dachem,Półkolonie – robotyka i technika,w środku,,Kraków i okolice,4.3,polkolonie,,
ChIJG45469ddFkcRA_FWmyslhW8,Eureka - przyjazna matematyka dla dzieci,Education center,Bułgarska 18/4,Kraków,Kraków,5,29,+48 880 681 681,https://www.eureka-krakow.pl/,https://lh3.googleusercontent.com/gps-cs-s/AHRPTWmgy2XegYbV15meynJo8k1xEZvkJXNtwYp159zNx_h2XhSv6YGhUj8rAmg0zF1vnNUkDncfA8MzJA1BySGnju--4HHxhqE3kgnQ07JBlsQZvJ_JUsOhjRJgdsJ5M02t6AyuYMbR=w800-h500-k-no,50.0271175,19.9179243,do weryfikacji (półkolonie?),półkolonie kraków,12,,Pod dachem,Półkolonie – nauka i kreatywność,w środku,,Kraków i okolice,4.1,polkolonie,,
ChIJ-_qPVBZbFkcRcFT7WW1OmFw,Mały Geniusz półkolonie Kraków,Education center,Wąska 7,Kraków,Kraków,4.9,51,+48 570 113 230,https://malygeniusz.org/polkolonie-w-krakowie/,https://lh3.googleusercontent.com/grass-cs/AABkmLcSisp-Oo0DxZ-iCTTJIWvqe5PJ9ItnCOS8SfsrQ3kR_uDAtSH1V3M3g9ky1538dic6wPcPuxzJnc8OXtao3Vjb8LpGQWdQbjl5QJMF3IqjrCXH2F1e6ABAGHkW5JtYXlDZzYFADw=w800-h500-k-no,50.0509942,19.9471538,,półkolonie kraków,12,,Pod dachem,Półkolonie – nauka i kreatywność,w środku,,Kraków i okolice,1.4,polkolonie,,
zis-orlik-ejerzmanowskiego4,Orlik – E. Jerzmanowskiego 4,Sports field,E. Jerzmanowskiego 4,Kraków,Kraków,,,,,,50.0200094,20.0072287,sprawdzić aktualność (lista ZIS),zis.krakow.pl/krakowskie-orliki,12,,Plener,Boiska i sport na polu,na dworze,,Kraków i okolice,6.8,z-marszu,,Bezpłatne boisko (Zarząd Infrastruktury Sportowej). Dzielnica: Bieżanów-Prokocim. Operator: Klub Sportowy Kolejarz-Prokocim.
zis-orlik-bujaka15,Orlik – Bujaka 15,Sports field,Bujaka 15,Kraków,Kraków,,,,,,50.0104151,19.950663,sprawdzić aktualność (lista ZIS),zis.krakow.pl/krakowskie-orliki,12,,Plener,Boiska i sport na polu,na dworze,,Kraków i okolice,5.8,z-marszu,,Bezpłatne boisko (Zarząd Infrastruktury Sportowej). Dzielnica: Podgórze Duchackie. Operator: Gimnazjum nr 28.
zis-orlik-osnawzgórzach13a,Orlik – os. Na Wzgórzach 13a,Sports field,os. Na Wzgórzach 13a,Kraków,Kraków,,,,,,50.0974303,20.0601192,sprawdzić aktualność (lista ZIS),zis.krakow.pl/krakowskie-orliki,12,,Plener,Boiska i sport na polu,na dworze,,Kraków i okolice,9.6,z-marszu,,Bezpłatne boisko (Zarząd Infrastruktury Sportowej). Dzielnica: Wzgórza Krzesławickie. Operator: Szkoła Podstawowa nr 129.
zis-orlik-oszłotejjesieni16,Orlik – os. Złotej Jesieni 16,Sports field,os. Złotej Jesieni 16,Kraków,Kraków,,,,,,50.0839238,20.0308351,sprawdzić aktualność (lista ZIS),zis.krakow.pl/krakowskie-orliki,12,,Plener,Boiska i sport na polu,na dworze,,Kraków i okolice,7.1,z-marszu,,Bezpłatne boisko (Zarząd Infrastruktury Sportowej). Dzielnica: Bieńczyce. Operator: Zespół Szkół Gastronomicznych nr 1.
zis-orlik-urzędnicza65,Orlik – Urzędnicza 65,Sports field,Urzędnicza 65,Kraków,Kraków,,,,,,50.074109,19.9212643,sprawdzić aktualność (lista ZIS),zis.krakow.pl/krakowskie-orliki,12,,Plener,Boiska i sport na polu,na dworze,,Kraków i okolice,1.8,z-marszu,,Bezpłatne boisko (Zarząd Infrastruktury Sportowej). Dzielnica: Krowodrza. Operator: Szkoła Podstawowa nr 34.
zis-orlik-jaskrowa5,Orlik – Jaskrowa 5,Sports field,Jaskrowa 5,Kraków,Kraków,,,,,,50.1000876,20.1229969,sprawdzić aktualność (lista ZIS),zis.krakow.pl/krakowskie-orliki,12,,Plener,Boiska i sport na polu,na dworze,,Kraków i okolice,13.9,z-marszu,,Bezpłatne boisko (Zarząd Infrastruktury Sportowej). Dzielnica: Wzgórza Krzesławickie. Operator: Szkoła Podstawowa nr 78.
zis-orlik-aldygasińskiego15,Orlik – al. Dygasińskiego 15,Sports field,al. Dygasińskiego 15,Kraków,Kraków,,,,,,50.0223155,19.9860032,sprawdzić aktualność (lista ZIS),zis.krakow.pl/krakowskie-orliki,12,,Plener,Boiska i sport na polu,na dworze,,Kraków i okolice,5.6,z-marszu,,Bezpłatne boisko (Zarząd Infrastruktury Sportowej). Dzielnica: Bieżanów-Prokocim. Operator: Zespół Szkół Ogólnokształcących nr 10.
zis-orlik-forteczna75,Orlik – Forteczna 75,Sports field,Forteczna 75,Kraków,Kraków,,,,,,49.9992833,19.914079,sprawdzić aktualność (lista ZIS),zis.krakow.pl/krakowskie-orliki,12,,Plener,Boiska i sport na polu,na dworze,,Kraków i okolice,7.1,z-marszu,,Bezpłatne boisko (Zarząd Infrastruktury Sportowej). Dzielnica: Swoszowice. Operator: Zespół Szkół Społecznych nr 1.
zis-orlik-nabłonie15b,Orlik – Na Błonie 15b,Sports field,Na Błonie 15b,Kraków,Kraków,,,,,,50.0772953,19.8830247,sprawdzić aktualność (lista ZIS),zis.krakow.pl/krakowskie-orliki,12,,Plener,Boiska i sport na polu,na dworze,,Kraków i okolice,4.2,z-marszu,,Bezpłatne boisko (Zarząd Infrastruktury Sportowej). Dzielnica: Bronowice. Operator: Zespół Szkół Ogólnokształcących nr 8.
zis-orlik-pszczelna13,Orlik – Pszczelna 13,Sports field,Pszczelna 13,Kraków,Kraków,,,,,,50.0259536,19.9158991,sprawdzić aktualność (lista ZIS),zis.krakow.pl/krakowskie-orliki,12,,Plener,Boiska i sport na polu,na dworze,,Kraków i okolice,4.3,z-marszu,,Bezpłatne boisko (Zarząd Infrastruktury Sportowej). Dzielnica: Dębniki. Operator: Szkoła Podstawowa nr 40.
zis-orlik-lipskamyśliwska67,Orlik – Lipska / Myśliwska 67,Sports field,Lipska / Myśliwska 67,Kraków,Kraków,,,,,,50.043904,20.0023814,sprawdzić aktualność (lista ZIS),zis.krakow.pl/krakowskie-orliki,12,,Plener,Boiska i sport na polu,na dworze,,Kraków i okolice,5.1,z-marszu,,Bezpłatne boisko (Zarząd Infrastruktury Sportowej). Dzielnica: Podgórze. Operator: Specjalny Ośrodek Szkolno-Wychowawczy dla Niesłyszących.
zis-orlik-grochowska20,Orlik – Grochowska 20,Sports field,Grochowska 20,Kraków,Kraków,,,,,,50.0736821,19.962448,sprawdzić aktualność (lista ZIS),zis.krakow.pl/krakowskie-orliki,12,,Plener,Boiska i sport na polu,na dworze,,Kraków i okolice,2.2,z-marszu,,Bezpłatne boisko (Zarząd Infrastruktury Sportowej). Dzielnica: Grzegórzki. Operator: Zespół Szkół Ogólnokształcących Mistrzostwa Sportowego.
zis-orlik-strąkowa3a,Orlik – Strąkowa 3a,Sports field,Strąkowa 3a,Kraków,Kraków,,,,,,50.027396,19.9246873,sprawdzić aktualność (lista ZIS),zis.krakow.pl/krakowskie-orliki,12,,Plener,Boiska i sport na polu,na dworze,,Kraków i okolice,3.9,z-marszu,,Bezpłatne boisko (Zarząd Infrastruktury Sportowej). Dzielnica: Łagiewniki – Borek Fałęcki. Operator: Zespół Szkół Ogólnokształcących Integracyjnych nr 3.
zis-orlik-sadzawki1,Orlik – Sadzawki 1,Sports field,Sadzawki 1,Kraków,Kraków,,,,,,50.0822746,19.9756322,sprawdzić aktualność (lista ZIS),zis.krakow.pl/krakowskie-orliki,12,,Plener,Boiska i sport na polu,na dworze,,Kraków i okolice,3.6,z-marszu,,Bezpłatne boisko (Zarząd Infrastruktury Sportowej). Dzielnica: Prądnik Czerwony. Operator: Szkoła Podstawowa nr 64.
ChIJkYXM0cFbFkcRZGaMhXD0t6E,Wheels & Heels – muzeum zabawek,Modern art museum,Kupa 6,Kraków,Kraków,5,3595,+48 725 854 474,https://wheelsandheels.pl/,https://lh3.googleusercontent.com/gps-cs-s/AHRPTWnth_U6kEejJ7xLNJbwC4UrbEZGLE_Wkbgd8aPIrCKl2EXQNgulKLwXMUD3Pe-AtGd13Ve1ZNZ2anGz_CsY_jAqTSvvrjcqU5InpAtYCaY0t_o4-cuF-JSVh1Ve2u-AjThjhCni=w800-h500-k-no,50.0521511,19.9461596,,ręcznie (lista właścicielki),13,,Pod dachem,Muzeum,w środku,,Kraków i okolice,1.2,z-marszu,,Największe muzeum zabawek w Polsce.
ChIJQwJcDH1bFkcRfFWuQ61XwFk,Świat Skrzata – sklep z klockami LEGO,Toy store,Kuźnicy Kołłątajowskiej 13/206 2 Piętro,Kraków,Kraków,5,568,+48 500 596 566,https://swiatskrzata.pl/,https://lh3.googleusercontent.com/grass-cs/ACvplmO2xp-aJHOH1nk3cLHuLdbKyiXrZLw29jZu2LW8e3MdK3U_iKy8nQw5JjEMr6pDhvrf3iybSSvTk24BT24cq4-RJZHywQgxWNy1T0w08azhzoKKXeBwGcdT91L-cwWPIh2UfJ-gFQ=w800-h500-k-no,50.0978268,19.9592967,,ręcznie (lista właścicielki),13,,Pod dachem,Klocki LEGO,w środku,,Kraków i okolice,4.3,z-marszu,,Sklep z klockami LEGO.
ChIJcQN2MXNbFkcRfoysBpKa4Mo,Dom Wiktorii – sklep kolekcjonerski LEGO,Toy store,Felicjanek 16,Kraków,Kraków,4.2,279,+48 501 203 322,http://www.domwiktorii.pl/,https://lh3.googleusercontent.com/gps-cs-s/ANWiy9TTlidLmiO3Px-H7ru6G9N8DXaEfMJ-7OVEsXiDZED8vmW6Rpr90wvK1EEFNr8NYoQeI8TlqW_dVtzpbCFLZTfZy2E_Fn3L0kuxBBwQjeDgbcK_slTVloGJWJ8xFw4ztP3gqABV=w800-h500-k-no,50.0572895,19.9296512,,ręcznie (lista właścicielki),13,,Pod dachem,Klocki LEGO,w środku,,Kraków i okolice,0.7,z-marszu,,Sklep dla kolekcjonerów klocków LEGO.
ChIJDQTPw-dbFkcR2dKLilHjVeg,Bricks & Figs – muzeum klocków LEGO,Toy museum,Jana Henryka Dąbrowskiego 20,Kraków,Kraków,4.9,6265,+48 577 977 545,https://bricksandfigs.pl/,https://lh3.googleusercontent.com/grass-cs/AABkmLfJy1gjFLiHuS0q74j17uXoj1zEWOzvMcTLiutPJL9vqqt5rCh5UrcDYpOK0C9dkZeC-stYUMqVE8HVzmtYAM5-6eJPNo0Rg0q46ILzMVcV62AxO7tehePvWeAgKTAid-S6rSGVAA=w800-h500-k-no,50.0447488,19.9599675,,ręcznie (lista właścicielki),13,,Pod dachem,Klocki LEGO,w środku,,Kraków i okolice,2.5,z-marszu,,Muzeum klocków LEGO.
ChIJH7Zr9AFbFkcRhcmtXM3iTk0,Centrum Klocków – sklep z używanymi klockami,Toy store,Senatorska 26/8a,Kraków,Kraków,4.7,64,+48 535 609 304,http://www.centrumklockow.pl/,https://lh3.googleusercontent.com/gps-cs-s/AHRPTWnK_pdmuOylM_TYGy6HLecra4EEopQpbE-C2XsoqhldBrWgAUJW2FTAmquwdO3vVMnGfLq1brW7750SH9WnLYqeD0keLICPje4w7NvzsXCiuDO_TBwMKqRI9hh1oVz_zHIUDE3v=w800-h500-k-no,50.0533979,19.9176926,,ręcznie (lista właścicielki),13,,Pod dachem,Klocki LEGO,w środku,,Kraków i okolice,1.7,z-marszu,,Sklep z używanymi klockami.
ChIJYx3E6KlbFkcRz-PJ9_komgw,Teatr KTO,Performing arts theater,Jana Zamoyskiego 50,Kraków,Kraków,4.8,392,+48 12 633 89 47,https://teatrkto.pl/,https://lh3.googleusercontent.com/gps-cs-s/AHRPTWlJ_9HQAlwXNXsBrepPts0JHMNGAAN0rp2UO2VX9CsF2KMJcTiq2h3woAWBZrsmMg7jAu7TmwGSMoTR6Lp1vzhVtn0STdDqlszgAC4nEr8pRalcIgYBUW6nOZm-DKVJc40seafP=w800-h500-k-no,50.0404575,19.9440427,,ręcznie (z biletomat.pl),14,,Pod dachem,Teatr,w środku,tak,Kraków i okolice,2.4,z-marszu,,Teatr ulicy i teatr dla dzieci.
ChIJGf6tiYFbFkcRt6BErdW4Ow0,Teatr Figur,Performing arts theater,Sławkowska 14,Kraków,Kraków,4.8,66,,http://teatrfigur.pl/,https://lh3.googleusercontent.com/gps-cs-s/AHRPTWnzoY2_5xZSVKYozLiMqtAqqgDkunX8cswF6givom-cRHmrX-IgeB1fphkJFLh0hVGN1-xlgwP0jiIV_ivZsDhbuY4hjh1ygck-GC5dRyf053-uetNbGKZ6vJ3Nc0Dhsxln4ZeSbdQJvv9K=w800-h500-k-no,50.0639853,19.9375182,"sprawdzić nazwę: na biletomat.pl jako „Teatr Figurki""",ręcznie (z biletomat.pl),14,,Pod dachem,Teatr,w środku,tak,Kraków i okolice,0.3,z-marszu,,
manual-studio-koncertowe-radia-krakow,Studio Koncertowe Radia Kraków im. R. Bobrowskiej,Concert hall,,Kraków,Kraków,,,,https://www.radiokrakow.pl/,https://lh3.googleusercontent.com/grass-cs/AABkmLci4th5N5-nyGh4YwmT4Ok8qjVM-WEeSGkYhkdbowyvrmoPg9J--5vcC5_uUfJ0xXsCCFY_ZOoBuXDmp2PLD_FVN-s-EkBrIDi9nVmGAtnbmelRBu9vSWeHodWb3ZYLQAJ9CR4Aww=w800-h500-k-no,50.0714833,19.928543,adres do weryfikacji (współrzędne z siedziby Radia Kraków),ręcznie (z biletomat.pl),14,,Pod dachem,Koncerty dla dzieci,w środku,tak,Kraków i okolice,1.3,z-marszu,,"Koncerty dla dzieci, m.in. Akademia Pani Nutki i Pani Baletki."
osm-way-1558305077,Skatepark i pumptrack – Zamoście,Skate park,Topolowa,Zabierzów,Zabierzów,,,,,,50.1094479,19.8149765,,,15,,Plener,Boiska i sport na polu,na dworze,,Kraków i okolice,10.2,z-marszu,,
osm-way-481435576,Pumptrack – Park Lotników,Sports field,Aleja Jana Pawła II,Kraków,Kraków,,,,,,50.0720131,19.9879042,,,15,,Plener,Boiska i sport na polu,na dworze,,Kraków i okolice,3.8,z-marszu,,
osm-relation-20406091,Pumptrack – Sołtysowska,Sports field,Sołtysowska,Kraków,Kraków,,,,,,50.0658816,20.0145899,,,15,,Plener,Boiska i sport na polu,na dworze,,Kraków i okolice,5.5,z-marszu,,
osm-way-1290177325,Pumptrack – Wieliczka,Sports field,Za Torem,Wieliczka,Wieliczka,,,,,,49.9964619,20.0449960,,,15,,Plener,Boiska i sport na polu,na dworze,,Kraków i okolice,10.6,z-marszu,,
osm-way-1314213784,MTB Dirt Park – Tyniec,Sports field,Bagienna,Kraków,Kraków,,,,,,50.0048463,19.8288645,,,15,,Plener,Boiska i sport na polu,na dworze,,Kraków i okolice,10.0,z-marszu,,
osm-way-1176862633,Skatepark – Swoszowice,Skate park,Jerzego Smoleńskiego,Kraków,Kraków,,,,,,49.9954091,19.9285231,,,15,,Plener,Boiska i sport na polu,na dworze,,Kraków i okolice,7.4,z-marszu,,
osm-way-734725720,Skatepark – Wieliczka,Skate park,Józefa Jedynaka,Wieliczka,Wieliczka,,,,,,49.9834156,20.0408249,,,15,,Plener,Boiska i sport na polu,na dworze,,Kraków i okolice,11.4,z-marszu,,
